tax_id,parent_id,rank,tax_name,root,rank_0,rank_1,rank_2
Root,Root,root,Root,Root,,,
f__A,Root,rank_0,f__A,Root,f__A,,
g__A10,f__A,rank_1,g__A10,Root,f__A,g__A10,
s__A10,g__A10,rank_2,s__A10,Root,f__A,g__A10,s__A10
s__A10a,g__A10,rank_2,s__A10a,Root,f__A,g__A10,s__A10a
s__A10b,g__A10,rank_2,s__A10b,Root,f__A,g__A10,s__A10b
g__A11,f__A,rank_1,g__A11,Root,f__A,g__A11,
s__A11,g__A11,rank_2,s__A11,Root,f__A,g__A11,s__A11
s__A11a,g__A11,rank_2,s__A11a,Root,f__A,g__A11,s__A11a
g__A12,f__A,rank_1,g__A12,Root,f__A,g__A12,
s__A12,g__A12,rank_2,s__A12,Root,f__A,g__A12,s__A12
g__A1,f__A,rank_1,g__A1,Root,f__A,g__A1,
s__A1.2/A1kv,g__A1,rank_2,s__A1.2/A1kv,Root,f__A,g__A1,s__A1.2/A1kv
g__A13,f__A,rank_1,g__A13,Root,f__A,g__A13,
s__A13,g__A13,rank_2,s__A13,Root,f__A,g__A13,s__A13
s__A13a,g__A13,rank_2,s__A13a,Root,f__A,g__A13,s__A13a
s__A13b,g__A13,rank_2,s__A13b,Root,f__A,g__A13,s__A13b
s__A13c,g__A13,rank_2,s__A13c,Root,f__A,g__A13,s__A13c
s__A13e,g__A13,rank_2,s__A13e,Root,f__A,g__A13,s__A13e
s__A13f,g__A13,rank_2,s__A13f,Root,f__A,g__A13,s__A13f
s__A13g,g__A13,rank_2,s__A13g,Root,f__A,g__A13,s__A13g
s__A13i,g__A13,rank_2,s__A13i,Root,f__A,g__A13,s__A13i
s__A13j,g__A13,rank_2,s__A13j,Root,f__A,g__A13,s__A13j
g__A14,f__A,rank_1,g__A14,Root,f__A,g__A14,
s__A14,g__A14,rank_2,s__A14,Root,f__A,g__A14,s__A14
g__A15,f__A,rank_1,g__A15,Root,f__A,g__A15,
s__A15,g__A15,rank_2,s__A15,Root,f__A,g__A15,s__A15
s__A15a,g__A15,rank_2,s__A15a,Root,f__A,g__A15,s__A15a
s__A15c,g__A15,rank_2,s__A15c,Root,f__A,g__A15,s__A15c
g__A16,f__A,rank_1,g__A16,Root,f__A,g__A16,
s__A16a,g__A16,rank_2,s__A16a,Root,f__A,g__A16,s__A16a
s__A16ab,g__A16,rank_2,s__A16ab,Root,f__A,g__A16,s__A16ab
s__A16ac,g__A16,rank_2,s__A16ac,Root,f__A,g__A16,s__A16ac
s__A16ad,g__A16,rank_2,s__A16ad,Root,f__A,g__A16,s__A16ad
s__A16ae,g__A16,rank_2,s__A16ae,Root,f__A,g__A16,s__A16ae
s__A16af,g__A16,rank_2,s__A16af,Root,f__A,g__A16,s__A16af
s__A16ag,g__A16,rank_2,s__A16ag,Root,f__A,g__A16,s__A16ag
s__A16ah,g__A16,rank_2,s__A16ah,Root,f__A,g__A16,s__A16ah
s__A16ai,g__A16,rank_2,s__A16ai,Root,f__A,g__A16,s__A16ai
s__A16aj,g__A16,rank_2,s__A16aj,Root,f__A,g__A16,s__A16aj
s__A16ak,g__A16,rank_2,s__A16ak,Root,f__A,g__A16,s__A16ak
s__A16al,g__A16,rank_2,s__A16al,Root,f__A,g__A16,s__A16al
s__A16am,g__A16,rank_2,s__A16am,Root,f__A,g__A16,s__A16am
s__A16an,g__A16,rank_2,s__A16an,Root,f__A,g__A16,s__A16an
s__A16ao,g__A16,rank_2,s__A16ao,Root,f__A,g__A16,s__A16ao
s__A16ap,g__A16,rank_2,s__A16ap,Root,f__A,g__A16,s__A16ap
s__A16aq,g__A16,rank_2,s__A16aq,Root,f__A,g__A16,s__A16aq
s__A16ar,g__A16,rank_2,s__A16ar,Root,f__A,g__A16,s__A16ar
s__A16au,g__A16,rank_2,s__A16au,Root,f__A,g__A16,s__A16au
s__A16av,g__A16,rank_2,s__A16av,Root,f__A,g__A16,s__A16av
s__A16aw,g__A16,rank_2,s__A16aw,Root,f__A,g__A16,s__A16aw
s__A16ax,g__A16,rank_2,s__A16ax,Root,f__A,g__A16,s__A16ax
s__A16az,g__A16,rank_2,s__A16az,Root,f__A,g__A16,s__A16az
s__A16ba,g__A16,rank_2,s__A16ba,Root,f__A,g__A16,s__A16ba
s__A16bb,g__A16,rank_2,s__A16bb,Root,f__A,g__A16,s__A16bb
s__A16bc,g__A16,rank_2,s__A16bc,Root,f__A,g__A16,s__A16bc
s__A16bd,g__A16,rank_2,s__A16bd,Root,f__A,g__A16,s__A16bd
s__A16c,g__A16,rank_2,s__A16c,Root,f__A,g__A16,s__A16c
s__A16d,g__A16,rank_2,s__A16d,Root,f__A,g__A16,s__A16d
s__A16e,g__A16,rank_2,s__A16e,Root,f__A,g__A16,s__A16e
s__A16f,g__A16,rank_2,s__A16f,Root,f__A,g__A16,s__A16f
s__A16g,g__A16,rank_2,s__A16g,Root,f__A,g__A16,s__A16g
s__A16h,g__A16,rank_2,s__A16h,Root,f__A,g__A16,s__A16h
s__A16i,g__A16,rank_2,s__A16i,Root,f__A,g__A16,s__A16i
s__A16j,g__A16,rank_2,s__A16j,Root,f__A,g__A16,s__A16j
s__A16k,g__A16,rank_2,s__A16k,Root,f__A,g__A16,s__A16k
s__A16l,g__A16,rank_2,s__A16l,Root,f__A,g__A16,s__A16l
s__A16m,g__A16,rank_2,s__A16m,Root,f__A,g__A16,s__A16m
s__A16n,g__A16,rank_2,s__A16n,Root,f__A,g__A16,s__A16n
s__A16o,g__A16,rank_2,s__A16o,Root,f__A,g__A16,s__A16o
s__A16p,g__A16,rank_2,s__A16p,Root,f__A,g__A16,s__A16p
s__A16q,g__A16,rank_2,s__A16q,Root,f__A,g__A16,s__A16q
s__A16s,g__A16,rank_2,s__A16s,Root,f__A,g__A16,s__A16s
s__A16t,g__A16,rank_2,s__A16t,Root,f__A,g__A16,s__A16t
s__A16u,g__A16,rank_2,s__A16u,Root,f__A,g__A16,s__A16u
s__A16v,g__A16,rank_2,s__A16v,Root,f__A,g__A16,s__A16v
s__A16w,g__A16,rank_2,s__A16w,Root,f__A,g__A16,s__A16w
s__A16y,g__A16,rank_2,s__A16y,Root,f__A,g__A16,s__A16y
s__A16z,g__A16,rank_2,s__A16z,Root,f__A,g__A16,s__A16z
s__A1a,g__A1,rank_2,s__A1a,Root,f__A,g__A1,s__A1a
s__A1aa,g__A1,rank_2,s__A1aa,Root,f__A,g__A1,s__A1aa
s__A1ad,g__A1,rank_2,s__A1ad,Root,f__A,g__A1,s__A1ad
s__A1ae,g__A1,rank_2,s__A1ae,Root,f__A,g__A1,s__A1ae
s__A1af,g__A1,rank_2,s__A1af,Root,f__A,g__A1,s__A1af
s__A1ag,g__A1,rank_2,s__A1ag,Root,f__A,g__A1,s__A1ag
s__A1aj,g__A1,rank_2,s__A1aj,Root,f__A,g__A1,s__A1aj
s__A1ak,g__A1,rank_2,s__A1ak,Root,f__A,g__A1,s__A1ak
s__A1al,g__A1,rank_2,s__A1al,Root,f__A,g__A1,s__A1al
s__A1an,g__A1,rank_2,s__A1an,Root,f__A,g__A1,s__A1an
s__A1ao,g__A1,rank_2,s__A1ao,Root,f__A,g__A1,s__A1ao
s__A1ap,g__A1,rank_2,s__A1ap,Root,f__A,g__A1,s__A1ap
s__A1aq,g__A1,rank_2,s__A1aq,Root,f__A,g__A1,s__A1aq
s__A1ar,g__A1,rank_2,s__A1ar,Root,f__A,g__A1,s__A1ar
s__A1as,g__A1,rank_2,s__A1as,Root,f__A,g__A1,s__A1as
s__A1at,g__A1,rank_2,s__A1at,Root,f__A,g__A1,s__A1at
s__A1au,g__A1,rank_2,s__A1au,Root,f__A,g__A1,s__A1au
s__A1av,g__A1,rank_2,s__A1av,Root,f__A,g__A1,s__A1av
s__A1ax,g__A1,rank_2,s__A1ax,Root,f__A,g__A1,s__A1ax
s__A1az,g__A1,rank_2,s__A1az,Root,f__A,g__A1,s__A1az
s__A1b,g__A1,rank_2,s__A1b,Root,f__A,g__A1,s__A1b
s__A1bb,g__A1,rank_2,s__A1bb,Root,f__A,g__A1,s__A1bb
s__A1bc,g__A1,rank_2,s__A1bc,Root,f__A,g__A1,s__A1bc
s__A1bd,g__A1,rank_2,s__A1bd,Root,f__A,g__A1,s__A1bd
s__A1be,g__A1,rank_2,s__A1be,Root,f__A,g__A1,s__A1be
s__A1bf,g__A1,rank_2,s__A1bf,Root,f__A,g__A1,s__A1bf
s__A1bg,g__A1,rank_2,s__A1bg,Root,f__A,g__A1,s__A1bg
s__A1bi,g__A1,rank_2,s__A1bi,Root,f__A,g__A1,s__A1bi
s__A1bj,g__A1,rank_2,s__A1bj,Root,f__A,g__A1,s__A1bj
s__A1bk,g__A1,rank_2,s__A1bk,Root,f__A,g__A1,s__A1bk
s__A1bl,g__A1,rank_2,s__A1bl,Root,f__A,g__A1,s__A1bl
s__A1bm,g__A1,rank_2,s__A1bm,Root,f__A,g__A1,s__A1bm
s__A1bn,g__A1,rank_2,s__A1bn,Root,f__A,g__A1,s__A1bn
s__A1bo,g__A1,rank_2,s__A1bo,Root,f__A,g__A1,s__A1bo
s__A1bp,g__A1,rank_2,s__A1bp,Root,f__A,g__A1,s__A1bp
s__A1bq,g__A1,rank_2,s__A1bq,Root,f__A,g__A1,s__A1bq
s__A1br,g__A1,rank_2,s__A1br,Root,f__A,g__A1,s__A1br
s__A1bs,g__A1,rank_2,s__A1bs,Root,f__A,g__A1,s__A1bs
s__A1bt,g__A1,rank_2,s__A1bt,Root,f__A,g__A1,s__A1bt
s__A1bu,g__A1,rank_2,s__A1bu,Root,f__A,g__A1,s__A1bu
s__A1bv,g__A1,rank_2,s__A1bv,Root,f__A,g__A1,s__A1bv
s__A1bw,g__A1,rank_2,s__A1bw,Root,f__A,g__A1,s__A1bw
s__A1bx,g__A1,rank_2,s__A1bx,Root,f__A,g__A1,s__A1bx
s__A1by,g__A1,rank_2,s__A1by,Root,f__A,g__A1,s__A1by
s__A1bz,g__A1,rank_2,s__A1bz,Root,f__A,g__A1,s__A1bz
s__A1ca,g__A1,rank_2,s__A1ca,Root,f__A,g__A1,s__A1ca
s__A1cc,g__A1,rank_2,s__A1cc,Root,f__A,g__A1,s__A1cc
s__A1cd,g__A1,rank_2,s__A1cd,Root,f__A,g__A1,s__A1cd
s__A1cf,g__A1,rank_2,s__A1cf,Root,f__A,g__A1,s__A1cf
s__A1ci,g__A1,rank_2,s__A1ci,Root,f__A,g__A1,s__A1ci
s__A1ck,g__A1,rank_2,s__A1ck,Root,f__A,g__A1,s__A1ck
s__A1cm,g__A1,rank_2,s__A1cm,Root,f__A,g__A1,s__A1cm
s__A1cp,g__A1,rank_2,s__A1cp,Root,f__A,g__A1,s__A1cp
s__A1cq,g__A1,rank_2,s__A1cq,Root,f__A,g__A1,s__A1cq
s__A1cr,g__A1,rank_2,s__A1cr,Root,f__A,g__A1,s__A1cr
s__A1ct,g__A1,rank_2,s__A1ct,Root,f__A,g__A1,s__A1ct
s__A1cu,g__A1,rank_2,s__A1cu,Root,f__A,g__A1,s__A1cu
s__A1cv,g__A1,rank_2,s__A1cv,Root,f__A,g__A1,s__A1cv
s__A1cw,g__A1,rank_2,s__A1cw,Root,f__A,g__A1,s__A1cw
s__A1cy,g__A1,rank_2,s__A1cy,Root,f__A,g__A1,s__A1cy
s__A1d,g__A1,rank_2,s__A1d,Root,f__A,g__A1,s__A1d
s__A1db,g__A1,rank_2,s__A1db,Root,f__A,g__A1,s__A1db
s__A1dc,g__A1,rank_2,s__A1dc,Root,f__A,g__A1,s__A1dc
s__A1dd,g__A1,rank_2,s__A1dd,Root,f__A,g__A1,s__A1dd
s__A1de,g__A1,rank_2,s__A1de,Root,f__A,g__A1,s__A1de
s__A1dh,g__A1,rank_2,s__A1dh,Root,f__A,g__A1,s__A1dh
s__A1di,g__A1,rank_2,s__A1di,Root,f__A,g__A1,s__A1di
s__A1dj,g__A1,rank_2,s__A1dj,Root,f__A,g__A1,s__A1dj
s__A1dk,g__A1,rank_2,s__A1dk,Root,f__A,g__A1,s__A1dk
s__A1dn,g__A1,rank_2,s__A1dn,Root,f__A,g__A1,s__A1dn
s__A1do,g__A1,rank_2,s__A1do,Root,f__A,g__A1,s__A1do
s__A1dp,g__A1,rank_2,s__A1dp,Root,f__A,g__A1,s__A1dp
s__A1dq,g__A1,rank_2,s__A1dq,Root,f__A,g__A1,s__A1dq
s__A1du,g__A1,rank_2,s__A1du,Root,f__A,g__A1,s__A1du
s__A1dv,g__A1,rank_2,s__A1dv,Root,f__A,g__A1,s__A1dv
s__A1dw,g__A1,rank_2,s__A1dw,Root,f__A,g__A1,s__A1dw
s__A1dy,g__A1,rank_2,s__A1dy,Root,f__A,g__A1,s__A1dy
s__A1dz,g__A1,rank_2,s__A1dz,Root,f__A,g__A1,s__A1dz
s__A1e,g__A1,rank_2,s__A1e,Root,f__A,g__A1,s__A1e
s__A1ea,g__A1,rank_2,s__A1ea,Root,f__A,g__A1,s__A1ea
s__A1eb,g__A1,rank_2,s__A1eb,Root,f__A,g__A1,s__A1eb
s__A1ec,g__A1,rank_2,s__A1ec,Root,f__A,g__A1,s__A1ec
s__A1ed,g__A1,rank_2,s__A1ed,Root,f__A,g__A1,s__A1ed
s__A1ee,g__A1,rank_2,s__A1ee,Root,f__A,g__A1,s__A1ee
s__A1ef,g__A1,rank_2,s__A1ef,Root,f__A,g__A1,s__A1ef
s__A1eg,g__A1,rank_2,s__A1eg,Root,f__A,g__A1,s__A1eg
s__A1ei,g__A1,rank_2,s__A1ei,Root,f__A,g__A1,s__A1ei
s__A1ej,g__A1,rank_2,s__A1ej,Root,f__A,g__A1,s__A1ej
s__A1em,g__A1,rank_2,s__A1em,Root,f__A,g__A1,s__A1em
s__A1eo,g__A1,rank_2,s__A1eo,Root,f__A,g__A1,s__A1eo
s__A1ep,g__A1,rank_2,s__A1ep,Root,f__A,g__A1,s__A1ep
s__A1eq,g__A1,rank_2,s__A1eq,Root,f__A,g__A1,s__A1eq
s__A1es,g__A1,rank_2,s__A1es,Root,f__A,g__A1,s__A1es
s__A1et,g__A1,rank_2,s__A1et,Root,f__A,g__A1,s__A1et
s__A1eu,g__A1,rank_2,s__A1eu,Root,f__A,g__A1,s__A1eu
s__A1ev,g__A1,rank_2,s__A1ev,Root,f__A,g__A1,s__A1ev
s__A1ew,g__A1,rank_2,s__A1ew,Root,f__A,g__A1,s__A1ew
s__A1ey,g__A1,rank_2,s__A1ey,Root,f__A,g__A1,s__A1ey
s__A1f,g__A1,rank_2,s__A1f,Root,f__A,g__A1,s__A1f
s__A1fa,g__A1,rank_2,s__A1fa,Root,f__A,g__A1,s__A1fa
s__A1fb,g__A1,rank_2,s__A1fb,Root,f__A,g__A1,s__A1fb
s__A1fc,g__A1,rank_2,s__A1fc,Root,f__A,g__A1,s__A1fc
s__A1fd,g__A1,rank_2,s__A1fd,Root,f__A,g__A1,s__A1fd
s__A1fe,g__A1,rank_2,s__A1fe,Root,f__A,g__A1,s__A1fe
s__A1ff,g__A1,rank_2,s__A1ff,Root,f__A,g__A1,s__A1ff
s__A1fg,g__A1,rank_2,s__A1fg,Root,f__A,g__A1,s__A1fg
s__A1fh,g__A1,rank_2,s__A1fh,Root,f__A,g__A1,s__A1fh
s__A1fi,g__A1,rank_2,s__A1fi,Root,f__A,g__A1,s__A1fi
s__A1fj,g__A1,rank_2,s__A1fj,Root,f__A,g__A1,s__A1fj
s__A1fk,g__A1,rank_2,s__A1fk,Root,f__A,g__A1,s__A1fk
s__A1fm,g__A1,rank_2,s__A1fm,Root,f__A,g__A1,s__A1fm
s__A1fn,g__A1,rank_2,s__A1fn,Root,f__A,g__A1,s__A1fn
s__A1fo,g__A1,rank_2,s__A1fo,Root,f__A,g__A1,s__A1fo
s__A1fp,g__A1,rank_2,s__A1fp,Root,f__A,g__A1,s__A1fp
s__A1fq,g__A1,rank_2,s__A1fq,Root,f__A,g__A1,s__A1fq
s__A1fr,g__A1,rank_2,s__A1fr,Root,f__A,g__A1,s__A1fr
s__A1fs,g__A1,rank_2,s__A1fs,Root,f__A,g__A1,s__A1fs
s__A1ft,g__A1,rank_2,s__A1ft,Root,f__A,g__A1,s__A1ft
s__A1fu,g__A1,rank_2,s__A1fu,Root,f__A,g__A1,s__A1fu
s__A1fw,g__A1,rank_2,s__A1fw,Root,f__A,g__A1,s__A1fw
s__A1fx,g__A1,rank_2,s__A1fx,Root,f__A,g__A1,s__A1fx
s__A1fy,g__A1,rank_2,s__A1fy,Root,f__A,g__A1,s__A1fy
s__A1fz,g__A1,rank_2,s__A1fz,Root,f__A,g__A1,s__A1fz
s__A1g,g__A1,rank_2,s__A1g,Root,f__A,g__A1,s__A1g
s__A1ga,g__A1,rank_2,s__A1ga,Root,f__A,g__A1,s__A1ga
s__A1gb,g__A1,rank_2,s__A1gb,Root,f__A,g__A1,s__A1gb
s__A1gc,g__A1,rank_2,s__A1gc,Root,f__A,g__A1,s__A1gc
s__A1gd,g__A1,rank_2,s__A1gd,Root,f__A,g__A1,s__A1gd
s__A1gf,g__A1,rank_2,s__A1gf,Root,f__A,g__A1,s__A1gf
s__A1gg,g__A1,rank_2,s__A1gg,Root,f__A,g__A1,s__A1gg
s__A1gh,g__A1,rank_2,s__A1gh,Root,f__A,g__A1,s__A1gh
s__A1gk,g__A1,rank_2,s__A1gk,Root,f__A,g__A1,s__A1gk
s__A1gl,g__A1,rank_2,s__A1gl,Root,f__A,g__A1,s__A1gl
s__A1gm,g__A1,rank_2,s__A1gm,Root,f__A,g__A1,s__A1gm
s__A1gn,g__A1,rank_2,s__A1gn,Root,f__A,g__A1,s__A1gn
s__A1go,g__A1,rank_2,s__A1go,Root,f__A,g__A1,s__A1go
s__A1gp,g__A1,rank_2,s__A1gp,Root,f__A,g__A1,s__A1gp
s__A1gq,g__A1,rank_2,s__A1gq,Root,f__A,g__A1,s__A1gq
s__A1gs,g__A1,rank_2,s__A1gs,Root,f__A,g__A1,s__A1gs
s__A1gt,g__A1,rank_2,s__A1gt,Root,f__A,g__A1,s__A1gt
s__A1gu,g__A1,rank_2,s__A1gu,Root,f__A,g__A1,s__A1gu
s__A1gw,g__A1,rank_2,s__A1gw,Root,f__A,g__A1,s__A1gw
s__A1gx,g__A1,rank_2,s__A1gx,Root,f__A,g__A1,s__A1gx
s__A1gy,g__A1,rank_2,s__A1gy,Root,f__A,g__A1,s__A1gy
s__A1gz,g__A1,rank_2,s__A1gz,Root,f__A,g__A1,s__A1gz
s__A1h,g__A1,rank_2,s__A1h,Root,f__A,g__A1,s__A1h
s__A1ha,g__A1,rank_2,s__A1ha,Root,f__A,g__A1,s__A1ha
s__A1hb,g__A1,rank_2,s__A1hb,Root,f__A,g__A1,s__A1hb
s__A1hc,g__A1,rank_2,s__A1hc,Root,f__A,g__A1,s__A1hc
s__A1hd,g__A1,rank_2,s__A1hd,Root,f__A,g__A1,s__A1hd
s__A1he,g__A1,rank_2,s__A1he,Root,f__A,g__A1,s__A1he
s__A1hf,g__A1,rank_2,s__A1hf,Root,f__A,g__A1,s__A1hf
s__A1hg,g__A1,rank_2,s__A1hg,Root,f__A,g__A1,s__A1hg
s__A1hh,g__A1,rank_2,s__A1hh,Root,f__A,g__A1,s__A1hh
s__A1hi,g__A1,rank_2,s__A1hi,Root,f__A,g__A1,s__A1hi
s__A1hj,g__A1,rank_2,s__A1hj,Root,f__A,g__A1,s__A1hj
s__A1hk,g__A1,rank_2,s__A1hk,Root,f__A,g__A1,s__A1hk
s__A1hm,g__A1,rank_2,s__A1hm,Root,f__A,g__A1,s__A1hm
s__A1hn,g__A1,rank_2,s__A1hn,Root,f__A,g__A1,s__A1hn
s__A1ho,g__A1,rank_2,s__A1ho,Root,f__A,g__A1,s__A1ho
s__A1hp,g__A1,rank_2,s__A1hp,Root,f__A,g__A1,s__A1hp
s__A1hq,g__A1,rank_2,s__A1hq,Root,f__A,g__A1,s__A1hq
s__A1hr,g__A1,rank_2,s__A1hr,Root,f__A,g__A1,s__A1hr
s__A1hs,g__A1,rank_2,s__A1hs,Root,f__A,g__A1,s__A1hs
s__A1ht,g__A1,rank_2,s__A1ht,Root,f__A,g__A1,s__A1ht
s__A1hu,g__A1,rank_2,s__A1hu,Root,f__A,g__A1,s__A1hu
s__A1hv,g__A1,rank_2,s__A1hv,Root,f__A,g__A1,s__A1hv
s__A1hw,g__A1,rank_2,s__A1hw,Root,f__A,g__A1,s__A1hw
s__A1hy,g__A1,rank_2,s__A1hy,Root,f__A,g__A1,s__A1hy
s__A1i,g__A1,rank_2,s__A1i,Root,f__A,g__A1,s__A1i
s__A1ia,g__A1,rank_2,s__A1ia,Root,f__A,g__A1,s__A1ia
s__A1ib,g__A1,rank_2,s__A1ib,Root,f__A,g__A1,s__A1ib
s__A1id,g__A1,rank_2,s__A1id,Root,f__A,g__A1,s__A1id
s__A1ie,g__A1,rank_2,s__A1ie,Root,f__A,g__A1,s__A1ie
s__A1if,g__A1,rank_2,s__A1if,Root,f__A,g__A1,s__A1if
s__A1ig,g__A1,rank_2,s__A1ig,Root,f__A,g__A1,s__A1ig
s__A1ih,g__A1,rank_2,s__A1ih,Root,f__A,g__A1,s__A1ih
s__A1ii,g__A1,rank_2,s__A1ii,Root,f__A,g__A1,s__A1ii
s__A1ij,g__A1,rank_2,s__A1ij,Root,f__A,g__A1,s__A1ij
s__A1il,g__A1,rank_2,s__A1il,Root,f__A,g__A1,s__A1il
s__A1im,g__A1,rank_2,s__A1im,Root,f__A,g__A1,s__A1im
s__A1ip,g__A1,rank_2,s__A1ip,Root,f__A,g__A1,s__A1ip
s__A1iq,g__A1,rank_2,s__A1iq,Root,f__A,g__A1,s__A1iq
s__A1ir,g__A1,rank_2,s__A1ir,Root,f__A,g__A1,s__A1ir
s__A1is,g__A1,rank_2,s__A1is,Root,f__A,g__A1,s__A1is
s__A1it,g__A1,rank_2,s__A1it,Root,f__A,g__A1,s__A1it
s__A1iu,g__A1,rank_2,s__A1iu,Root,f__A,g__A1,s__A1iu
s__A1iv,g__A1,rank_2,s__A1iv,Root,f__A,g__A1,s__A1iv
s__A1iw,g__A1,rank_2,s__A1iw,Root,f__A,g__A1,s__A1iw
s__A1ix,g__A1,rank_2,s__A1ix,Root,f__A,g__A1,s__A1ix
s__A1ja,g__A1,rank_2,s__A1ja,Root,f__A,g__A1,s__A1ja
s__A1jb,g__A1,rank_2,s__A1jb,Root,f__A,g__A1,s__A1jb
s__A1jc,g__A1,rank_2,s__A1jc,Root,f__A,g__A1,s__A1jc
s__A1jd,g__A1,rank_2,s__A1jd,Root,f__A,g__A1,s__A1jd
s__A1je,g__A1,rank_2,s__A1je,Root,f__A,g__A1,s__A1je
s__A1jg,g__A1,rank_2,s__A1jg,Root,f__A,g__A1,s__A1jg
s__A1jh,g__A1,rank_2,s__A1jh,Root,f__A,g__A1,s__A1jh
s__A1ji,g__A1,rank_2,s__A1ji,Root,f__A,g__A1,s__A1ji
s__A1jj,g__A1,rank_2,s__A1jj,Root,f__A,g__A1,s__A1jj
s__A1jk,g__A1,rank_2,s__A1jk,Root,f__A,g__A1,s__A1jk
s__A1jl,g__A1,rank_2,s__A1jl,Root,f__A,g__A1,s__A1jl
s__A1jm,g__A1,rank_2,s__A1jm,Root,f__A,g__A1,s__A1jm
s__A1jn,g__A1,rank_2,s__A1jn,Root,f__A,g__A1,s__A1jn
s__A1jo,g__A1,rank_2,s__A1jo,Root,f__A,g__A1,s__A1jo
s__A1jp,g__A1,rank_2,s__A1jp,Root,f__A,g__A1,s__A1jp
s__A1jq,g__A1,rank_2,s__A1jq,Root,f__A,g__A1,s__A1jq
s__A1jr,g__A1,rank_2,s__A1jr,Root,f__A,g__A1,s__A1jr
s__A1js,g__A1,rank_2,s__A1js,Root,f__A,g__A1,s__A1js
s__A1jt,g__A1,rank_2,s__A1jt,Root,f__A,g__A1,s__A1jt
s__A1ju,g__A1,rank_2,s__A1ju,Root,f__A,g__A1,s__A1ju
s__A1jv,g__A1,rank_2,s__A1jv,Root,f__A,g__A1,s__A1jv
s__A1jw,g__A1,rank_2,s__A1jw,Root,f__A,g__A1,s__A1jw
s__A1jx,g__A1,rank_2,s__A1jx,Root,f__A,g__A1,s__A1jx
s__A1jy,g__A1,rank_2,s__A1jy,Root,f__A,g__A1,s__A1jy
s__A1jz,g__A1,rank_2,s__A1jz,Root,f__A,g__A1,s__A1jz
s__A1k,g__A1,rank_2,s__A1k,Root,f__A,g__A1,s__A1k
s__A1ka,g__A1,rank_2,s__A1ka,Root,f__A,g__A1,s__A1ka
s__A1kb,g__A1,rank_2,s__A1kb,Root,f__A,g__A1,s__A1kb
s__A1kc,g__A1,rank_2,s__A1kc,Root,f__A,g__A1,s__A1kc
s__A1kd,g__A1,rank_2,s__A1kd,Root,f__A,g__A1,s__A1kd
s__A1ke,g__A1,rank_2,s__A1ke,Root,f__A,g__A1,s__A1ke
s__A1kg,g__A1,rank_2,s__A1kg,Root,f__A,g__A1,s__A1kg
s__A1kh,g__A1,rank_2,s__A1kh,Root,f__A,g__A1,s__A1kh
s__A1ki,g__A1,rank_2,s__A1ki,Root,f__A,g__A1,s__A1ki
s__A1kj,g__A1,rank_2,s__A1kj,Root,f__A,g__A1,s__A1kj
s__A1kk,g__A1,rank_2,s__A1kk,Root,f__A,g__A1,s__A1kk
s__A1km,g__A1,rank_2,s__A1km,Root,f__A,g__A1,s__A1km
s__A1kn,g__A1,rank_2,s__A1kn,Root,f__A,g__A1,s__A1kn
s__A1ko,g__A1,rank_2,s__A1ko,Root,f__A,g__A1,s__A1ko
s__A1kp,g__A1,rank_2,s__A1kp,Root,f__A,g__A1,s__A1kp
s__A1kq,g__A1,rank_2,s__A1kq,Root,f__A,g__A1,s__A1kq
s__A1ks,g__A1,rank_2,s__A1ks,Root,f__A,g__A1,s__A1ks
s__A1kt,g__A1,rank_2,s__A1kt,Root,f__A,g__A1,s__A1kt
s__A1ku,g__A1,rank_2,s__A1ku,Root,f__A,g__A1,s__A1ku
s__A1kw,g__A1,rank_2,s__A1kw,Root,f__A,g__A1,s__A1kw
s__A1kx,g__A1,rank_2,s__A1kx,Root,f__A,g__A1,s__A1kx
s__A1ky,g__A1,rank_2,s__A1ky,Root,f__A,g__A1,s__A1ky
s__A1l,g__A1,rank_2,s__A1l,Root,f__A,g__A1,s__A1l
s__A1la,g__A1,rank_2,s__A1la,Root,f__A,g__A1,s__A1la
s__A1ld,g__A1,rank_2,s__A1ld,Root,f__A,g__A1,s__A1ld
s__A1le,g__A1,rank_2,s__A1le,Root,f__A,g__A1,s__A1le
s__A1lg,g__A1,rank_2,s__A1lg,Root,f__A,g__A1,s__A1lg
s__A1lh,g__A1,rank_2,s__A1lh,Root,f__A,g__A1,s__A1lh
s__A1li,g__A1,rank_2,s__A1li,Root,f__A,g__A1,s__A1li
s__A1ll,g__A1,rank_2,s__A1ll,Root,f__A,g__A1,s__A1ll
s__A1lm,g__A1,rank_2,s__A1lm,Root,f__A,g__A1,s__A1lm
s__A1ln,g__A1,rank_2,s__A1ln,Root,f__A,g__A1,s__A1ln
s__A1lp,g__A1,rank_2,s__A1lp,Root,f__A,g__A1,s__A1lp
s__A1lq,g__A1,rank_2,s__A1lq,Root,f__A,g__A1,s__A1lq
s__A1lr,g__A1,rank_2,s__A1lr,Root,f__A,g__A1,s__A1lr
s__A1ls,g__A1,rank_2,s__A1ls,Root,f__A,g__A1,s__A1ls
s__A1lt,g__A1,rank_2,s__A1lt,Root,f__A,g__A1,s__A1lt
s__A1lu,g__A1,rank_2,s__A1lu,Root,f__A,g__A1,s__A1lu
s__A1lv,g__A1,rank_2,s__A1lv,Root,f__A,g__A1,s__A1lv
s__A1lw,g__A1,rank_2,s__A1lw,Root,f__A,g__A1,s__A1lw
s__A1ly,g__A1,rank_2,s__A1ly,Root,f__A,g__A1,s__A1ly
s__A1lz,g__A1,rank_2,s__A1lz,Root,f__A,g__A1,s__A1lz
s__A1m,g__A1,rank_2,s__A1m,Root,f__A,g__A1,s__A1m
s__A1ma,g__A1,rank_2,s__A1ma,Root,f__A,g__A1,s__A1ma
s__A1mb,g__A1,rank_2,s__A1mb,Root,f__A,g__A1,s__A1mb
s__A1mc,g__A1,rank_2,s__A1mc,Root,f__A,g__A1,s__A1mc
s__A1md,g__A1,rank_2,s__A1md,Root,f__A,g__A1,s__A1md
s__A1me,g__A1,rank_2,s__A1me,Root,f__A,g__A1,s__A1me
s__A1mf,g__A1,rank_2,s__A1mf,Root,f__A,g__A1,s__A1mf
s__A1mg,g__A1,rank_2,s__A1mg,Root,f__A,g__A1,s__A1mg
s__A1mh,g__A1,rank_2,s__A1mh,Root,f__A,g__A1,s__A1mh
s__A1mi,g__A1,rank_2,s__A1mi,Root,f__A,g__A1,s__A1mi
s__A1mj,g__A1,rank_2,s__A1mj,Root,f__A,g__A1,s__A1mj
s__A1mk,g__A1,rank_2,s__A1mk,Root,f__A,g__A1,s__A1mk
s__A1ml,g__A1,rank_2,s__A1ml,Root,f__A,g__A1,s__A1ml
s__A1mm,g__A1,rank_2,s__A1mm,Root,f__A,g__A1,s__A1mm
s__A1mn,g__A1,rank_2,s__A1mn,Root,f__A,g__A1,s__A1mn
s__A1mp,g__A1,rank_2,s__A1mp,Root,f__A,g__A1,s__A1mp
s__A1mq,g__A1,rank_2,s__A1mq,Root,f__A,g__A1,s__A1mq
s__A1mr,g__A1,rank_2,s__A1mr,Root,f__A,g__A1,s__A1mr
s__A1ms,g__A1,rank_2,s__A1ms,Root,f__A,g__A1,s__A1ms
s__A1mt,g__A1,rank_2,s__A1mt,Root,f__A,g__A1,s__A1mt
s__A1mu,g__A1,rank_2,s__A1mu,Root,f__A,g__A1,s__A1mu
s__A1mv,g__A1,rank_2,s__A1mv,Root,f__A,g__A1,s__A1mv
s__A1mw,g__A1,rank_2,s__A1mw,Root,f__A,g__A1,s__A1mw
s__A1mx,g__A1,rank_2,s__A1mx,Root,f__A,g__A1,s__A1mx
s__A1my,g__A1,rank_2,s__A1my,Root,f__A,g__A1,s__A1my
s__A1mz,g__A1,rank_2,s__A1mz,Root,f__A,g__A1,s__A1mz
s__A1na,g__A1,rank_2,s__A1na,Root,f__A,g__A1,s__A1na
s__A1nb,g__A1,rank_2,s__A1nb,Root,f__A,g__A1,s__A1nb
s__A1nc,g__A1,rank_2,s__A1nc,Root,f__A,g__A1,s__A1nc
s__A1nd,g__A1,rank_2,s__A1nd,Root,f__A,g__A1,s__A1nd
s__A1ne,g__A1,rank_2,s__A1ne,Root,f__A,g__A1,s__A1ne
s__A1nf,g__A1,rank_2,s__A1nf,Root,f__A,g__A1,s__A1nf
s__A1ng,g__A1,rank_2,s__A1ng,Root,f__A,g__A1,s__A1ng
s__A1nh,g__A1,rank_2,s__A1nh,Root,f__A,g__A1,s__A1nh
s__A1nj,g__A1,rank_2,s__A1nj,Root,f__A,g__A1,s__A1nj
s__A1nk,g__A1,rank_2,s__A1nk,Root,f__A,g__A1,s__A1nk
s__A1nl,g__A1,rank_2,s__A1nl,Root,f__A,g__A1,s__A1nl
s__A1nm,g__A1,rank_2,s__A1nm,Root,f__A,g__A1,s__A1nm
s__A1nn,g__A1,rank_2,s__A1nn,Root,f__A,g__A1,s__A1nn
s__A1no,g__A1,rank_2,s__A1no,Root,f__A,g__A1,s__A1no
s__A1np,g__A1,rank_2,s__A1np,Root,f__A,g__A1,s__A1np
s__A1nq,g__A1,rank_2,s__A1nq,Root,f__A,g__A1,s__A1nq
s__A1nr,g__A1,rank_2,s__A1nr,Root,f__A,g__A1,s__A1nr
s__A1nt,g__A1,rank_2,s__A1nt,Root,f__A,g__A1,s__A1nt
s__A1nu,g__A1,rank_2,s__A1nu,Root,f__A,g__A1,s__A1nu
s__A1nv,g__A1,rank_2,s__A1nv,Root,f__A,g__A1,s__A1nv
s__A1nw,g__A1,rank_2,s__A1nw,Root,f__A,g__A1,s__A1nw
s__A1nx,g__A1,rank_2,s__A1nx,Root,f__A,g__A1,s__A1nx
s__A1ny,g__A1,rank_2,s__A1ny,Root,f__A,g__A1,s__A1ny
s__A1o,g__A1,rank_2,s__A1o,Root,f__A,g__A1,s__A1o
s__A1q,g__A1,rank_2,s__A1q,Root,f__A,g__A1,s__A1q
s__A1r,g__A1,rank_2,s__A1r,Root,f__A,g__A1,s__A1r
s__A1t,g__A1,rank_2,s__A1t,Root,f__A,g__A1,s__A1t
s__A1u,g__A1,rank_2,s__A1u,Root,f__A,g__A1,s__A1u
s__A1v,g__A1,rank_2,s__A1v,Root,f__A,g__A1,s__A1v
s__A1w,g__A1,rank_2,s__A1w,Root,f__A,g__A1,s__A1w
s__A1x,g__A1,rank_2,s__A1x,Root,f__A,g__A1,s__A1x
s__A1y,g__A1,rank_2,s__A1y,Root,f__A,g__A1,s__A1y
s__A1z,g__A1,rank_2,s__A1z,Root,f__A,g__A1,s__A1z
g__A2,f__A,rank_1,g__A2,Root,f__A,g__A2,
s__A2,g__A2,rank_2,s__A2,Root,f__A,g__A2,s__A2
s__A2a,g__A2,rank_2,s__A2a,Root,f__A,g__A2,s__A2a
s__A2aa,g__A2,rank_2,s__A2aa,Root,f__A,g__A2,s__A2aa
s__A2ab,g__A2,rank_2,s__A2ab,Root,f__A,g__A2,s__A2ab
s__A2ac,g__A2,rank_2,s__A2ac,Root,f__A,g__A2,s__A2ac
s__A2ad,g__A2,rank_2,s__A2ad,Root,f__A,g__A2,s__A2ad
s__A2ae,g__A2,rank_2,s__A2ae,Root,f__A,g__A2,s__A2ae
s__A2af,g__A2,rank_2,s__A2af,Root,f__A,g__A2,s__A2af
s__A2c,g__A2,rank_2,s__A2c,Root,f__A,g__A2,s__A2c
s__A2d,g__A2,rank_2,s__A2d,Root,f__A,g__A2,s__A2d
s__A2f,g__A2,rank_2,s__A2f,Root,f__A,g__A2,s__A2f
s__A2i,g__A2,rank_2,s__A2i,Root,f__A,g__A2,s__A2i
s__A2k,g__A2,rank_2,s__A2k,Root,f__A,g__A2,s__A2k
s__A2l,g__A2,rank_2,s__A2l,Root,f__A,g__A2,s__A2l
s__A2m,g__A2,rank_2,s__A2m,Root,f__A,g__A2,s__A2m
s__A2n,g__A2,rank_2,s__A2n,Root,f__A,g__A2,s__A2n
s__A2q,g__A2,rank_2,s__A2q,Root,f__A,g__A2,s__A2q
s__A2r,g__A2,rank_2,s__A2r,Root,f__A,g__A2,s__A2r
s__A2s,g__A2,rank_2,s__A2s,Root,f__A,g__A2,s__A2s
s__A2t,g__A2,rank_2,s__A2t,Root,f__A,g__A2,s__A2t
s__A2u,g__A2,rank_2,s__A2u,Root,f__A,g__A2,s__A2u
s__A2v,g__A2,rank_2,s__A2v,Root,f__A,g__A2,s__A2v
s__A2w,g__A2,rank_2,s__A2w,Root,f__A,g__A2,s__A2w
s__A2x,g__A2,rank_2,s__A2x,Root,f__A,g__A2,s__A2x
s__A2y,g__A2,rank_2,s__A2y,Root,f__A,g__A2,s__A2y
s__A2z,g__A2,rank_2,s__A2z,Root,f__A,g__A2,s__A2z
g__A3,f__A,rank_1,g__A3,Root,f__A,g__A3,
s__A3a,g__A3,rank_2,s__A3a,Root,f__A,g__A3,s__A3a
s__A3aa,g__A3,rank_2,s__A3aa,Root,f__A,g__A3,s__A3aa
s__A3ab,g__A3,rank_2,s__A3ab,Root,f__A,g__A3,s__A3ab
s__A3ac,g__A3,rank_2,s__A3ac,Root,f__A,g__A3,s__A3ac
s__A3ad,g__A3,rank_2,s__A3ad,Root,f__A,g__A3,s__A3ad
s__A3ae,g__A3,rank_2,s__A3ae,Root,f__A,g__A3,s__A3ae
s__A3af,g__A3,rank_2,s__A3af,Root,f__A,g__A3,s__A3af
s__A3ag,g__A3,rank_2,s__A3ag,Root,f__A,g__A3,s__A3ag
s__A3ah,g__A3,rank_2,s__A3ah,Root,f__A,g__A3,s__A3ah
s__A3ai,g__A3,rank_2,s__A3ai,Root,f__A,g__A3,s__A3ai
s__A3aj,g__A3,rank_2,s__A3aj,Root,f__A,g__A3,s__A3aj
s__A3ak,g__A3,rank_2,s__A3ak,Root,f__A,g__A3,s__A3ak
s__A3al,g__A3,rank_2,s__A3al,Root,f__A,g__A3,s__A3al
s__A3am,g__A3,rank_2,s__A3am,Root,f__A,g__A3,s__A3am
s__A3an,g__A3,rank_2,s__A3an,Root,f__A,g__A3,s__A3an
s__A3ao,g__A3,rank_2,s__A3ao,Root,f__A,g__A3,s__A3ao
s__A3ap,g__A3,rank_2,s__A3ap,Root,f__A,g__A3,s__A3ap
s__A3aq,g__A3,rank_2,s__A3aq,Root,f__A,g__A3,s__A3aq
s__A3ar,g__A3,rank_2,s__A3ar,Root,f__A,g__A3,s__A3ar
s__A3as,g__A3,rank_2,s__A3as,Root,f__A,g__A3,s__A3as
s__A3at,g__A3,rank_2,s__A3at,Root,f__A,g__A3,s__A3at
s__A3au,g__A3,rank_2,s__A3au,Root,f__A,g__A3,s__A3au
s__A3av,g__A3,rank_2,s__A3av,Root,f__A,g__A3,s__A3av
s__A3aw,g__A3,rank_2,s__A3aw,Root,f__A,g__A3,s__A3aw
s__A3ax,g__A3,rank_2,s__A3ax,Root,f__A,g__A3,s__A3ax
s__A3ay,g__A3,rank_2,s__A3ay,Root,f__A,g__A3,s__A3ay
s__A3az,g__A3,rank_2,s__A3az,Root,f__A,g__A3,s__A3az
s__A3bb,g__A3,rank_2,s__A3bb,Root,f__A,g__A3,s__A3bb
s__A3bc,g__A3,rank_2,s__A3bc,Root,f__A,g__A3,s__A3bc
s__A3bd,g__A3,rank_2,s__A3bd,Root,f__A,g__A3,s__A3bd
s__A3be,g__A3,rank_2,s__A3be,Root,f__A,g__A3,s__A3be
s__A3bf,g__A3,rank_2,s__A3bf,Root,f__A,g__A3,s__A3bf
s__A3bg,g__A3,rank_2,s__A3bg,Root,f__A,g__A3,s__A3bg
s__A3bh,g__A3,rank_2,s__A3bh,Root,f__A,g__A3,s__A3bh
s__A3bk,g__A3,rank_2,s__A3bk,Root,f__A,g__A3,s__A3bk
s__A3bm,g__A3,rank_2,s__A3bm,Root,f__A,g__A3,s__A3bm
s__A3bn,g__A3,rank_2,s__A3bn,Root,f__A,g__A3,s__A3bn
s__A3bo,g__A3,rank_2,s__A3bo,Root,f__A,g__A3,s__A3bo
s__A3bp,g__A3,rank_2,s__A3bp,Root,f__A,g__A3,s__A3bp
s__A3bq,g__A3,rank_2,s__A3bq,Root,f__A,g__A3,s__A3bq
s__A3br,g__A3,rank_2,s__A3br,Root,f__A,g__A3,s__A3br
s__A3bs,g__A3,rank_2,s__A3bs,Root,f__A,g__A3,s__A3bs
s__A3bt,g__A3,rank_2,s__A3bt,Root,f__A,g__A3,s__A3bt
s__A3bu,g__A3,rank_2,s__A3bu,Root,f__A,g__A3,s__A3bu
s__A3bv,g__A3,rank_2,s__A3bv,Root,f__A,g__A3,s__A3bv
s__A3bx,g__A3,rank_2,s__A3bx,Root,f__A,g__A3,s__A3bx
s__A3by,g__A3,rank_2,s__A3by,Root,f__A,g__A3,s__A3by
s__A3bz,g__A3,rank_2,s__A3bz,Root,f__A,g__A3,s__A3bz
s__A3c,g__A3,rank_2,s__A3c,Root,f__A,g__A3,s__A3c
s__A3ca,g__A3,rank_2,s__A3ca,Root,f__A,g__A3,s__A3ca
s__A3cb,g__A3,rank_2,s__A3cb,Root,f__A,g__A3,s__A3cb
s__A3cc,g__A3,rank_2,s__A3cc,Root,f__A,g__A3,s__A3cc
s__A3cd,g__A3,rank_2,s__A3cd,Root,f__A,g__A3,s__A3cd
s__A3ce,g__A3,rank_2,s__A3ce,Root,f__A,g__A3,s__A3ce
s__A3cf,g__A3,rank_2,s__A3cf,Root,f__A,g__A3,s__A3cf
s__A3cg,g__A3,rank_2,s__A3cg,Root,f__A,g__A3,s__A3cg
s__A3ch,g__A3,rank_2,s__A3ch,Root,f__A,g__A3,s__A3ch
s__A3ci,g__A3,rank_2,s__A3ci,Root,f__A,g__A3,s__A3ci
s__A3cj,g__A3,rank_2,s__A3cj,Root,f__A,g__A3,s__A3cj
s__A3ck,g__A3,rank_2,s__A3ck,Root,f__A,g__A3,s__A3ck
s__A3cl,g__A3,rank_2,s__A3cl,Root,f__A,g__A3,s__A3cl
s__A3cm,g__A3,rank_2,s__A3cm,Root,f__A,g__A3,s__A3cm
s__A3cn,g__A3,rank_2,s__A3cn,Root,f__A,g__A3,s__A3cn
s__A3co,g__A3,rank_2,s__A3co,Root,f__A,g__A3,s__A3co
s__A3cp,g__A3,rank_2,s__A3cp,Root,f__A,g__A3,s__A3cp
s__A3cq,g__A3,rank_2,s__A3cq,Root,f__A,g__A3,s__A3cq
s__A3cr,g__A3,rank_2,s__A3cr,Root,f__A,g__A3,s__A3cr
s__A3cs,g__A3,rank_2,s__A3cs,Root,f__A,g__A3,s__A3cs
s__A3ct,g__A3,rank_2,s__A3ct,Root,f__A,g__A3,s__A3ct
s__A3cx,g__A3,rank_2,s__A3cx,Root,f__A,g__A3,s__A3cx
s__A3cz,g__A3,rank_2,s__A3cz,Root,f__A,g__A3,s__A3cz
s__A3d,g__A3,rank_2,s__A3d,Root,f__A,g__A3,s__A3d
s__A3db,g__A3,rank_2,s__A3db,Root,f__A,g__A3,s__A3db
s__A3dc,g__A3,rank_2,s__A3dc,Root,f__A,g__A3,s__A3dc
s__A3dd,g__A3,rank_2,s__A3dd,Root,f__A,g__A3,s__A3dd
s__A3de,g__A3,rank_2,s__A3de,Root,f__A,g__A3,s__A3de
s__A3df,g__A3,rank_2,s__A3df,Root,f__A,g__A3,s__A3df
s__A3dg,g__A3,rank_2,s__A3dg,Root,f__A,g__A3,s__A3dg
s__A3dh,g__A3,rank_2,s__A3dh,Root,f__A,g__A3,s__A3dh
s__A3di,g__A3,rank_2,s__A3di,Root,f__A,g__A3,s__A3di
s__A3dj,g__A3,rank_2,s__A3dj,Root,f__A,g__A3,s__A3dj
s__A3dk,g__A3,rank_2,s__A3dk,Root,f__A,g__A3,s__A3dk
s__A3dl,g__A3,rank_2,s__A3dl,Root,f__A,g__A3,s__A3dl
s__A3dm,g__A3,rank_2,s__A3dm,Root,f__A,g__A3,s__A3dm
s__A3dn,g__A3,rank_2,s__A3dn,Root,f__A,g__A3,s__A3dn
s__A3do,g__A3,rank_2,s__A3do,Root,f__A,g__A3,s__A3do
s__A3dp,g__A3,rank_2,s__A3dp,Root,f__A,g__A3,s__A3dp
s__A3dq,g__A3,rank_2,s__A3dq,Root,f__A,g__A3,s__A3dq
s__A3dr,g__A3,rank_2,s__A3dr,Root,f__A,g__A3,s__A3dr
s__A3ds,g__A3,rank_2,s__A3ds,Root,f__A,g__A3,s__A3ds
s__A3dt,g__A3,rank_2,s__A3dt,Root,f__A,g__A3,s__A3dt
s__A3du,g__A3,rank_2,s__A3du,Root,f__A,g__A3,s__A3du
s__A3dv,g__A3,rank_2,s__A3dv,Root,f__A,g__A3,s__A3dv
s__A3dw,g__A3,rank_2,s__A3dw,Root,f__A,g__A3,s__A3dw
s__A3dx,g__A3,rank_2,s__A3dx,Root,f__A,g__A3,s__A3dx
s__A3dy,g__A3,rank_2,s__A3dy,Root,f__A,g__A3,s__A3dy
s__A3e,g__A3,rank_2,s__A3e,Root,f__A,g__A3,s__A3e
s__A3f,g__A3,rank_2,s__A3f,Root,f__A,g__A3,s__A3f
s__A3h,g__A3,rank_2,s__A3h,Root,f__A,g__A3,s__A3h
s__A3i,g__A3,rank_2,s__A3i,Root,f__A,g__A3,s__A3i
s__A3j,g__A3,rank_2,s__A3j,Root,f__A,g__A3,s__A3j
s__A3k,g__A3,rank_2,s__A3k,Root,f__A,g__A3,s__A3k
s__A3l,g__A3,rank_2,s__A3l,Root,f__A,g__A3,s__A3l
s__A3m,g__A3,rank_2,s__A3m,Root,f__A,g__A3,s__A3m
s__A3o,g__A3,rank_2,s__A3o,Root,f__A,g__A3,s__A3o
s__A3p,g__A3,rank_2,s__A3p,Root,f__A,g__A3,s__A3p
s__A3q,g__A3,rank_2,s__A3q,Root,f__A,g__A3,s__A3q
s__A3r,g__A3,rank_2,s__A3r,Root,f__A,g__A3,s__A3r
s__A3s,g__A3,rank_2,s__A3s,Root,f__A,g__A3,s__A3s
s__A3t,g__A3,rank_2,s__A3t,Root,f__A,g__A3,s__A3t
s__A3u,g__A3,rank_2,s__A3u,Root,f__A,g__A3,s__A3u
s__A3v,g__A3,rank_2,s__A3v,Root,f__A,g__A3,s__A3v
s__A3w,g__A3,rank_2,s__A3w,Root,f__A,g__A3,s__A3w
s__A3y,g__A3,rank_2,s__A3y,Root,f__A,g__A3,s__A3y
s__A3z,g__A3,rank_2,s__A3z,Root,f__A,g__A3,s__A3z
g__A4,f__A,rank_1,g__A4,Root,f__A,g__A4,
s__A4.1,g__A4,rank_2,s__A4.1,Root,f__A,g__A4,s__A4.1
s__A4.2,g__A4,rank_2,s__A4.2,Root,f__A,g__A4,s__A4.2
s__A4a,g__A4,rank_2,s__A4a,Root,f__A,g__A4,s__A4a
s__A4aa,g__A4,rank_2,s__A4aa,Root,f__A,g__A4,s__A4aa
s__A4ab,g__A4,rank_2,s__A4ab,Root,f__A,g__A4,s__A4ab
s__A4ad,g__A4,rank_2,s__A4ad,Root,f__A,g__A4,s__A4ad
s__A4ae,g__A4,rank_2,s__A4ae,Root,f__A,g__A4,s__A4ae
s__A4af,g__A4,rank_2,s__A4af,Root,f__A,g__A4,s__A4af
s__A4ag,g__A4,rank_2,s__A4ag,Root,f__A,g__A4,s__A4ag
s__A4ah,g__A4,rank_2,s__A4ah,Root,f__A,g__A4,s__A4ah
s__A4ai,g__A4,rank_2,s__A4ai,Root,f__A,g__A4,s__A4ai
s__A4aj,g__A4,rank_2,s__A4aj,Root,f__A,g__A4,s__A4aj
s__A4ak,g__A4,rank_2,s__A4ak,Root,f__A,g__A4,s__A4ak
s__A4an,g__A4,rank_2,s__A4an,Root,f__A,g__A4,s__A4an
s__A4ao,g__A4,rank_2,s__A4ao,Root,f__A,g__A4,s__A4ao
s__A4ap,g__A4,rank_2,s__A4ap,Root,f__A,g__A4,s__A4ap
s__A4aq,g__A4,rank_2,s__A4aq,Root,f__A,g__A4,s__A4aq
s__A4ar,g__A4,rank_2,s__A4ar,Root,f__A,g__A4,s__A4ar
s__A4as,g__A4,rank_2,s__A4as,Root,f__A,g__A4,s__A4as
s__A4at,g__A4,rank_2,s__A4at,Root,f__A,g__A4,s__A4at
s__A4au,g__A4,rank_2,s__A4au,Root,f__A,g__A4,s__A4au
s__A4av,g__A4,rank_2,s__A4av,Root,f__A,g__A4,s__A4av
s__A4aw,g__A4,rank_2,s__A4aw,Root,f__A,g__A4,s__A4aw
s__A4ax,g__A4,rank_2,s__A4ax,Root,f__A,g__A4,s__A4ax
s__A4ay,g__A4,rank_2,s__A4ay,Root,f__A,g__A4,s__A4ay
s__A4az,g__A4,rank_2,s__A4az,Root,f__A,g__A4,s__A4az
s__A4b,g__A4,rank_2,s__A4b,Root,f__A,g__A4,s__A4b
s__A4ba,g__A4,rank_2,s__A4ba,Root,f__A,g__A4,s__A4ba
s__A4bb,g__A4,rank_2,s__A4bb,Root,f__A,g__A4,s__A4bb
s__A4bc,g__A4,rank_2,s__A4bc,Root,f__A,g__A4,s__A4bc
s__A4bd,g__A4,rank_2,s__A4bd,Root,f__A,g__A4,s__A4bd
s__A4bh,g__A4,rank_2,s__A4bh,Root,f__A,g__A4,s__A4bh
s__A4bi,g__A4,rank_2,s__A4bi,Root,f__A,g__A4,s__A4bi
s__A4bj,g__A4,rank_2,s__A4bj,Root,f__A,g__A4,s__A4bj
s__A4bk,g__A4,rank_2,s__A4bk,Root,f__A,g__A4,s__A4bk
s__A4bl,g__A4,rank_2,s__A4bl,Root,f__A,g__A4,s__A4bl
s__A4bm,g__A4,rank_2,s__A4bm,Root,f__A,g__A4,s__A4bm
s__A4bo,g__A4,rank_2,s__A4bo,Root,f__A,g__A4,s__A4bo
s__A4bp,g__A4,rank_2,s__A4bp,Root,f__A,g__A4,s__A4bp
s__A4bq,g__A4,rank_2,s__A4bq,Root,f__A,g__A4,s__A4bq
s__A4br,g__A4,rank_2,s__A4br,Root,f__A,g__A4,s__A4br
s__A4bs,g__A4,rank_2,s__A4bs,Root,f__A,g__A4,s__A4bs
s__A4bt,g__A4,rank_2,s__A4bt,Root,f__A,g__A4,s__A4bt
s__A4bu,g__A4,rank_2,s__A4bu,Root,f__A,g__A4,s__A4bu
s__A4bv,g__A4,rank_2,s__A4bv,Root,f__A,g__A4,s__A4bv
s__A4bw,g__A4,rank_2,s__A4bw,Root,f__A,g__A4,s__A4bw
s__A4bx,g__A4,rank_2,s__A4bx,Root,f__A,g__A4,s__A4bx
s__A4by,g__A4,rank_2,s__A4by,Root,f__A,g__A4,s__A4by
s__A4bz,g__A4,rank_2,s__A4bz,Root,f__A,g__A4,s__A4bz
s__A4c,g__A4,rank_2,s__A4c,Root,f__A,g__A4,s__A4c
s__A4ca,g__A4,rank_2,s__A4ca,Root,f__A,g__A4,s__A4ca
s__A4cd,g__A4,rank_2,s__A4cd,Root,f__A,g__A4,s__A4cd
s__A4ce,g__A4,rank_2,s__A4ce,Root,f__A,g__A4,s__A4ce
s__A4cf,g__A4,rank_2,s__A4cf,Root,f__A,g__A4,s__A4cf
s__A4cg,g__A4,rank_2,s__A4cg,Root,f__A,g__A4,s__A4cg
s__A4ci,g__A4,rank_2,s__A4ci,Root,f__A,g__A4,s__A4ci
s__A4cj,g__A4,rank_2,s__A4cj,Root,f__A,g__A4,s__A4cj
s__A4ck,g__A4,rank_2,s__A4ck,Root,f__A,g__A4,s__A4ck
s__A4cl,g__A4,rank_2,s__A4cl,Root,f__A,g__A4,s__A4cl
s__A4cm,g__A4,rank_2,s__A4cm,Root,f__A,g__A4,s__A4cm
s__A4cn,g__A4,rank_2,s__A4cn,Root,f__A,g__A4,s__A4cn
s__A4co,g__A4,rank_2,s__A4co,Root,f__A,g__A4,s__A4co
s__A4cq,g__A4,rank_2,s__A4cq,Root,f__A,g__A4,s__A4cq
s__A4cr,g__A4,rank_2,s__A4cr,Root,f__A,g__A4,s__A4cr
s__A4cs,g__A4,rank_2,s__A4cs,Root,f__A,g__A4,s__A4cs
s__A4ct,g__A4,rank_2,s__A4ct,Root,f__A,g__A4,s__A4ct
s__A4cu,g__A4,rank_2,s__A4cu,Root,f__A,g__A4,s__A4cu
s__A4cv,g__A4,rank_2,s__A4cv,Root,f__A,g__A4,s__A4cv
s__A4cx,g__A4,rank_2,s__A4cx,Root,f__A,g__A4,s__A4cx
s__A4cy,g__A4,rank_2,s__A4cy,Root,f__A,g__A4,s__A4cy
s__A4cz,g__A4,rank_2,s__A4cz,Root,f__A,g__A4,s__A4cz
s__A4d,g__A4,rank_2,s__A4d,Root,f__A,g__A4,s__A4d
s__A4da,g__A4,rank_2,s__A4da,Root,f__A,g__A4,s__A4da
s__A4db,g__A4,rank_2,s__A4db,Root,f__A,g__A4,s__A4db
s__A4dc,g__A4,rank_2,s__A4dc,Root,f__A,g__A4,s__A4dc
s__A4dd,g__A4,rank_2,s__A4dd,Root,f__A,g__A4,s__A4dd
s__A4df,g__A4,rank_2,s__A4df,Root,f__A,g__A4,s__A4df
s__A4dg,g__A4,rank_2,s__A4dg,Root,f__A,g__A4,s__A4dg
s__A4dh,g__A4,rank_2,s__A4dh,Root,f__A,g__A4,s__A4dh
s__A4di,g__A4,rank_2,s__A4di,Root,f__A,g__A4,s__A4di
s__A4dj,g__A4,rank_2,s__A4dj,Root,f__A,g__A4,s__A4dj
s__A4dk,g__A4,rank_2,s__A4dk,Root,f__A,g__A4,s__A4dk
s__A4dl,g__A4,rank_2,s__A4dl,Root,f__A,g__A4,s__A4dl
s__A4dm,g__A4,rank_2,s__A4dm,Root,f__A,g__A4,s__A4dm
s__A4dn,g__A4,rank_2,s__A4dn,Root,f__A,g__A4,s__A4dn
s__A4do,g__A4,rank_2,s__A4do,Root,f__A,g__A4,s__A4do
s__A4dp,g__A4,rank_2,s__A4dp,Root,f__A,g__A4,s__A4dp
s__A4dq,g__A4,rank_2,s__A4dq,Root,f__A,g__A4,s__A4dq
s__A4e,g__A4,rank_2,s__A4e,Root,f__A,g__A4,s__A4e
s__A4f,g__A4,rank_2,s__A4f,Root,f__A,g__A4,s__A4f
s__A4g,g__A4,rank_2,s__A4g,Root,f__A,g__A4,s__A4g
s__A4h,g__A4,rank_2,s__A4h,Root,f__A,g__A4,s__A4h
s__A4i,g__A4,rank_2,s__A4i,Root,f__A,g__A4,s__A4i
s__A4l,g__A4,rank_2,s__A4l,Root,f__A,g__A4,s__A4l
s__A4m,g__A4,rank_2,s__A4m,Root,f__A,g__A4,s__A4m
s__A4n,g__A4,rank_2,s__A4n,Root,f__A,g__A4,s__A4n
s__A4o,g__A4,rank_2,s__A4o,Root,f__A,g__A4,s__A4o
s__A4p,g__A4,rank_2,s__A4p,Root,f__A,g__A4,s__A4p
s__A4q,g__A4,rank_2,s__A4q,Root,f__A,g__A4,s__A4q
s__A4r,g__A4,rank_2,s__A4r,Root,f__A,g__A4,s__A4r
s__A4s,g__A4,rank_2,s__A4s,Root,f__A,g__A4,s__A4s
s__A4t,g__A4,rank_2,s__A4t,Root,f__A,g__A4,s__A4t
s__A4v,g__A4,rank_2,s__A4v,Root,f__A,g__A4,s__A4v
s__A4w,g__A4,rank_2,s__A4w,Root,f__A,g__A4,s__A4w
s__A4x,g__A4,rank_2,s__A4x,Root,f__A,g__A4,s__A4x
s__A4y,g__A4,rank_2,s__A4y,Root,f__A,g__A4,s__A4y
s__A4z,g__A4,rank_2,s__A4z,Root,f__A,g__A4,s__A4z
g__A5,f__A,rank_1,g__A5,Root,f__A,g__A5,
s__A5a,g__A5,rank_2,s__A5a,Root,f__A,g__A5,s__A5a
s__A5aa,g__A5,rank_2,s__A5aa,Root,f__A,g__A5,s__A5aa
s__A5ab,g__A5,rank_2,s__A5ab,Root,f__A,g__A5,s__A5ab
s__A5ac,g__A5,rank_2,s__A5ac,Root,f__A,g__A5,s__A5ac
s__A5ad,g__A5,rank_2,s__A5ad,Root,f__A,g__A5,s__A5ad
s__A5ae,g__A5,rank_2,s__A5ae,Root,f__A,g__A5,s__A5ae
s__A5ag,g__A5,rank_2,s__A5ag,Root,f__A,g__A5,s__A5ag
s__A5ah,g__A5,rank_2,s__A5ah,Root,f__A,g__A5,s__A5ah
s__A5ai,g__A5,rank_2,s__A5ai,Root,f__A,g__A5,s__A5ai
s__A5aj,g__A5,rank_2,s__A5aj,Root,f__A,g__A5,s__A5aj
s__A5b,g__A5,rank_2,s__A5b,Root,f__A,g__A5,s__A5b
s__A5d/A5,g__A5,rank_2,s__A5d/A5,Root,f__A,g__A5,s__A5d/A5
s__A5e,g__A5,rank_2,s__A5e,Root,f__A,g__A5,s__A5e
s__A5f,g__A5,rank_2,s__A5f,Root,f__A,g__A5,s__A5f
s__A5g,g__A5,rank_2,s__A5g,Root,f__A,g__A5,s__A5g
s__A5h,g__A5,rank_2,s__A5h,Root,f__A,g__A5,s__A5h
s__A5i,g__A5,rank_2,s__A5i,Root,f__A,g__A5,s__A5i
s__A5j,g__A5,rank_2,s__A5j,Root,f__A,g__A5,s__A5j
s__A5k,g__A5,rank_2,s__A5k,Root,f__A,g__A5,s__A5k
s__A5l,g__A5,rank_2,s__A5l,Root,f__A,g__A5,s__A5l
s__A5m,g__A5,rank_2,s__A5m,Root,f__A,g__A5,s__A5m
s__A5o,g__A5,rank_2,s__A5o,Root,f__A,g__A5,s__A5o
s__A5p,g__A5,rank_2,s__A5p,Root,f__A,g__A5,s__A5p
s__A5q,g__A5,rank_2,s__A5q,Root,f__A,g__A5,s__A5q
s__A5r,g__A5,rank_2,s__A5r,Root,f__A,g__A5,s__A5r
s__A5s,g__A5,rank_2,s__A5s,Root,f__A,g__A5,s__A5s
s__A5t,g__A5,rank_2,s__A5t,Root,f__A,g__A5,s__A5t
s__A5u,g__A5,rank_2,s__A5u,Root,f__A,g__A5,s__A5u
s__A5w,g__A5,rank_2,s__A5w,Root,f__A,g__A5,s__A5w
s__A5x,g__A5,rank_2,s__A5x,Root,f__A,g__A5,s__A5x
s__A5y,g__A5,rank_2,s__A5y,Root,f__A,g__A5,s__A5y
s__A5z,g__A5,rank_2,s__A5z,Root,f__A,g__A5,s__A5z
g__A6,f__A,rank_1,g__A6,Root,f__A,g__A6,
s__A6a,g__A6,rank_2,s__A6a,Root,f__A,g__A6,s__A6a
s__A6/A6b,g__A6,rank_2,s__A6/A6b,Root,f__A,g__A6,s__A6/A6b
s__A6e,g__A6,rank_2,s__A6e,Root,f__A,g__A6,s__A6e
s__A6f,g__A6,rank_2,s__A6f,Root,f__A,g__A6,s__A6f
s__A6g,g__A6,rank_2,s__A6g,Root,f__A,g__A6,s__A6g
s__A6h,g__A6,rank_2,s__A6h,Root,f__A,g__A6,s__A6h
s__A6i,g__A6,rank_2,s__A6i,Root,f__A,g__A6,s__A6i
s__A6j,g__A6,rank_2,s__A6j,Root,f__A,g__A6,s__A6j
s__A6l,g__A6,rank_2,s__A6l,Root,f__A,g__A6,s__A6l
s__A6m,g__A6,rank_2,s__A6m,Root,f__A,g__A6,s__A6m
s__A6o,g__A6,rank_2,s__A6o,Root,f__A,g__A6,s__A6o
g__A7,f__A,rank_1,g__A7,Root,f__A,g__A7,
s__A7a,g__A7,rank_2,s__A7a,Root,f__A,g__A7,s__A7a
s__A7aa,g__A7,rank_2,s__A7aa,Root,f__A,g__A7,s__A7aa
s__A7ab,g__A7,rank_2,s__A7ab,Root,f__A,g__A7,s__A7ab
s__A7ac,g__A7,rank_2,s__A7ac,Root,f__A,g__A7,s__A7ac
s__A7ad,g__A7,rank_2,s__A7ad,Root,f__A,g__A7,s__A7ad
s__A7ae,g__A7,rank_2,s__A7ae,Root,f__A,g__A7,s__A7ae
s__A7af,g__A7,rank_2,s__A7af,Root,f__A,g__A7,s__A7af
s__A7ag,g__A7,rank_2,s__A7ag,Root,f__A,g__A7,s__A7ag
s__A7ai,g__A7,rank_2,s__A7ai,Root,f__A,g__A7,s__A7ai
s__A7aj,g__A7,rank_2,s__A7aj,Root,f__A,g__A7,s__A7aj
s__A7ak,g__A7,rank_2,s__A7ak,Root,f__A,g__A7,s__A7ak
s__A7al,g__A7,rank_2,s__A7al,Root,f__A,g__A7,s__A7al
s__A7am,g__A7,rank_2,s__A7am,Root,f__A,g__A7,s__A7am
s__A7an,g__A7,rank_2,s__A7an,Root,f__A,g__A7,s__A7an
s__A7ao,g__A7,rank_2,s__A7ao,Root,f__A,g__A7,s__A7ao
s__A7aq,g__A7,rank_2,s__A7aq,Root,f__A,g__A7,s__A7aq
s__A7ar,g__A7,rank_2,s__A7ar,Root,f__A,g__A7,s__A7ar
s__A7as,g__A7,rank_2,s__A7as,Root,f__A,g__A7,s__A7as
s__A7at,g__A7,rank_2,s__A7at,Root,f__A,g__A7,s__A7at
s__A7au,g__A7,rank_2,s__A7au,Root,f__A,g__A7,s__A7au
s__A7av,g__A7,rank_2,s__A7av,Root,f__A,g__A7,s__A7av
s__A7ay,g__A7,rank_2,s__A7ay,Root,f__A,g__A7,s__A7ay
s__A7az,g__A7,rank_2,s__A7az,Root,f__A,g__A7,s__A7az
s__A7ba,g__A7,rank_2,s__A7ba,Root,f__A,g__A7,s__A7ba
s__A7bb,g__A7,rank_2,s__A7bb,Root,f__A,g__A7,s__A7bb
s__A7bc,g__A7,rank_2,s__A7bc,Root,f__A,g__A7,s__A7bc
s__A7bd,g__A7,rank_2,s__A7bd,Root,f__A,g__A7,s__A7bd
s__A7be,g__A7,rank_2,s__A7be,Root,f__A,g__A7,s__A7be
s__A7bh,g__A7,rank_2,s__A7bh,Root,f__A,g__A7,s__A7bh
s__A7bi,g__A7,rank_2,s__A7bi,Root,f__A,g__A7,s__A7bi
s__A7bj,g__A7,rank_2,s__A7bj,Root,f__A,g__A7,s__A7bj
s__A7bm,g__A7,rank_2,s__A7bm,Root,f__A,g__A7,s__A7bm
s__A7bn,g__A7,rank_2,s__A7bn,Root,f__A,g__A7,s__A7bn
s__A7bo,g__A7,rank_2,s__A7bo,Root,f__A,g__A7,s__A7bo
s__A7bp,g__A7,rank_2,s__A7bp,Root,f__A,g__A7,s__A7bp
s__A7bq,g__A7,rank_2,s__A7bq,Root,f__A,g__A7,s__A7bq
s__A7br,g__A7,rank_2,s__A7br,Root,f__A,g__A7,s__A7br
s__A7bs,g__A7,rank_2,s__A7bs,Root,f__A,g__A7,s__A7bs
s__A7bt,g__A7,rank_2,s__A7bt,Root,f__A,g__A7,s__A7bt
s__A7bu,g__A7,rank_2,s__A7bu,Root,f__A,g__A7,s__A7bu
s__A7bv,g__A7,rank_2,s__A7bv,Root,f__A,g__A7,s__A7bv
s__A7bw,g__A7,rank_2,s__A7bw,Root,f__A,g__A7,s__A7bw
s__A7bx,g__A7,rank_2,s__A7bx,Root,f__A,g__A7,s__A7bx
s__A7by,g__A7,rank_2,s__A7by,Root,f__A,g__A7,s__A7by
s__A7bz,g__A7,rank_2,s__A7bz,Root,f__A,g__A7,s__A7bz
s__A7c,g__A7,rank_2,s__A7c,Root,f__A,g__A7,s__A7c
s__A7ca,g__A7,rank_2,s__A7ca,Root,f__A,g__A7,s__A7ca
s__A7cb,g__A7,rank_2,s__A7cb,Root,f__A,g__A7,s__A7cb
s__A7cc,g__A7,rank_2,s__A7cc,Root,f__A,g__A7,s__A7cc
s__A7ce,g__A7,rank_2,s__A7ce,Root,f__A,g__A7,s__A7ce
s__A7cf,g__A7,rank_2,s__A7cf,Root,f__A,g__A7,s__A7cf
s__A7cg,g__A7,rank_2,s__A7cg,Root,f__A,g__A7,s__A7cg
s__A7ch,g__A7,rank_2,s__A7ch,Root,f__A,g__A7,s__A7ch
s__A7ci,g__A7,rank_2,s__A7ci,Root,f__A,g__A7,s__A7ci
s__A7cj,g__A7,rank_2,s__A7cj,Root,f__A,g__A7,s__A7cj
s__A7ck,g__A7,rank_2,s__A7ck,Root,f__A,g__A7,s__A7ck
s__A7cl,g__A7,rank_2,s__A7cl,Root,f__A,g__A7,s__A7cl
s__A7cm,g__A7,rank_2,s__A7cm,Root,f__A,g__A7,s__A7cm
s__A7cn,g__A7,rank_2,s__A7cn,Root,f__A,g__A7,s__A7cn
s__A7co,g__A7,rank_2,s__A7co,Root,f__A,g__A7,s__A7co
s__A7cp,g__A7,rank_2,s__A7cp,Root,f__A,g__A7,s__A7cp
s__A7cq,g__A7,rank_2,s__A7cq,Root,f__A,g__A7,s__A7cq
s__A7cr,g__A7,rank_2,s__A7cr,Root,f__A,g__A7,s__A7cr
s__A7cs,g__A7,rank_2,s__A7cs,Root,f__A,g__A7,s__A7cs
s__A7ct,g__A7,rank_2,s__A7ct,Root,f__A,g__A7,s__A7ct
s__A7cv,g__A7,rank_2,s__A7cv,Root,f__A,g__A7,s__A7cv
s__A7cw,g__A7,rank_2,s__A7cw,Root,f__A,g__A7,s__A7cw
s__A7cy,g__A7,rank_2,s__A7cy,Root,f__A,g__A7,s__A7cy
s__A7cz,g__A7,rank_2,s__A7cz,Root,f__A,g__A7,s__A7cz
s__A7d,g__A7,rank_2,s__A7d,Root,f__A,g__A7,s__A7d
s__A7da,g__A7,rank_2,s__A7da,Root,f__A,g__A7,s__A7da
s__A7db,g__A7,rank_2,s__A7db,Root,f__A,g__A7,s__A7db
s__A7dc,g__A7,rank_2,s__A7dc,Root,f__A,g__A7,s__A7dc
s__A7dd,g__A7,rank_2,s__A7dd,Root,f__A,g__A7,s__A7dd
s__A7df,g__A7,rank_2,s__A7df,Root,f__A,g__A7,s__A7df
s__A7dg,g__A7,rank_2,s__A7dg,Root,f__A,g__A7,s__A7dg
s__A7dh,g__A7,rank_2,s__A7dh,Root,f__A,g__A7,s__A7dh
s__A7di,g__A7,rank_2,s__A7di,Root,f__A,g__A7,s__A7di
s__A7dj,g__A7,rank_2,s__A7dj,Root,f__A,g__A7,s__A7dj
s__A7dk,g__A7,rank_2,s__A7dk,Root,f__A,g__A7,s__A7dk
s__A7dl,g__A7,rank_2,s__A7dl,Root,f__A,g__A7,s__A7dl
s__A7dm,g__A7,rank_2,s__A7dm,Root,f__A,g__A7,s__A7dm
s__A7do,g__A7,rank_2,s__A7do,Root,f__A,g__A7,s__A7do
s__A7dp,g__A7,rank_2,s__A7dp,Root,f__A,g__A7,s__A7dp
s__A7dq,g__A7,rank_2,s__A7dq,Root,f__A,g__A7,s__A7dq
s__A7dr,g__A7,rank_2,s__A7dr,Root,f__A,g__A7,s__A7dr
s__A7ds,g__A7,rank_2,s__A7ds,Root,f__A,g__A7,s__A7ds
s__A7dt,g__A7,rank_2,s__A7dt,Root,f__A,g__A7,s__A7dt
s__A7du,g__A7,rank_2,s__A7du,Root,f__A,g__A7,s__A7du
s__A7dv,g__A7,rank_2,s__A7dv,Root,f__A,g__A7,s__A7dv
s__A7dw,g__A7,rank_2,s__A7dw,Root,f__A,g__A7,s__A7dw
s__A7dx,g__A7,rank_2,s__A7dx,Root,f__A,g__A7,s__A7dx
s__A7dy,g__A7,rank_2,s__A7dy,Root,f__A,g__A7,s__A7dy
s__A7e,g__A7,rank_2,s__A7e,Root,f__A,g__A7,s__A7e
s__A7f,g__A7,rank_2,s__A7f,Root,f__A,g__A7,s__A7f
s__A7g,g__A7,rank_2,s__A7g,Root,f__A,g__A7,s__A7g
s__A7h,g__A7,rank_2,s__A7h,Root,f__A,g__A7,s__A7h
s__A7i,g__A7,rank_2,s__A7i,Root,f__A,g__A7,s__A7i
s__A7j,g__A7,rank_2,s__A7j,Root,f__A,g__A7,s__A7j
s__A7k,g__A7,rank_2,s__A7k,Root,f__A,g__A7,s__A7k
s__A7l,g__A7,rank_2,s__A7l,Root,f__A,g__A7,s__A7l
s__A7m,g__A7,rank_2,s__A7m,Root,f__A,g__A7,s__A7m
s__A7n,g__A7,rank_2,s__A7n,Root,f__A,g__A7,s__A7n
s__A7o,g__A7,rank_2,s__A7o,Root,f__A,g__A7,s__A7o
s__A7q,g__A7,rank_2,s__A7q,Root,f__A,g__A7,s__A7q
s__A7r,g__A7,rank_2,s__A7r,Root,f__A,g__A7,s__A7r
s__A7t,g__A7,rank_2,s__A7t,Root,f__A,g__A7,s__A7t
s__A7v,g__A7,rank_2,s__A7v,Root,f__A,g__A7,s__A7v
s__A7w,g__A7,rank_2,s__A7w,Root,f__A,g__A7,s__A7w
s__A7y,g__A7,rank_2,s__A7y,Root,f__A,g__A7,s__A7y
s__A7z,g__A7,rank_2,s__A7z,Root,f__A,g__A7,s__A7z
g__A8,f__A,rank_1,g__A8,Root,f__A,g__A8,
s__A8,g__A8,rank_2,s__A8,Root,f__A,g__A8,s__A8
s__A8a,g__A8,rank_2,s__A8a,Root,f__A,g__A8,s__A8a
s__A8b,g__A8,rank_2,s__A8b,Root,f__A,g__A8,s__A8b
s__A8c,g__A8,rank_2,s__A8c,Root,f__A,g__A8,s__A8c
s__A8d,g__A8,rank_2,s__A8d,Root,f__A,g__A8,s__A8d
s__A8e,g__A8,rank_2,s__A8e,Root,f__A,g__A8,s__A8e
s__A8f,g__A8,rank_2,s__A8f,Root,f__A,g__A8,s__A8f
s__A8g,g__A8,rank_2,s__A8g,Root,f__A,g__A8,s__A8g
s__A8h,g__A8,rank_2,s__A8h,Root,f__A,g__A8,s__A8h
s__A8j,g__A8,rank_2,s__A8j,Root,f__A,g__A8,s__A8j
s__A8k,g__A8,rank_2,s__A8k,Root,f__A,g__A8,s__A8k
s__A8l,g__A8,rank_2,s__A8l,Root,f__A,g__A8,s__A8l
s__A8n,g__A8,rank_2,s__A8n,Root,f__A,g__A8,s__A8n
s__A8o,g__A8,rank_2,s__A8o,Root,f__A,g__A8,s__A8o
s__A8p,g__A8,rank_2,s__A8p,Root,f__A,g__A8,s__A8p
s__A8r,g__A8,rank_2,s__A8r,Root,f__A,g__A8,s__A8r
s__A8s,g__A8,rank_2,s__A8s,Root,f__A,g__A8,s__A8s
s__A8t,g__A8,rank_2,s__A8t,Root,f__A,g__A8,s__A8t
s__A8u,g__A8,rank_2,s__A8u,Root,f__A,g__A8,s__A8u
s__A8v,g__A8,rank_2,s__A8v,Root,f__A,g__A8,s__A8v
s__A8w,g__A8,rank_2,s__A8w,Root,f__A,g__A8,s__A8w
s__A8x,g__A8,rank_2,s__A8x,Root,f__A,g__A8,s__A8x
s__A8y,g__A8,rank_2,s__A8y,Root,f__A,g__A8,s__A8y
s__A8z,g__A8,rank_2,s__A8z,Root,f__A,g__A8,s__A8z
g__A9,f__A,rank_1,g__A9,Root,f__A,g__A9,
s__A9,g__A9,rank_2,s__A9,Root,f__A,g__A9,s__A9
s__A9a,g__A9,rank_2,s__A9a,Root,f__A,g__A9,s__A9a
s__A9b,g__A9,rank_2,s__A9b,Root,f__A,g__A9,s__A9b
s__A9c,g__A9,rank_2,s__A9c,Root,f__A,g__A9,s__A9c
s__A9e,g__A9,rank_2,s__A9e,Root,f__A,g__A9,s__A9e
f__B,Root,rank_0,f__B,Root,f__B,,
g__B10,f__B,rank_1,g__B10,Root,f__B,g__B10,
s__B10,g__B10,rank_2,s__B10,Root,f__B,g__B10,s__B10
g__B11,f__B,rank_1,g__B11,Root,f__B,g__B11,
s__B11,g__B11,rank_2,s__B11,Root,f__B,g__B11,s__B11
g__B13,f__B,rank_1,g__B13,Root,f__B,g__B13,
s__B13,g__B13,rank_2,s__B13,Root,f__B,g__B13,s__B13
g__B14,f__B,rank_1,g__B14,Root,f__B,g__B14,
s__B14,g__B14,rank_2,s__B14,Root,f__B,g__B14,s__B14
s__B14a,g__B14,rank_2,s__B14a,Root,f__B,g__B14,s__B14a
s__B14c,g__B14,rank_2,s__B14c,Root,f__B,g__B14,s__B14c
s__B14e,g__B14,rank_2,s__B14e,Root,f__B,g__B14,s__B14e
s__B14f,g__B14,rank_2,s__B14f,Root,f__B,g__B14,s__B14f
s__B14g,g__B14,rank_2,s__B14g,Root,f__B,g__B14,s__B14g
s__B14h,g__B14,rank_2,s__B14h,Root,f__B,g__B14,s__B14h
s__B14i,g__B14,rank_2,s__B14i,Root,f__B,g__B14,s__B14i
s__B14j,g__B14,rank_2,s__B14j,Root,f__B,g__B14,s__B14j
s__B14k,g__B14,rank_2,s__B14k,Root,f__B,g__B14,s__B14k
g__B15,f__B,rank_1,g__B15,Root,f__B,g__B15,
s__B15,g__B15,rank_2,s__B15,Root,f__B,g__B15,s__B15
g__B17,f__B,rank_1,g__B17,Root,f__B,g__B17,
s__B17,g__B17,rank_2,s__B17,Root,f__B,g__B17,s__B17
g__B18,f__B,rank_1,g__B18,Root,f__B,g__B18,
s__B18,g__B18,rank_2,s__B18,Root,f__B,g__B18,s__B18
s__B18a,g__B18,rank_2,s__B18a,Root,f__B,g__B18,s__B18a
s__B18b,g__B18,rank_2,s__B18b,Root,f__B,g__B18,s__B18b
s__B18d,g__B18,rank_2,s__B18d,Root,f__B,g__B18,s__B18d
s__B18e,g__B18,rank_2,s__B18e,Root,f__B,g__B18,s__B18e
s__B18f,g__B18,rank_2,s__B18f,Root,f__B,g__B18,s__B18f
s__B18h,g__B18,rank_2,s__B18h,Root,f__B,g__B18,s__B18h
s__B18i,g__B18,rank_2,s__B18i,Root,f__B,g__B18,s__B18i
s__B18j,g__B18,rank_2,s__B18j,Root,f__B,g__B18,s__B18j
s__B18k,g__B18,rank_2,s__B18k,Root,f__B,g__B18,s__B18k
s__B18l,g__B18,rank_2,s__B18l,Root,f__B,g__B18,s__B18l
s__B18n,g__B18,rank_2,s__B18n,Root,f__B,g__B18,s__B18n
s__B18o,g__B18,rank_2,s__B18o,Root,f__B,g__B18,s__B18o
s__B18p,g__B18,rank_2,s__B18p,Root,f__B,g__B18,s__B18p
s__B18q,g__B18,rank_2,s__B18q,Root,f__B,g__B18,s__B18q
s__B18r,g__B18,rank_2,s__B18r,Root,f__B,g__B18,s__B18r
g__B19,f__B,rank_1,g__B19,Root,f__B,g__B19,
s__B19aa,g__B19,rank_2,s__B19aa,Root,f__B,g__B19,s__B19aa
s__B19ab,g__B19,rank_2,s__B19ab,Root,f__B,g__B19,s__B19ab
s__B19ac,g__B19,rank_2,s__B19ac,Root,f__B,g__B19,s__B19ac
s__B19ad,g__B19,rank_2,s__B19ad,Root,f__B,g__B19,s__B19ad
s__B19ae,g__B19,rank_2,s__B19ae,Root,f__B,g__B19,s__B19ae
s__B19af,g__B19,rank_2,s__B19af,Root,f__B,g__B19,s__B19af
s__B19ag,g__B19,rank_2,s__B19ag,Root,f__B,g__B19,s__B19ag
s__B19ah,g__B19,rank_2,s__B19ah,Root,f__B,g__B19,s__B19ah
s__B19ai,g__B19,rank_2,s__B19ai,Root,f__B,g__B19,s__B19ai
s__B19aj,g__B19,rank_2,s__B19aj,Root,f__B,g__B19,s__B19aj
s__B19ak,g__B19,rank_2,s__B19ak,Root,f__B,g__B19,s__B19ak
s__B19al,g__B19,rank_2,s__B19al,Root,f__B,g__B19,s__B19al
s__B19am,g__B19,rank_2,s__B19am,Root,f__B,g__B19,s__B19am
s__B19an,g__B19,rank_2,s__B19an,Root,f__B,g__B19,s__B19an
s__B19ao,g__B19,rank_2,s__B19ao,Root,f__B,g__B19,s__B19ao
s__B19ar,g__B19,rank_2,s__B19ar,Root,f__B,g__B19,s__B19ar
s__B19as,g__B19,rank_2,s__B19as,Root,f__B,g__B19,s__B19as
s__B19at,g__B19,rank_2,s__B19at,Root,f__B,g__B19,s__B19at
s__B19au,g__B19,rank_2,s__B19au,Root,f__B,g__B19,s__B19au
s__B19b,g__B19,rank_2,s__B19b,Root,f__B,g__B19,s__B19b
s__B19c,g__B19,rank_2,s__B19c,Root,f__B,g__B19,s__B19c
s__B19d,g__B19,rank_2,s__B19d,Root,f__B,g__B19,s__B19d
s__B19e,g__B19,rank_2,s__B19e,Root,f__B,g__B19,s__B19e
s__B19f,g__B19,rank_2,s__B19f,Root,f__B,g__B19,s__B19f
s__B19g,g__B19,rank_2,s__B19g,Root,f__B,g__B19,s__B19g
s__B19h,g__B19,rank_2,s__B19h,Root,f__B,g__B19,s__B19h
s__B19i,g__B19,rank_2,s__B19i,Root,f__B,g__B19,s__B19i
s__B19j,g__B19,rank_2,s__B19j,Root,f__B,g__B19,s__B19j
s__B19l,g__B19,rank_2,s__B19l,Root,f__B,g__B19,s__B19l
s__B19n,g__B19,rank_2,s__B19n,Root,f__B,g__B19,s__B19n
s__B19o,g__B19,rank_2,s__B19o,Root,f__B,g__B19,s__B19o
s__B19p,g__B19,rank_2,s__B19p,Root,f__B,g__B19,s__B19p
s__B19q,g__B19,rank_2,s__B19q,Root,f__B,g__B19,s__B19q
s__B19s,g__B19,rank_2,s__B19s,Root,f__B,g__B19,s__B19s
s__B19t,g__B19,rank_2,s__B19t,Root,f__B,g__B19,s__B19t
s__B19v,g__B19,rank_2,s__B19v,Root,f__B,g__B19,s__B19v
s__B19w,g__B19,rank_2,s__B19w,Root,f__B,g__B19,s__B19w
s__B19x,g__B19,rank_2,s__B19x,Root,f__B,g__B19,s__B19x
s__B19z,g__B19,rank_2,s__B19z,Root,f__B,g__B19,s__B19z
g__B1,f__B,rank_1,g__B1,Root,f__B,g__B1,
s__B1aa,g__B1,rank_2,s__B1aa,Root,f__B,g__B1,s__B1aa
s__B1ab,g__B1,rank_2,s__B1ab,Root,f__B,g__B1,s__B1ab
s__B1ac,g__B1,rank_2,s__B1ac,Root,f__B,g__B1,s__B1ac
s__B1ad,g__B1,rank_2,s__B1ad,Root,f__B,g__B1,s__B1ad
s__B1ae,g__B1,rank_2,s__B1ae,Root,f__B,g__B1,s__B1ae
s__B1af,g__B1,rank_2,s__B1af,Root,f__B,g__B1,s__B1af
s__B1ag,g__B1,rank_2,s__B1ag,Root,f__B,g__B1,s__B1ag
s__B1ah,g__B1,rank_2,s__B1ah,Root,f__B,g__B1,s__B1ah
s__B1ai,g__B1,rank_2,s__B1ai,Root,f__B,g__B1,s__B1ai
s__B1aj,g__B1,rank_2,s__B1aj,Root,f__B,g__B1,s__B1aj
s__B1am,g__B1,rank_2,s__B1am,Root,f__B,g__B1,s__B1am
s__B1an,g__B1,rank_2,s__B1an,Root,f__B,g__B1,s__B1an
s__B1aq,g__B1,rank_2,s__B1aq,Root,f__B,g__B1,s__B1aq
s__B1at,g__B1,rank_2,s__B1at,Root,f__B,g__B1,s__B1at
s__B1av,g__B1,rank_2,s__B1av,Root,f__B,g__B1,s__B1av
s__B1aw,g__B1,rank_2,s__B1aw,Root,f__B,g__B1,s__B1aw
s__B1az,g__B1,rank_2,s__B1az,Root,f__B,g__B1,s__B1az
s__B1ba,g__B1,rank_2,s__B1ba,Root,f__B,g__B1,s__B1ba
s__B1bb,g__B1,rank_2,s__B1bb,Root,f__B,g__B1,s__B1bb
s__B1bd,g__B1,rank_2,s__B1bd,Root,f__B,g__B1,s__B1bd
s__B1be,g__B1,rank_2,s__B1be,Root,f__B,g__B1,s__B1be
s__B1bf,g__B1,rank_2,s__B1bf,Root,f__B,g__B1,s__B1bf
s__B1bg,g__B1,rank_2,s__B1bg,Root,f__B,g__B1,s__B1bg
s__B1bh,g__B1,rank_2,s__B1bh,Root,f__B,g__B1,s__B1bh
s__B1bj,g__B1,rank_2,s__B1bj,Root,f__B,g__B1,s__B1bj
s__B1bk,g__B1,rank_2,s__B1bk,Root,f__B,g__B1,s__B1bk
s__B1bl,g__B1,rank_2,s__B1bl,Root,f__B,g__B1,s__B1bl
s__B1bm,g__B1,rank_2,s__B1bm,Root,f__B,g__B1,s__B1bm
s__B1bn,g__B1,rank_2,s__B1bn,Root,f__B,g__B1,s__B1bn
s__B1bp,g__B1,rank_2,s__B1bp,Root,f__B,g__B1,s__B1bp
s__B1bq,g__B1,rank_2,s__B1bq,Root,f__B,g__B1,s__B1bq
s__B1br,g__B1,rank_2,s__B1br,Root,f__B,g__B1,s__B1br
s__B1bs,g__B1,rank_2,s__B1bs,Root,f__B,g__B1,s__B1bs
s__B1bt,g__B1,rank_2,s__B1bt,Root,f__B,g__B1,s__B1bt
s__B1bv,g__B1,rank_2,s__B1bv,Root,f__B,g__B1,s__B1bv
s__B1bw,g__B1,rank_2,s__B1bw,Root,f__B,g__B1,s__B1bw
s__B1bx,g__B1,rank_2,s__B1bx,Root,f__B,g__B1,s__B1bx
s__B1by,g__B1,rank_2,s__B1by,Root,f__B,g__B1,s__B1by
s__B1bz,g__B1,rank_2,s__B1bz,Root,f__B,g__B1,s__B1bz
s__B1c,g__B1,rank_2,s__B1c,Root,f__B,g__B1,s__B1c
s__B1cb,g__B1,rank_2,s__B1cb,Root,f__B,g__B1,s__B1cb
s__B1cd,g__B1,rank_2,s__B1cd,Root,f__B,g__B1,s__B1cd
s__B1ce,g__B1,rank_2,s__B1ce,Root,f__B,g__B1,s__B1ce
s__B1ch,g__B1,rank_2,s__B1ch,Root,f__B,g__B1,s__B1ch
s__B1ci,g__B1,rank_2,s__B1ci,Root,f__B,g__B1,s__B1ci
s__B1cj,g__B1,rank_2,s__B1cj,Root,f__B,g__B1,s__B1cj
s__B1ck,g__B1,rank_2,s__B1ck,Root,f__B,g__B1,s__B1ck
s__B1cl,g__B1,rank_2,s__B1cl,Root,f__B,g__B1,s__B1cl
s__B1cm,g__B1,rank_2,s__B1cm,Root,f__B,g__B1,s__B1cm
s__B1cn,g__B1,rank_2,s__B1cn,Root,f__B,g__B1,s__B1cn
s__B1cp,g__B1,rank_2,s__B1cp,Root,f__B,g__B1,s__B1cp
s__B1cq,g__B1,rank_2,s__B1cq,Root,f__B,g__B1,s__B1cq
s__B1cr,g__B1,rank_2,s__B1cr,Root,f__B,g__B1,s__B1cr
s__B1cs,g__B1,rank_2,s__B1cs,Root,f__B,g__B1,s__B1cs
s__B1ct,g__B1,rank_2,s__B1ct,Root,f__B,g__B1,s__B1ct
s__B1cu,g__B1,rank_2,s__B1cu,Root,f__B,g__B1,s__B1cu
s__B1cv,g__B1,rank_2,s__B1cv,Root,f__B,g__B1,s__B1cv
s__B1cw,g__B1,rank_2,s__B1cw,Root,f__B,g__B1,s__B1cw
s__B1cy,g__B1,rank_2,s__B1cy,Root,f__B,g__B1,s__B1cy
s__B1d,g__B1,rank_2,s__B1d,Root,f__B,g__B1,s__B1d
s__B1da,g__B1,rank_2,s__B1da,Root,f__B,g__B1,s__B1da
s__B1db,g__B1,rank_2,s__B1db,Root,f__B,g__B1,s__B1db
s__B1dc,g__B1,rank_2,s__B1dc,Root,f__B,g__B1,s__B1dc
s__B1dd,g__B1,rank_2,s__B1dd,Root,f__B,g__B1,s__B1dd
s__B1de,g__B1,rank_2,s__B1de,Root,f__B,g__B1,s__B1de
s__B1df,g__B1,rank_2,s__B1df,Root,f__B,g__B1,s__B1df
s__B1dg,g__B1,rank_2,s__B1dg,Root,f__B,g__B1,s__B1dg
s__B1dj,g__B1,rank_2,s__B1dj,Root,f__B,g__B1,s__B1dj
s__B1dk,g__B1,rank_2,s__B1dk,Root,f__B,g__B1,s__B1dk
s__B1dl,g__B1,rank_2,s__B1dl,Root,f__B,g__B1,s__B1dl
s__B1dm,g__B1,rank_2,s__B1dm,Root,f__B,g__B1,s__B1dm
s__B1dn,g__B1,rank_2,s__B1dn,Root,f__B,g__B1,s__B1dn
s__B1dq,g__B1,rank_2,s__B1dq,Root,f__B,g__B1,s__B1dq
s__B1dr,g__B1,rank_2,s__B1dr,Root,f__B,g__B1,s__B1dr
s__B1ds,g__B1,rank_2,s__B1ds,Root,f__B,g__B1,s__B1ds
s__B1dt,g__B1,rank_2,s__B1dt,Root,f__B,g__B1,s__B1dt
s__B1du,g__B1,rank_2,s__B1du,Root,f__B,g__B1,s__B1du
s__B1dv,g__B1,rank_2,s__B1dv,Root,f__B,g__B1,s__B1dv
s__B1dw,g__B1,rank_2,s__B1dw,Root,f__B,g__B1,s__B1dw
s__B1dx,g__B1,rank_2,s__B1dx,Root,f__B,g__B1,s__B1dx
s__B1dy,g__B1,rank_2,s__B1dy,Root,f__B,g__B1,s__B1dy
s__B1dz,g__B1,rank_2,s__B1dz,Root,f__B,g__B1,s__B1dz
s__B1e,g__B1,rank_2,s__B1e,Root,f__B,g__B1,s__B1e
s__B1ea,g__B1,rank_2,s__B1ea,Root,f__B,g__B1,s__B1ea
s__B1eb,g__B1,rank_2,s__B1eb,Root,f__B,g__B1,s__B1eb
s__B1ec,g__B1,rank_2,s__B1ec,Root,f__B,g__B1,s__B1ec
s__B1ed,g__B1,rank_2,s__B1ed,Root,f__B,g__B1,s__B1ed
s__B1ef,g__B1,rank_2,s__B1ef,Root,f__B,g__B1,s__B1ef
s__B1eg,g__B1,rank_2,s__B1eg,Root,f__B,g__B1,s__B1eg
s__B1eh,g__B1,rank_2,s__B1eh,Root,f__B,g__B1,s__B1eh
s__B1ej,g__B1,rank_2,s__B1ej,Root,f__B,g__B1,s__B1ej
s__B1ek,g__B1,rank_2,s__B1ek,Root,f__B,g__B1,s__B1ek
s__B1el,g__B1,rank_2,s__B1el,Root,f__B,g__B1,s__B1el
s__B1em,g__B1,rank_2,s__B1em,Root,f__B,g__B1,s__B1em
s__B1en,g__B1,rank_2,s__B1en,Root,f__B,g__B1,s__B1en
s__B1eo,g__B1,rank_2,s__B1eo,Root,f__B,g__B1,s__B1eo
s__B1eq,g__B1,rank_2,s__B1eq,Root,f__B,g__B1,s__B1eq
s__B1et,g__B1,rank_2,s__B1et,Root,f__B,g__B1,s__B1et
s__B1eu,g__B1,rank_2,s__B1eu,Root,f__B,g__B1,s__B1eu
s__B1ev,g__B1,rank_2,s__B1ev,Root,f__B,g__B1,s__B1ev
s__B1ew,g__B1,rank_2,s__B1ew,Root,f__B,g__B1,s__B1ew
s__B1ez,g__B1,rank_2,s__B1ez,Root,f__B,g__B1,s__B1ez
s__B1f,g__B1,rank_2,s__B1f,Root,f__B,g__B1,s__B1f
s__B1fa,g__B1,rank_2,s__B1fa,Root,f__B,g__B1,s__B1fa
s__B1fb,g__B1,rank_2,s__B1fb,Root,f__B,g__B1,s__B1fb
s__B1fc,g__B1,rank_2,s__B1fc,Root,f__B,g__B1,s__B1fc
s__B1fd,g__B1,rank_2,s__B1fd,Root,f__B,g__B1,s__B1fd
s__B1fe,g__B1,rank_2,s__B1fe,Root,f__B,g__B1,s__B1fe
s__B1fg,g__B1,rank_2,s__B1fg,Root,f__B,g__B1,s__B1fg
s__B1fh,g__B1,rank_2,s__B1fh,Root,f__B,g__B1,s__B1fh
s__B1fj,g__B1,rank_2,s__B1fj,Root,f__B,g__B1,s__B1fj
s__B1fk,g__B1,rank_2,s__B1fk,Root,f__B,g__B1,s__B1fk
s__B1fl,g__B1,rank_2,s__B1fl,Root,f__B,g__B1,s__B1fl
s__B1fm,g__B1,rank_2,s__B1fm,Root,f__B,g__B1,s__B1fm
s__B1fn,g__B1,rank_2,s__B1fn,Root,f__B,g__B1,s__B1fn
s__B1fo,g__B1,rank_2,s__B1fo,Root,f__B,g__B1,s__B1fo
s__B1fp,g__B1,rank_2,s__B1fp,Root,f__B,g__B1,s__B1fp
s__B1g,g__B1,rank_2,s__B1g,Root,f__B,g__B1,s__B1g
s__B1h,g__B1,rank_2,s__B1h,Root,f__B,g__B1,s__B1h
s__B1i,g__B1,rank_2,s__B1i,Root,f__B,g__B1,s__B1i
s__B1j,g__B1,rank_2,s__B1j,Root,f__B,g__B1,s__B1j
s__B1l,g__B1,rank_2,s__B1l,Root,f__B,g__B1,s__B1l
s__B1m,g__B1,rank_2,s__B1m,Root,f__B,g__B1,s__B1m
s__B1n,g__B1,rank_2,s__B1n,Root,f__B,g__B1,s__B1n
s__B1o,g__B1,rank_2,s__B1o,Root,f__B,g__B1,s__B1o
s__B1p,g__B1,rank_2,s__B1p,Root,f__B,g__B1,s__B1p
s__B1q,g__B1,rank_2,s__B1q,Root,f__B,g__B1,s__B1q
s__B1r,g__B1,rank_2,s__B1r,Root,f__B,g__B1,s__B1r
s__B1s,g__B1,rank_2,s__B1s,Root,f__B,g__B1,s__B1s
s__B1u,g__B1,rank_2,s__B1u,Root,f__B,g__B1,s__B1u
s__B1v,g__B1,rank_2,s__B1v,Root,f__B,g__B1,s__B1v
s__B1w,g__B1,rank_2,s__B1w,Root,f__B,g__B1,s__B1w
g__B20,f__B,rank_1,g__B20,Root,f__B,g__B20,
s__B20,g__B20,rank_2,s__B20,Root,f__B,g__B20,s__B20
s__B20a,g__B20,rank_2,s__B20a,Root,f__B,g__B20,s__B20a
g__B21,f__B,rank_1,g__B21,Root,f__B,g__B21,
s__B21,g__B21,rank_2,s__B21,Root,f__B,g__B21,s__B21
g__B23,f__B,rank_1,g__B23,Root,f__B,g__B23,
s__B23,g__B23,rank_2,s__B23,Root,f__B,g__B23,s__B23
g__B2,f__B,rank_1,g__B2,Root,f__B,g__B2,
s__B2a,g__B2,rank_2,s__B2a,Root,f__B,g__B2,s__B2a
s__B2aa,g__B2,rank_2,s__B2aa,Root,f__B,g__B2,s__B2aa
s__B2ab,g__B2,rank_2,s__B2ab,Root,f__B,g__B2,s__B2ab
s__B2ac,g__B2,rank_2,s__B2ac,Root,f__B,g__B2,s__B2ac
s__B2ad,g__B2,rank_2,s__B2ad,Root,f__B,g__B2,s__B2ad
s__B2af,g__B2,rank_2,s__B2af,Root,f__B,g__B2,s__B2af
s__B2ag,g__B2,rank_2,s__B2ag,Root,f__B,g__B2,s__B2ag
s__B2ai,g__B2,rank_2,s__B2ai,Root,f__B,g__B2,s__B2ai
s__B2am,g__B2,rank_2,s__B2am,Root,f__B,g__B2,s__B2am
s__B2c,g__B2,rank_2,s__B2c,Root,f__B,g__B2,s__B2c
s__B2d,g__B2,rank_2,s__B2d,Root,f__B,g__B2,s__B2d
s__B2e,g__B2,rank_2,s__B2e,Root,f__B,g__B2,s__B2e
s__B2f,g__B2,rank_2,s__B2f,Root,f__B,g__B2,s__B2f
s__B2g,g__B2,rank_2,s__B2g,Root,f__B,g__B2,s__B2g
s__B2h,g__B2,rank_2,s__B2h,Root,f__B,g__B2,s__B2h
s__B2i,g__B2,rank_2,s__B2i,Root,f__B,g__B2,s__B2i
s__B2j,g__B2,rank_2,s__B2j,Root,f__B,g__B2,s__B2j
s__B2k,g__B2,rank_2,s__B2k,Root,f__B,g__B2,s__B2k
s__B2l,g__B2,rank_2,s__B2l,Root,f__B,g__B2,s__B2l
s__B2m,g__B2,rank_2,s__B2m,Root,f__B,g__B2,s__B2m
s__B2n,g__B2,rank_2,s__B2n,Root,f__B,g__B2,s__B2n
s__B2o,g__B2,rank_2,s__B2o,Root,f__B,g__B2,s__B2o
s__B2p,g__B2,rank_2,s__B2p,Root,f__B,g__B2,s__B2p
s__B2q,g__B2,rank_2,s__B2q,Root,f__B,g__B2,s__B2q
s__B2r,g__B2,rank_2,s__B2r,Root,f__B,g__B2,s__B2r
s__B2s,g__B2,rank_2,s__B2s,Root,f__B,g__B2,s__B2s
s__B2t,g__B2,rank_2,s__B2t,Root,f__B,g__B2,s__B2t
s__B2u,g__B2,rank_2,s__B2u,Root,f__B,g__B2,s__B2u
s__B2v,g__B2,rank_2,s__B2v,Root,f__B,g__B2,s__B2v
s__B2w,g__B2,rank_2,s__B2w,Root,f__B,g__B2,s__B2w
s__B2x,g__B2,rank_2,s__B2x,Root,f__B,g__B2,s__B2x
s__B2y,g__B2,rank_2,s__B2y,Root,f__B,g__B2,s__B2y
s__B2z,g__B2,rank_2,s__B2z,Root,f__B,g__B2,s__B2z
g__B3,f__B,rank_1,g__B3,Root,f__B,g__B3,
s__B3,g__B3,rank_2,s__B3,Root,f__B,g__B3,s__B3
g__B30,f__B,rank_1,g__B30,Root,f__B,g__B30,
s__B30,g__B30,rank_2,s__B30,Root,f__B,g__B30,s__B30
g__B31,f__B,rank_1,g__B31,Root,f__B,g__B31,
s__B31a,g__B31,rank_2,s__B31a,Root,f__B,g__B31,s__B31a
s__B31b,g__B31,rank_2,s__B31b,Root,f__B,g__B31,s__B31b
g__B32,f__B,rank_1,g__B32,Root,f__B,g__B32,
s__B32,g__B32,rank_2,s__B32,Root,f__B,g__B32,s__B32
g__B33,f__B,rank_1,g__B33,Root,f__B,g__B33,
s__B33,g__B33,rank_2,s__B33,Root,f__B,g__B33,s__B33
g__B36,f__B,rank_1,g__B36,Root,f__B,g__B36,
s__B36,g__B36,rank_2,s__B36,Root,f__B,g__B36,s__B36
g__B37,f__B,rank_1,g__B37,Root,f__B,g__B37,
s__B37,g__B37,rank_2,s__B37,Root,f__B,g__B37,s__B37
g__B4,f__B,rank_1,g__B4,Root,f__B,g__B4,
s__B4,g__B4,rank_2,s__B4,Root,f__B,g__B4,s__B4
g__B40,f__B,rank_1,g__B40,Root,f__B,g__B40,
s__B40,g__B40,rank_2,s__B40,Root,f__B,g__B40,s__B40
s__B40a,g__B40,rank_2,s__B40a,Root,f__B,g__B40,s__B40a
g__B5,f__B,rank_1,g__B5,Root,f__B,g__B5,
s__B5aa,g__B5,rank_2,s__B5aa,Root,f__B,g__B5,s__B5aa
s__B5ab,g__B5,rank_2,s__B5ab,Root,f__B,g__B5,s__B5ab
s__B5ac,g__B5,rank_2,s__B5ac,Root,f__B,g__B5,s__B5ac
s__B5ae,g__B5,rank_2,s__B5ae,Root,f__B,g__B5,s__B5ae
s__B5ag,g__B5,rank_2,s__B5ag,Root,f__B,g__B5,s__B5ag
s__B5ah,g__B5,rank_2,s__B5ah,Root,f__B,g__B5,s__B5ah
s__B5ai,g__B5,rank_2,s__B5ai,Root,f__B,g__B5,s__B5ai
s__B5aj,g__B5,rank_2,s__B5aj,Root,f__B,g__B5,s__B5aj
s__B5ak,g__B5,rank_2,s__B5ak,Root,f__B,g__B5,s__B5ak
s__B5am,g__B5,rank_2,s__B5am,Root,f__B,g__B5,s__B5am
s__B5an,g__B5,rank_2,s__B5an,Root,f__B,g__B5,s__B5an
s__B5ao,g__B5,rank_2,s__B5ao,Root,f__B,g__B5,s__B5ao
s__B5ap,g__B5,rank_2,s__B5ap,Root,f__B,g__B5,s__B5ap
s__B5aq,g__B5,rank_2,s__B5aq,Root,f__B,g__B5,s__B5aq
s__B5ar,g__B5,rank_2,s__B5ar,Root,f__B,g__B5,s__B5ar
s__B5as,g__B5,rank_2,s__B5as,Root,f__B,g__B5,s__B5as
s__B5at,g__B5,rank_2,s__B5at,Root,f__B,g__B5,s__B5at
s__B5au,g__B5,rank_2,s__B5au,Root,f__B,g__B5,s__B5au
s__B5av,g__B5,rank_2,s__B5av,Root,f__B,g__B5,s__B5av
s__B5aw,g__B5,rank_2,s__B5aw,Root,f__B,g__B5,s__B5aw
s__B5ax,g__B5,rank_2,s__B5ax,Root,f__B,g__B5,s__B5ax
s__B5ay,g__B5,rank_2,s__B5ay,Root,f__B,g__B5,s__B5ay
s__B5az,g__B5,rank_2,s__B5az,Root,f__B,g__B5,s__B5az
s__B5b,g__B5,rank_2,s__B5b,Root,f__B,g__B5,s__B5b
s__B5ba,g__B5,rank_2,s__B5ba,Root,f__B,g__B5,s__B5ba
s__B5bc,g__B5,rank_2,s__B5bc,Root,f__B,g__B5,s__B5bc
s__B5bd,g__B5,rank_2,s__B5bd,Root,f__B,g__B5,s__B5bd
s__B5bf,g__B5,rank_2,s__B5bf,Root,f__B,g__B5,s__B5bf
s__B5bg,g__B5,rank_2,s__B5bg,Root,f__B,g__B5,s__B5bg
s__B5bh,g__B5,rank_2,s__B5bh,Root,f__B,g__B5,s__B5bh
s__B5bk,g__B5,rank_2,s__B5bk,Root,f__B,g__B5,s__B5bk
s__B5bl,g__B5,rank_2,s__B5bl,Root,f__B,g__B5,s__B5bl
s__B5bm,g__B5,rank_2,s__B5bm,Root,f__B,g__B5,s__B5bm
s__B5bo,g__B5,rank_2,s__B5bo,Root,f__B,g__B5,s__B5bo
s__B5bp,g__B5,rank_2,s__B5bp,Root,f__B,g__B5,s__B5bp
s__B5bq,g__B5,rank_2,s__B5bq,Root,f__B,g__B5,s__B5bq
s__B5bs,g__B5,rank_2,s__B5bs,Root,f__B,g__B5,s__B5bs
s__B5bv,g__B5,rank_2,s__B5bv,Root,f__B,g__B5,s__B5bv
s__B5bw,g__B5,rank_2,s__B5bw,Root,f__B,g__B5,s__B5bw
s__B5by,g__B5,rank_2,s__B5by,Root,f__B,g__B5,s__B5by
s__B5bz,g__B5,rank_2,s__B5bz,Root,f__B,g__B5,s__B5bz
s__B5c,g__B5,rank_2,s__B5c,Root,f__B,g__B5,s__B5c
s__B5ca,g__B5,rank_2,s__B5ca,Root,f__B,g__B5,s__B5ca
s__B5cb,g__B5,rank_2,s__B5cb,Root,f__B,g__B5,s__B5cb
s__B5cd,g__B5,rank_2,s__B5cd,Root,f__B,g__B5,s__B5cd
s__B5ce,g__B5,rank_2,s__B5ce,Root,f__B,g__B5,s__B5ce
s__B5cf,g__B5,rank_2,s__B5cf,Root,f__B,g__B5,s__B5cf
s__B5ci,g__B5,rank_2,s__B5ci,Root,f__B,g__B5,s__B5ci
s__B5ck,g__B5,rank_2,s__B5ck,Root,f__B,g__B5,s__B5ck
s__B5cl,g__B5,rank_2,s__B5cl,Root,f__B,g__B5,s__B5cl
s__B5cm,g__B5,rank_2,s__B5cm,Root,f__B,g__B5,s__B5cm
s__B5cn,g__B5,rank_2,s__B5cn,Root,f__B,g__B5,s__B5cn
s__B5co,g__B5,rank_2,s__B5co,Root,f__B,g__B5,s__B5co
s__B5cp,g__B5,rank_2,s__B5cp,Root,f__B,g__B5,s__B5cp
s__B5cq,g__B5,rank_2,s__B5cq,Root,f__B,g__B5,s__B5cq
s__B5cr,g__B5,rank_2,s__B5cr,Root,f__B,g__B5,s__B5cr
s__B5cu,g__B5,rank_2,s__B5cu,Root,f__B,g__B5,s__B5cu
s__B5cw,g__B5,rank_2,s__B5cw,Root,f__B,g__B5,s__B5cw
s__B5cx,g__B5,rank_2,s__B5cx,Root,f__B,g__B5,s__B5cx
s__B5cy,g__B5,rank_2,s__B5cy,Root,f__B,g__B5,s__B5cy
s__B5cz,g__B5,rank_2,s__B5cz,Root,f__B,g__B5,s__B5cz
s__B5d,g__B5,rank_2,s__B5d,Root,f__B,g__B5,s__B5d
s__B5da,g__B5,rank_2,s__B5da,Root,f__B,g__B5,s__B5da
s__B5db,g__B5,rank_2,s__B5db,Root,f__B,g__B5,s__B5db
s__B5dc,g__B5,rank_2,s__B5dc,Root,f__B,g__B5,s__B5dc
s__B5dd,g__B5,rank_2,s__B5dd,Root,f__B,g__B5,s__B5dd
s__B5de,g__B5,rank_2,s__B5de,Root,f__B,g__B5,s__B5de
s__B5dg,g__B5,rank_2,s__B5dg,Root,f__B,g__B5,s__B5dg
s__B5dh,g__B5,rank_2,s__B5dh,Root,f__B,g__B5,s__B5dh
s__B5di,g__B5,rank_2,s__B5di,Root,f__B,g__B5,s__B5di
s__B5dj,g__B5,rank_2,s__B5dj,Root,f__B,g__B5,s__B5dj
s__B5dk,g__B5,rank_2,s__B5dk,Root,f__B,g__B5,s__B5dk
s__B5dl,g__B5,rank_2,s__B5dl,Root,f__B,g__B5,s__B5dl
s__B5dm,g__B5,rank_2,s__B5dm,Root,f__B,g__B5,s__B5dm
s__B5dn,g__B5,rank_2,s__B5dn,Root,f__B,g__B5,s__B5dn
s__B5dp,g__B5,rank_2,s__B5dp,Root,f__B,g__B5,s__B5dp
s__B5dq,g__B5,rank_2,s__B5dq,Root,f__B,g__B5,s__B5dq
s__B5f,g__B5,rank_2,s__B5f,Root,f__B,g__B5,s__B5f
s__B5g,g__B5,rank_2,s__B5g,Root,f__B,g__B5,s__B5g
s__B5h,g__B5,rank_2,s__B5h,Root,f__B,g__B5,s__B5h
s__B5i,g__B5,rank_2,s__B5i,Root,f__B,g__B5,s__B5i
s__B5l,g__B5,rank_2,s__B5l,Root,f__B,g__B5,s__B5l
s__B5m,g__B5,rank_2,s__B5m,Root,f__B,g__B5,s__B5m
s__B5o,g__B5,rank_2,s__B5o,Root,f__B,g__B5,s__B5o
s__B5p,g__B5,rank_2,s__B5p,Root,f__B,g__B5,s__B5p
s__B5q,g__B5,rank_2,s__B5q,Root,f__B,g__B5,s__B5q
s__B5s,g__B5,rank_2,s__B5s,Root,f__B,g__B5,s__B5s
s__B5t,g__B5,rank_2,s__B5t,Root,f__B,g__B5,s__B5t
s__B5u,g__B5,rank_2,s__B5u,Root,f__B,g__B5,s__B5u
s__B5v,g__B5,rank_2,s__B5v,Root,f__B,g__B5,s__B5v
s__B5x,g__B5,rank_2,s__B5x,Root,f__B,g__B5,s__B5x
s__B5z,g__B5,rank_2,s__B5z,Root,f__B,g__B5,s__B5z
g__B6,f__B,rank_1,g__B6,Root,f__B,g__B6,
s__B6,g__B6,rank_2,s__B6,Root,f__B,g__B6,s__B6
s__B6e,g__B6,rank_2,s__B6e,Root,f__B,g__B6,s__B6e
s__B6f,g__B6,rank_2,s__B6f,Root,f__B,g__B6,s__B6f
s__B6g,g__B6,rank_2,s__B6g,Root,f__B,g__B6,s__B6g
s__B6h,g__B6,rank_2,s__B6h,Root,f__B,g__B6,s__B6h
s__B6i,g__B6,rank_2,s__B6i,Root,f__B,g__B6,s__B6i
s__B6j,g__B6,rank_2,s__B6j,Root,f__B,g__B6,s__B6j
s__B6k,g__B6,rank_2,s__B6k,Root,f__B,g__B6,s__B6k
s__B6l,g__B6,rank_2,s__B6l,Root,f__B,g__B6,s__B6l
g__B7,f__B,rank_1,g__B7,Root,f__B,g__B7,
s__B7,g__B7,rank_2,s__B7,Root,f__B,g__B7,s__B7
s__B7a,g__B7,rank_2,s__B7a,Root,f__B,g__B7,s__B7a
s__B7b,g__B7,rank_2,s__B7b,Root,f__B,g__B7,s__B7b
s__B7c,g__B7,rank_2,s__B7c,Root,f__B,g__B7,s__B7c
g__B8,f__B,rank_1,g__B8,Root,f__B,g__B8,
s__B8a,g__B8,rank_2,s__B8a,Root,f__B,g__B8,s__B8a
g__B9,f__B,rank_1,g__B9,Root,f__B,g__B9,
s__B9,g__B9,rank_2,s__B9,Root,f__B,g__B9,s__B9
f__C,Root,rank_0,f__C,Root,f__C,,
g__C10,f__C,rank_1,g__C10,Root,f__C,g__C10,
s__C10,g__C10,rank_2,s__C10,Root,f__C,g__C10,s__C10
g__C105,f__C,rank_1,g__C105,Root,f__C,g__C105,
s__C105,g__C105,rank_2,s__C105,Root,f__C,g__C105,s__C105
s__C105a,g__C105,rank_2,s__C105a,Root,f__C,g__C105,s__C105a
s__C105b,g__C105,rank_2,s__C105b,Root,f__C,g__C105,s__C105b
s__C105c,g__C105,rank_2,s__C105c,Root,f__C,g__C105,s__C105c
g__C106,f__C,rank_1,g__C106,Root,f__C,g__C106,
s__C106,g__C106,rank_2,s__C106,Root,f__C,g__C106,s__C106
s__C106a,g__C106,rank_2,s__C106a,Root,f__C,g__C106,s__C106a
g__C107,f__C,rank_1,g__C107,Root,f__C,g__C107,
s__C107,g__C107,rank_2,s__C107,Root,f__C,g__C107,s__C107
s__C107a,g__C107,rank_2,s__C107a,Root,f__C,g__C107,s__C107a
s__C107b,g__C107,rank_2,s__C107b,Root,f__C,g__C107,s__C107b
s__C107c,g__C107,rank_2,s__C107c,Root,f__C,g__C107,s__C107c
s__C107e,g__C107,rank_2,s__C107e,Root,f__C,g__C107,s__C107e
s__C10b,g__C10,rank_2,s__C10b,Root,f__C,g__C10,s__C10b
g__C11,f__C,rank_1,g__C11,Root,f__C,g__C11,
s__C11,g__C11,rank_2,s__C11,Root,f__C,g__C11,s__C11
g__C110,f__C,rank_1,g__C110,Root,f__C,g__C110,
s__C110,g__C110,rank_2,s__C110,Root,f__C,g__C110,s__C110
g__C112,f__C,rank_1,g__C112,Root,f__C,g__C112,
s__C112,g__C112,rank_2,s__C112,Root,f__C,g__C112,s__C112
g__C113,f__C,rank_1,g__C113,Root,f__C,g__C113,
s__C113,g__C113,rank_2,s__C113,Root,f__C,g__C113,s__C113
g__C115,f__C,rank_1,g__C115,Root,f__C,g__C115,
s__C115,g__C115,rank_2,s__C115,Root,f__C,g__C115,s__C115
s__C115a,g__C115,rank_2,s__C115a,Root,f__C,g__C115,s__C115a
s__C115b,g__C115,rank_2,s__C115b,Root,f__C,g__C115,s__C115b
s__C115c,g__C115,rank_2,s__C115c,Root,f__C,g__C115,s__C115c
s__C115d,g__C115,rank_2,s__C115d,Root,f__C,g__C115,s__C115d
s__C115e,g__C115,rank_2,s__C115e,Root,f__C,g__C115,s__C115e
s__C115f,g__C115,rank_2,s__C115f,Root,f__C,g__C115,s__C115f
s__C115g,g__C115,rank_2,s__C115g,Root,f__C,g__C115,s__C115g
s__C115h,g__C115,rank_2,s__C115h,Root,f__C,g__C115,s__C115h
s__C115i,g__C115,rank_2,s__C115i,Root,f__C,g__C115,s__C115i
s__C115j,g__C115,rank_2,s__C115j,Root,f__C,g__C115,s__C115j
s__C115k,g__C115,rank_2,s__C115k,Root,f__C,g__C115,s__C115k
s__C115l,g__C115,rank_2,s__C115l,Root,f__C,g__C115,s__C115l
s__C115m,g__C115,rank_2,s__C115m,Root,f__C,g__C115,s__C115m
s__C115p,g__C115,rank_2,s__C115p,Root,f__C,g__C115,s__C115p
s__C115q,g__C115,rank_2,s__C115q,Root,f__C,g__C115,s__C115q
s__C115r,g__C115,rank_2,s__C115r,Root,f__C,g__C115,s__C115r
s__C115s,g__C115,rank_2,s__C115s,Root,f__C,g__C115,s__C115s
s__C115t,g__C115,rank_2,s__C115t,Root,f__C,g__C115,s__C115t
s__C115u,g__C115,rank_2,s__C115u,Root,f__C,g__C115,s__C115u
s__C115v,g__C115,rank_2,s__C115v,Root,f__C,g__C115,s__C115v
s__C115w,g__C115,rank_2,s__C115w,Root,f__C,g__C115,s__C115w
s__C115x,g__C115,rank_2,s__C115x,Root,f__C,g__C115,s__C115x
s__C115y,g__C115,rank_2,s__C115y,Root,f__C,g__C115,s__C115y
s__C115z,g__C115,rank_2,s__C115z,Root,f__C,g__C115,s__C115z
g__C116,f__C,rank_1,g__C116,Root,f__C,g__C116,
s__C116,g__C116,rank_2,s__C116,Root,f__C,g__C116,s__C116
s__C116a,g__C116,rank_2,s__C116a,Root,f__C,g__C116,s__C116a
s__C116ab,g__C116,rank_2,s__C116ab,Root,f__C,g__C116,s__C116ab
s__C116ac,g__C116,rank_2,s__C116ac,Root,f__C,g__C116,s__C116ac
s__C116ad,g__C116,rank_2,s__C116ad,Root,f__C,g__C116,s__C116ad
s__C116ae,g__C116,rank_2,s__C116ae,Root,f__C,g__C116,s__C116ae
s__C116af,g__C116,rank_2,s__C116af,Root,f__C,g__C116,s__C116af
s__C116ag,g__C116,rank_2,s__C116ag,Root,f__C,g__C116,s__C116ag
s__C116ah,g__C116,rank_2,s__C116ah,Root,f__C,g__C116,s__C116ah
s__C116ai,g__C116,rank_2,s__C116ai,Root,f__C,g__C116,s__C116ai
s__C116aj,g__C116,rank_2,s__C116aj,Root,f__C,g__C116,s__C116aj
s__C116ak,g__C116,rank_2,s__C116ak,Root,f__C,g__C116,s__C116ak
s__C116am,g__C116,rank_2,s__C116am,Root,f__C,g__C116,s__C116am
s__C116an,g__C116,rank_2,s__C116an,Root,f__C,g__C116,s__C116an
s__C116ao,g__C116,rank_2,s__C116ao,Root,f__C,g__C116,s__C116ao
s__C116ap,g__C116,rank_2,s__C116ap,Root,f__C,g__C116,s__C116ap
s__C116aq,g__C116,rank_2,s__C116aq,Root,f__C,g__C116,s__C116aq
s__C116ar,g__C116,rank_2,s__C116ar,Root,f__C,g__C116,s__C116ar
s__C116as,g__C116,rank_2,s__C116as,Root,f__C,g__C116,s__C116as
s__C116at,g__C116,rank_2,s__C116at,Root,f__C,g__C116,s__C116at
s__C116au,g__C116,rank_2,s__C116au,Root,f__C,g__C116,s__C116au
s__C116av,g__C116,rank_2,s__C116av,Root,f__C,g__C116,s__C116av
s__C116aw,g__C116,rank_2,s__C116aw,Root,f__C,g__C116,s__C116aw
s__C116ax,g__C116,rank_2,s__C116ax,Root,f__C,g__C116,s__C116ax
s__C116ay,g__C116,rank_2,s__C116ay,Root,f__C,g__C116,s__C116ay
s__C116az,g__C116,rank_2,s__C116az,Root,f__C,g__C116,s__C116az
s__C116b,g__C116,rank_2,s__C116b,Root,f__C,g__C116,s__C116b
s__C116ba,g__C116,rank_2,s__C116ba,Root,f__C,g__C116,s__C116ba
s__C116bb,g__C116,rank_2,s__C116bb,Root,f__C,g__C116,s__C116bb
s__C116bc,g__C116,rank_2,s__C116bc,Root,f__C,g__C116,s__C116bc
s__C116bd,g__C116,rank_2,s__C116bd,Root,f__C,g__C116,s__C116bd
s__C116be,g__C116,rank_2,s__C116be,Root,f__C,g__C116,s__C116be
s__C116bf,g__C116,rank_2,s__C116bf,Root,f__C,g__C116,s__C116bf
s__C116bg,g__C116,rank_2,s__C116bg,Root,f__C,g__C116,s__C116bg
s__C116bh,g__C116,rank_2,s__C116bh,Root,f__C,g__C116,s__C116bh
s__C116bi,g__C116,rank_2,s__C116bi,Root,f__C,g__C116,s__C116bi
s__C116bj,g__C116,rank_2,s__C116bj,Root,f__C,g__C116,s__C116bj
s__C116bk,g__C116,rank_2,s__C116bk,Root,f__C,g__C116,s__C116bk
s__C116bl,g__C116,rank_2,s__C116bl,Root,f__C,g__C116,s__C116bl
s__C116bm,g__C116,rank_2,s__C116bm,Root,f__C,g__C116,s__C116bm
s__C116bn,g__C116,rank_2,s__C116bn,Root,f__C,g__C116,s__C116bn
s__C116bo,g__C116,rank_2,s__C116bo,Root,f__C,g__C116,s__C116bo
s__C116bp,g__C116,rank_2,s__C116bp,Root,f__C,g__C116,s__C116bp
s__C116bq,g__C116,rank_2,s__C116bq,Root,f__C,g__C116,s__C116bq
s__C116br,g__C116,rank_2,s__C116br,Root,f__C,g__C116,s__C116br
s__C116bs,g__C116,rank_2,s__C116bs,Root,f__C,g__C116,s__C116bs
s__C116bt,g__C116,rank_2,s__C116bt,Root,f__C,g__C116,s__C116bt
s__C116bu,g__C116,rank_2,s__C116bu,Root,f__C,g__C116,s__C116bu
s__C116bv,g__C116,rank_2,s__C116bv,Root,f__C,g__C116,s__C116bv
s__C116bw,g__C116,rank_2,s__C116bw,Root,f__C,g__C116,s__C116bw
s__C116bx,g__C116,rank_2,s__C116bx,Root,f__C,g__C116,s__C116bx
s__C116by,g__C116,rank_2,s__C116by,Root,f__C,g__C116,s__C116by
s__C116c,g__C116,rank_2,s__C116c,Root,f__C,g__C116,s__C116c
s__C116d,g__C116,rank_2,s__C116d,Root,f__C,g__C116,s__C116d
s__C116e,g__C116,rank_2,s__C116e,Root,f__C,g__C116,s__C116e
s__C116f,g__C116,rank_2,s__C116f,Root,f__C,g__C116,s__C116f
s__C116g,g__C116,rank_2,s__C116g,Root,f__C,g__C116,s__C116g
s__C116h,g__C116,rank_2,s__C116h,Root,f__C,g__C116,s__C116h
s__C116i,g__C116,rank_2,s__C116i,Root,f__C,g__C116,s__C116i
s__C116k,g__C116,rank_2,s__C116k,Root,f__C,g__C116,s__C116k
s__C116l,g__C116,rank_2,s__C116l,Root,f__C,g__C116,s__C116l
s__C116m,g__C116,rank_2,s__C116m,Root,f__C,g__C116,s__C116m
s__C116n,g__C116,rank_2,s__C116n,Root,f__C,g__C116,s__C116n
s__C116o,g__C116,rank_2,s__C116o,Root,f__C,g__C116,s__C116o
s__C116p,g__C116,rank_2,s__C116p,Root,f__C,g__C116,s__C116p
s__C116q,g__C116,rank_2,s__C116q,Root,f__C,g__C116,s__C116q
s__C116r,g__C116,rank_2,s__C116r,Root,f__C,g__C116,s__C116r
s__C116s,g__C116,rank_2,s__C116s,Root,f__C,g__C116,s__C116s
s__C116t,g__C116,rank_2,s__C116t,Root,f__C,g__C116,s__C116t
s__C116u,g__C116,rank_2,s__C116u,Root,f__C,g__C116,s__C116u
s__C116v,g__C116,rank_2,s__C116v,Root,f__C,g__C116,s__C116v
s__C116w,g__C116,rank_2,s__C116w,Root,f__C,g__C116,s__C116w
s__C116x,g__C116,rank_2,s__C116x,Root,f__C,g__C116,s__C116x
s__C116y,g__C116,rank_2,s__C116y,Root,f__C,g__C116,s__C116y
s__C116z,g__C116,rank_2,s__C116z,Root,f__C,g__C116,s__C116z
g__C119,f__C,rank_1,g__C119,Root,f__C,g__C119,
s__C119,g__C119,rank_2,s__C119,Root,f__C,g__C119,s__C119
s__C11a,g__C11,rank_2,s__C11a,Root,f__C,g__C11,s__C11a
s__C11b,g__C11,rank_2,s__C11b,Root,f__C,g__C11,s__C11b
g__C120,f__C,rank_1,g__C120,Root,f__C,g__C120,
s__C120,g__C120,rank_2,s__C120,Root,f__C,g__C120,s__C120
s__C120a,g__C120,rank_2,s__C120a,Root,f__C,g__C120,s__C120a
s__C120b,g__C120,rank_2,s__C120b,Root,f__C,g__C120,s__C120b
s__C120c,g__C120,rank_2,s__C120c,Root,f__C,g__C120,s__C120c
s__C120d,g__C120,rank_2,s__C120d,Root,f__C,g__C120,s__C120d
s__C120f,g__C120,rank_2,s__C120f,Root,f__C,g__C120,s__C120f
s__C120g,g__C120,rank_2,s__C120g,Root,f__C,g__C120,s__C120g
s__C120h,g__C120,rank_2,s__C120h,Root,f__C,g__C120,s__C120h
g__C123,f__C,rank_1,g__C123,Root,f__C,g__C123,
s__C123,g__C123,rank_2,s__C123,Root,f__C,g__C123,s__C123
s__C123a,g__C123,rank_2,s__C123a,Root,f__C,g__C123,s__C123a
s__C123b,g__C123,rank_2,s__C123b,Root,f__C,g__C123,s__C123b
s__C123c,g__C123,rank_2,s__C123c,Root,f__C,g__C123,s__C123c
g__C124,f__C,rank_1,g__C124,Root,f__C,g__C124,
s__C124,g__C124,rank_2,s__C124,Root,f__C,g__C124,s__C124
g__C128,f__C,rank_1,g__C128,Root,f__C,g__C128,
s__C128,g__C128,rank_2,s__C128,Root,f__C,g__C128,s__C128
g__C12,f__C,rank_1,g__C12,Root,f__C,g__C12,
s__C12a,g__C12,rank_2,s__C12a,Root,f__C,g__C12,s__C12a
s__C12d,g__C12,rank_2,s__C12d,Root,f__C,g__C12,s__C12d
s__C12f,g__C12,rank_2,s__C12f,Root,f__C,g__C12,s__C12f
s__C12g,g__C12,rank_2,s__C12g,Root,f__C,g__C12,s__C12g
s__C12j,g__C12,rank_2,s__C12j,Root,f__C,g__C12,s__C12j
g__C14,f__C,rank_1,g__C14,Root,f__C,g__C14,
s__C14,g__C14,rank_2,s__C14,Root,f__C,g__C14,s__C14
g__C1,f__C,rank_1,g__C1,Root,f__C,g__C1,
s__C1.5,g__C1,rank_2,s__C1.5,Root,f__C,g__C1,s__C1.5
g__C15,f__C,rank_1,g__C15,Root,f__C,g__C15,
s__C15.3,g__C15,rank_2,s__C15.3,Root,f__C,g__C15,s__C15.3
s__C15.8,g__C15,rank_2,s__C15.8,Root,f__C,g__C15,s__C15.8
s__C15.9/C15bb,g__C15,rank_2,s__C15.9/C15bb,Root,f__C,g__C15,s__C15.9/C15bb
s__C15a,g__C15,rank_2,s__C15a,Root,f__C,g__C15,s__C15a
s__C15aa,g__C15,rank_2,s__C15aa,Root,f__C,g__C15,s__C15aa
s__C15ab,g__C15,rank_2,s__C15ab,Root,f__C,g__C15,s__C15ab
s__C15ac,g__C15,rank_2,s__C15ac,Root,f__C,g__C15,s__C15ac
s__C15ad,g__C15,rank_2,s__C15ad,Root,f__C,g__C15,s__C15ad
s__C15ae,g__C15,rank_2,s__C15ae,Root,f__C,g__C15,s__C15ae
s__C15af,g__C15,rank_2,s__C15af,Root,f__C,g__C15,s__C15af
s__C15ag,g__C15,rank_2,s__C15ag,Root,f__C,g__C15,s__C15ag
s__C15ah,g__C15,rank_2,s__C15ah,Root,f__C,g__C15,s__C15ah
s__C15ai,g__C15,rank_2,s__C15ai,Root,f__C,g__C15,s__C15ai
s__C15aj,g__C15,rank_2,s__C15aj,Root,f__C,g__C15,s__C15aj
s__C15ak,g__C15,rank_2,s__C15ak,Root,f__C,g__C15,s__C15ak
s__C15al,g__C15,rank_2,s__C15al,Root,f__C,g__C15,s__C15al
s__C15am,g__C15,rank_2,s__C15am,Root,f__C,g__C15,s__C15am
s__C15an,g__C15,rank_2,s__C15an,Root,f__C,g__C15,s__C15an
s__C15ao,g__C15,rank_2,s__C15ao,Root,f__C,g__C15,s__C15ao
s__C15ap,g__C15,rank_2,s__C15ap,Root,f__C,g__C15,s__C15ap
s__C15aq,g__C15,rank_2,s__C15aq,Root,f__C,g__C15,s__C15aq
s__C15ar,g__C15,rank_2,s__C15ar,Root,f__C,g__C15,s__C15ar
s__C15as,g__C15,rank_2,s__C15as,Root,f__C,g__C15,s__C15as
s__C15at,g__C15,rank_2,s__C15at,Root,f__C,g__C15,s__C15at
s__C15au,g__C15,rank_2,s__C15au,Root,f__C,g__C15,s__C15au
s__C15av,g__C15,rank_2,s__C15av,Root,f__C,g__C15,s__C15av
s__C15ax,g__C15,rank_2,s__C15ax,Root,f__C,g__C15,s__C15ax
s__C15ay,g__C15,rank_2,s__C15ay,Root,f__C,g__C15,s__C15ay
s__C15az,g__C15,rank_2,s__C15az,Root,f__C,g__C15,s__C15az
s__C15bc,g__C15,rank_2,s__C15bc,Root,f__C,g__C15,s__C15bc
s__C15be,g__C15,rank_2,s__C15be,Root,f__C,g__C15,s__C15be
s__C15bg,g__C15,rank_2,s__C15bg,Root,f__C,g__C15,s__C15bg
s__C15bh,g__C15,rank_2,s__C15bh,Root,f__C,g__C15,s__C15bh
s__C15bi,g__C15,rank_2,s__C15bi,Root,f__C,g__C15,s__C15bi
s__C15bj,g__C15,rank_2,s__C15bj,Root,f__C,g__C15,s__C15bj
s__C15bk,g__C15,rank_2,s__C15bk,Root,f__C,g__C15,s__C15bk
s__C15bl,g__C15,rank_2,s__C15bl,Root,f__C,g__C15,s__C15bl
s__C15bm,g__C15,rank_2,s__C15bm,Root,f__C,g__C15,s__C15bm
s__C15bn,g__C15,rank_2,s__C15bn,Root,f__C,g__C15,s__C15bn
s__C15bo,g__C15,rank_2,s__C15bo,Root,f__C,g__C15,s__C15bo
s__C15br,g__C15,rank_2,s__C15br,Root,f__C,g__C15,s__C15br
s__C15bs,g__C15,rank_2,s__C15bs,Root,f__C,g__C15,s__C15bs
s__C15bt,g__C15,rank_2,s__C15bt,Root,f__C,g__C15,s__C15bt
s__C15bu,g__C15,rank_2,s__C15bu,Root,f__C,g__C15,s__C15bu
s__C15bv,g__C15,rank_2,s__C15bv,Root,f__C,g__C15,s__C15bv
s__C15bw,g__C15,rank_2,s__C15bw,Root,f__C,g__C15,s__C15bw
s__C15bx,g__C15,rank_2,s__C15bx,Root,f__C,g__C15,s__C15bx
s__C15by,g__C15,rank_2,s__C15by,Root,f__C,g__C15,s__C15by
s__C15bz,g__C15,rank_2,s__C15bz,Root,f__C,g__C15,s__C15bz
s__C15c,g__C15,rank_2,s__C15c,Root,f__C,g__C15,s__C15c
s__C15ca,g__C15,rank_2,s__C15ca,Root,f__C,g__C15,s__C15ca
s__C15cb,g__C15,rank_2,s__C15cb,Root,f__C,g__C15,s__C15cb
s__C15cc,g__C15,rank_2,s__C15cc,Root,f__C,g__C15,s__C15cc
s__C15cd,g__C15,rank_2,s__C15cd,Root,f__C,g__C15,s__C15cd
s__C15cf,g__C15,rank_2,s__C15cf,Root,f__C,g__C15,s__C15cf
s__C15cg,g__C15,rank_2,s__C15cg,Root,f__C,g__C15,s__C15cg
s__C15ch,g__C15,rank_2,s__C15ch,Root,f__C,g__C15,s__C15ch
s__C15ci,g__C15,rank_2,s__C15ci,Root,f__C,g__C15,s__C15ci
s__C15cj,g__C15,rank_2,s__C15cj,Root,f__C,g__C15,s__C15cj
s__C15cl,g__C15,rank_2,s__C15cl,Root,f__C,g__C15,s__C15cl
s__C15cm,g__C15,rank_2,s__C15cm,Root,f__C,g__C15,s__C15cm
s__C15cn,g__C15,rank_2,s__C15cn,Root,f__C,g__C15,s__C15cn
s__C15cp,g__C15,rank_2,s__C15cp,Root,f__C,g__C15,s__C15cp
s__C15cq,g__C15,rank_2,s__C15cq,Root,f__C,g__C15,s__C15cq
s__C15cr,g__C15,rank_2,s__C15cr,Root,f__C,g__C15,s__C15cr
s__C15cs,g__C15,rank_2,s__C15cs,Root,f__C,g__C15,s__C15cs
s__C15ct,g__C15,rank_2,s__C15ct,Root,f__C,g__C15,s__C15ct
s__C15cu,g__C15,rank_2,s__C15cu,Root,f__C,g__C15,s__C15cu
s__C15cv,g__C15,rank_2,s__C15cv,Root,f__C,g__C15,s__C15cv
s__C15cw,g__C15,rank_2,s__C15cw,Root,f__C,g__C15,s__C15cw
s__C15cx,g__C15,rank_2,s__C15cx,Root,f__C,g__C15,s__C15cx
s__C15cy,g__C15,rank_2,s__C15cy,Root,f__C,g__C15,s__C15cy
s__C15cz,g__C15,rank_2,s__C15cz,Root,f__C,g__C15,s__C15cz
s__C15d,g__C15,rank_2,s__C15d,Root,f__C,g__C15,s__C15d
s__C15da,g__C15,rank_2,s__C15da,Root,f__C,g__C15,s__C15da
s__C15db,g__C15,rank_2,s__C15db,Root,f__C,g__C15,s__C15db
s__C15dc,g__C15,rank_2,s__C15dc,Root,f__C,g__C15,s__C15dc
s__C15dd,g__C15,rank_2,s__C15dd,Root,f__C,g__C15,s__C15dd
s__C15df,g__C15,rank_2,s__C15df,Root,f__C,g__C15,s__C15df
s__C15dg,g__C15,rank_2,s__C15dg,Root,f__C,g__C15,s__C15dg
s__C15dh,g__C15,rank_2,s__C15dh,Root,f__C,g__C15,s__C15dh
s__C15dj,g__C15,rank_2,s__C15dj,Root,f__C,g__C15,s__C15dj
s__C15dl,g__C15,rank_2,s__C15dl,Root,f__C,g__C15,s__C15dl
s__C15dm,g__C15,rank_2,s__C15dm,Root,f__C,g__C15,s__C15dm
s__C15dn,g__C15,rank_2,s__C15dn,Root,f__C,g__C15,s__C15dn
s__C15do,g__C15,rank_2,s__C15do,Root,f__C,g__C15,s__C15do
s__C15dp,g__C15,rank_2,s__C15dp,Root,f__C,g__C15,s__C15dp
s__C15dq,g__C15,rank_2,s__C15dq,Root,f__C,g__C15,s__C15dq
s__C15dr,g__C15,rank_2,s__C15dr,Root,f__C,g__C15,s__C15dr
s__C15ds,g__C15,rank_2,s__C15ds,Root,f__C,g__C15,s__C15ds
s__C15dt,g__C15,rank_2,s__C15dt,Root,f__C,g__C15,s__C15dt
s__C15du,g__C15,rank_2,s__C15du,Root,f__C,g__C15,s__C15du
s__C15dv,g__C15,rank_2,s__C15dv,Root,f__C,g__C15,s__C15dv
s__C15dw,g__C15,rank_2,s__C15dw,Root,f__C,g__C15,s__C15dw
s__C15dx,g__C15,rank_2,s__C15dx,Root,f__C,g__C15,s__C15dx
s__C15dy,g__C15,rank_2,s__C15dy,Root,f__C,g__C15,s__C15dy
s__C15dz,g__C15,rank_2,s__C15dz,Root,f__C,g__C15,s__C15dz
s__C15e,g__C15,rank_2,s__C15e,Root,f__C,g__C15,s__C15e
s__C15eb,g__C15,rank_2,s__C15eb,Root,f__C,g__C15,s__C15eb
s__C15ed,g__C15,rank_2,s__C15ed,Root,f__C,g__C15,s__C15ed
s__C15ee,g__C15,rank_2,s__C15ee,Root,f__C,g__C15,s__C15ee
s__C15ef,g__C15,rank_2,s__C15ef,Root,f__C,g__C15,s__C15ef
s__C15eg,g__C15,rank_2,s__C15eg,Root,f__C,g__C15,s__C15eg
s__C15eh,g__C15,rank_2,s__C15eh,Root,f__C,g__C15,s__C15eh
s__C15ei,g__C15,rank_2,s__C15ei,Root,f__C,g__C15,s__C15ei
s__C15ej,g__C15,rank_2,s__C15ej,Root,f__C,g__C15,s__C15ej
s__C15ek,g__C15,rank_2,s__C15ek,Root,f__C,g__C15,s__C15ek
s__C15el,g__C15,rank_2,s__C15el,Root,f__C,g__C15,s__C15el
s__C15em,g__C15,rank_2,s__C15em,Root,f__C,g__C15,s__C15em
s__C15en,g__C15,rank_2,s__C15en,Root,f__C,g__C15,s__C15en
s__C15eo,g__C15,rank_2,s__C15eo,Root,f__C,g__C15,s__C15eo
s__C15ep,g__C15,rank_2,s__C15ep,Root,f__C,g__C15,s__C15ep
s__C15er,g__C15,rank_2,s__C15er,Root,f__C,g__C15,s__C15er
s__C15es,g__C15,rank_2,s__C15es,Root,f__C,g__C15,s__C15es
s__C15et,g__C15,rank_2,s__C15et,Root,f__C,g__C15,s__C15et
s__C15eu,g__C15,rank_2,s__C15eu,Root,f__C,g__C15,s__C15eu
s__C15ew,g__C15,rank_2,s__C15ew,Root,f__C,g__C15,s__C15ew
s__C15ex,g__C15,rank_2,s__C15ex,Root,f__C,g__C15,s__C15ex
s__C15ey,g__C15,rank_2,s__C15ey,Root,f__C,g__C15,s__C15ey
s__C15fa,g__C15,rank_2,s__C15fa,Root,f__C,g__C15,s__C15fa
s__C15fb,g__C15,rank_2,s__C15fb,Root,f__C,g__C15,s__C15fb
s__C15fc,g__C15,rank_2,s__C15fc,Root,f__C,g__C15,s__C15fc
s__C15fd,g__C15,rank_2,s__C15fd,Root,f__C,g__C15,s__C15fd
s__C15fe,g__C15,rank_2,s__C15fe,Root,f__C,g__C15,s__C15fe
s__C15ff,g__C15,rank_2,s__C15ff,Root,f__C,g__C15,s__C15ff
s__C15fg,g__C15,rank_2,s__C15fg,Root,f__C,g__C15,s__C15fg
s__C15fh,g__C15,rank_2,s__C15fh,Root,f__C,g__C15,s__C15fh
s__C15fi,g__C15,rank_2,s__C15fi,Root,f__C,g__C15,s__C15fi
s__C15fj,g__C15,rank_2,s__C15fj,Root,f__C,g__C15,s__C15fj
s__C15fk,g__C15,rank_2,s__C15fk,Root,f__C,g__C15,s__C15fk
s__C15fl,g__C15,rank_2,s__C15fl,Root,f__C,g__C15,s__C15fl
s__C15fm,g__C15,rank_2,s__C15fm,Root,f__C,g__C15,s__C15fm
s__C15fn,g__C15,rank_2,s__C15fn,Root,f__C,g__C15,s__C15fn
s__C15fo,g__C15,rank_2,s__C15fo,Root,f__C,g__C15,s__C15fo
s__C15fq,g__C15,rank_2,s__C15fq,Root,f__C,g__C15,s__C15fq
s__C15fr,g__C15,rank_2,s__C15fr,Root,f__C,g__C15,s__C15fr
s__C15fs,g__C15,rank_2,s__C15fs,Root,f__C,g__C15,s__C15fs
s__C15ft,g__C15,rank_2,s__C15ft,Root,f__C,g__C15,s__C15ft
s__C15fu,g__C15,rank_2,s__C15fu,Root,f__C,g__C15,s__C15fu
s__C15fw,g__C15,rank_2,s__C15fw,Root,f__C,g__C15,s__C15fw
s__C15fx,g__C15,rank_2,s__C15fx,Root,f__C,g__C15,s__C15fx
s__C15fy,g__C15,rank_2,s__C15fy,Root,f__C,g__C15,s__C15fy
s__C15fz,g__C15,rank_2,s__C15fz,Root,f__C,g__C15,s__C15fz
s__C15g,g__C15,rank_2,s__C15g,Root,f__C,g__C15,s__C15g
s__C15ga,g__C15,rank_2,s__C15ga,Root,f__C,g__C15,s__C15ga
s__C15gb,g__C15,rank_2,s__C15gb,Root,f__C,g__C15,s__C15gb
s__C15gc,g__C15,rank_2,s__C15gc,Root,f__C,g__C15,s__C15gc
s__C15gd,g__C15,rank_2,s__C15gd,Root,f__C,g__C15,s__C15gd
s__C15ge,g__C15,rank_2,s__C15ge,Root,f__C,g__C15,s__C15ge
s__C15gf,g__C15,rank_2,s__C15gf,Root,f__C,g__C15,s__C15gf
s__C15gh,g__C15,rank_2,s__C15gh,Root,f__C,g__C15,s__C15gh
s__C15gi,g__C15,rank_2,s__C15gi,Root,f__C,g__C15,s__C15gi
s__C15gj,g__C15,rank_2,s__C15gj,Root,f__C,g__C15,s__C15gj
s__C15gk,g__C15,rank_2,s__C15gk,Root,f__C,g__C15,s__C15gk
s__C15gl,g__C15,rank_2,s__C15gl,Root,f__C,g__C15,s__C15gl
s__C15gm,g__C15,rank_2,s__C15gm,Root,f__C,g__C15,s__C15gm
s__C15go,g__C15,rank_2,s__C15go,Root,f__C,g__C15,s__C15go
s__C15gp,g__C15,rank_2,s__C15gp,Root,f__C,g__C15,s__C15gp
s__C15gq,g__C15,rank_2,s__C15gq,Root,f__C,g__C15,s__C15gq
s__C15gr,g__C15,rank_2,s__C15gr,Root,f__C,g__C15,s__C15gr
s__C15gt,g__C15,rank_2,s__C15gt,Root,f__C,g__C15,s__C15gt
s__C15gu,g__C15,rank_2,s__C15gu,Root,f__C,g__C15,s__C15gu
s__C15gw,g__C15,rank_2,s__C15gw,Root,f__C,g__C15,s__C15gw
s__C15gx,g__C15,rank_2,s__C15gx,Root,f__C,g__C15,s__C15gx
s__C15h,g__C15,rank_2,s__C15h,Root,f__C,g__C15,s__C15h
s__C15ha,g__C15,rank_2,s__C15ha,Root,f__C,g__C15,s__C15ha
s__C15hb,g__C15,rank_2,s__C15hb,Root,f__C,g__C15,s__C15hb
s__C15hc,g__C15,rank_2,s__C15hc,Root,f__C,g__C15,s__C15hc
s__C15hd,g__C15,rank_2,s__C15hd,Root,f__C,g__C15,s__C15hd
s__C15hf,g__C15,rank_2,s__C15hf,Root,f__C,g__C15,s__C15hf
s__C15hg,g__C15,rank_2,s__C15hg,Root,f__C,g__C15,s__C15hg
s__C15hh,g__C15,rank_2,s__C15hh,Root,f__C,g__C15,s__C15hh
s__C15hi,g__C15,rank_2,s__C15hi,Root,f__C,g__C15,s__C15hi
s__C15hj,g__C15,rank_2,s__C15hj,Root,f__C,g__C15,s__C15hj
s__C15hk,g__C15,rank_2,s__C15hk,Root,f__C,g__C15,s__C15hk
s__C15hl,g__C15,rank_2,s__C15hl,Root,f__C,g__C15,s__C15hl
s__C15hm,g__C15,rank_2,s__C15hm,Root,f__C,g__C15,s__C15hm
s__C15hn,g__C15,rank_2,s__C15hn,Root,f__C,g__C15,s__C15hn
s__C15ho,g__C15,rank_2,s__C15ho,Root,f__C,g__C15,s__C15ho
s__C15hq,g__C15,rank_2,s__C15hq,Root,f__C,g__C15,s__C15hq
s__C15hr,g__C15,rank_2,s__C15hr,Root,f__C,g__C15,s__C15hr
s__C15hs,g__C15,rank_2,s__C15hs,Root,f__C,g__C15,s__C15hs
s__C15ht,g__C15,rank_2,s__C15ht,Root,f__C,g__C15,s__C15ht
s__C15hu,g__C15,rank_2,s__C15hu,Root,f__C,g__C15,s__C15hu
s__C15hw,g__C15,rank_2,s__C15hw,Root,f__C,g__C15,s__C15hw
s__C15hx,g__C15,rank_2,s__C15hx,Root,f__C,g__C15,s__C15hx
s__C15hy,g__C15,rank_2,s__C15hy,Root,f__C,g__C15,s__C15hy
s__C15hz,g__C15,rank_2,s__C15hz,Root,f__C,g__C15,s__C15hz
s__C15i,g__C15,rank_2,s__C15i,Root,f__C,g__C15,s__C15i
s__C15ia,g__C15,rank_2,s__C15ia,Root,f__C,g__C15,s__C15ia
s__C15ib,g__C15,rank_2,s__C15ib,Root,f__C,g__C15,s__C15ib
s__C15ic,g__C15,rank_2,s__C15ic,Root,f__C,g__C15,s__C15ic
s__C15id,g__C15,rank_2,s__C15id,Root,f__C,g__C15,s__C15id
s__C15ie,g__C15,rank_2,s__C15ie,Root,f__C,g__C15,s__C15ie
s__C15if,g__C15,rank_2,s__C15if,Root,f__C,g__C15,s__C15if
s__C15ig,g__C15,rank_2,s__C15ig,Root,f__C,g__C15,s__C15ig
s__C15ih,g__C15,rank_2,s__C15ih,Root,f__C,g__C15,s__C15ih
s__C15ij,g__C15,rank_2,s__C15ij,Root,f__C,g__C15,s__C15ij
s__C15ik,g__C15,rank_2,s__C15ik,Root,f__C,g__C15,s__C15ik
s__C15im,g__C15,rank_2,s__C15im,Root,f__C,g__C15,s__C15im
s__C15in,g__C15,rank_2,s__C15in,Root,f__C,g__C15,s__C15in
s__C15io,g__C15,rank_2,s__C15io,Root,f__C,g__C15,s__C15io
s__C15ip,g__C15,rank_2,s__C15ip,Root,f__C,g__C15,s__C15ip
s__C15ir,g__C15,rank_2,s__C15ir,Root,f__C,g__C15,s__C15ir
s__C15is,g__C15,rank_2,s__C15is,Root,f__C,g__C15,s__C15is
s__C15it,g__C15,rank_2,s__C15it,Root,f__C,g__C15,s__C15it
s__C15iu,g__C15,rank_2,s__C15iu,Root,f__C,g__C15,s__C15iu
s__C15iv,g__C15,rank_2,s__C15iv,Root,f__C,g__C15,s__C15iv
s__C15iw,g__C15,rank_2,s__C15iw,Root,f__C,g__C15,s__C15iw
s__C15ix,g__C15,rank_2,s__C15ix,Root,f__C,g__C15,s__C15ix
s__C15iy,g__C15,rank_2,s__C15iy,Root,f__C,g__C15,s__C15iy
s__C15iz,g__C15,rank_2,s__C15iz,Root,f__C,g__C15,s__C15iz
s__C15j,g__C15,rank_2,s__C15j,Root,f__C,g__C15,s__C15j
s__C15jb,g__C15,rank_2,s__C15jb,Root,f__C,g__C15,s__C15jb
s__C15jc,g__C15,rank_2,s__C15jc,Root,f__C,g__C15,s__C15jc
s__C15jd,g__C15,rank_2,s__C15jd,Root,f__C,g__C15,s__C15jd
s__C15je,g__C15,rank_2,s__C15je,Root,f__C,g__C15,s__C15je
s__C15jf,g__C15,rank_2,s__C15jf,Root,f__C,g__C15,s__C15jf
s__C15jg,g__C15,rank_2,s__C15jg,Root,f__C,g__C15,s__C15jg
s__C15jh,g__C15,rank_2,s__C15jh,Root,f__C,g__C15,s__C15jh
s__C15ji,g__C15,rank_2,s__C15ji,Root,f__C,g__C15,s__C15ji
s__C15jj,g__C15,rank_2,s__C15jj,Root,f__C,g__C15,s__C15jj
s__C15jk,g__C15,rank_2,s__C15jk,Root,f__C,g__C15,s__C15jk
s__C15jl,g__C15,rank_2,s__C15jl,Root,f__C,g__C15,s__C15jl
s__C15jm,g__C15,rank_2,s__C15jm,Root,f__C,g__C15,s__C15jm
s__C15jn,g__C15,rank_2,s__C15jn,Root,f__C,g__C15,s__C15jn
s__C15jo,g__C15,rank_2,s__C15jo,Root,f__C,g__C15,s__C15jo
s__C15jp,g__C15,rank_2,s__C15jp,Root,f__C,g__C15,s__C15jp
s__C15jq,g__C15,rank_2,s__C15jq,Root,f__C,g__C15,s__C15jq
s__C15jr,g__C15,rank_2,s__C15jr,Root,f__C,g__C15,s__C15jr
s__C15js,g__C15,rank_2,s__C15js,Root,f__C,g__C15,s__C15js
s__C15jt,g__C15,rank_2,s__C15jt,Root,f__C,g__C15,s__C15jt
s__C15jv,g__C15,rank_2,s__C15jv,Root,f__C,g__C15,s__C15jv
s__C15jw,g__C15,rank_2,s__C15jw,Root,f__C,g__C15,s__C15jw
s__C15jx,g__C15,rank_2,s__C15jx,Root,f__C,g__C15,s__C15jx
s__C15jy,g__C15,rank_2,s__C15jy,Root,f__C,g__C15,s__C15jy
s__C15jz,g__C15,rank_2,s__C15jz,Root,f__C,g__C15,s__C15jz
s__C15k,g__C15,rank_2,s__C15k,Root,f__C,g__C15,s__C15k
s__C15ka,g__C15,rank_2,s__C15ka,Root,f__C,g__C15,s__C15ka
s__C15kb,g__C15,rank_2,s__C15kb,Root,f__C,g__C15,s__C15kb
s__C15kc,g__C15,rank_2,s__C15kc,Root,f__C,g__C15,s__C15kc
s__C15kd,g__C15,rank_2,s__C15kd,Root,f__C,g__C15,s__C15kd
s__C15kf,g__C15,rank_2,s__C15kf,Root,f__C,g__C15,s__C15kf
s__C15kg,g__C15,rank_2,s__C15kg,Root,f__C,g__C15,s__C15kg
s__C15kh,g__C15,rank_2,s__C15kh,Root,f__C,g__C15,s__C15kh
s__C15ki,g__C15,rank_2,s__C15ki,Root,f__C,g__C15,s__C15ki
s__C15kj,g__C15,rank_2,s__C15kj,Root,f__C,g__C15,s__C15kj
s__C15kl,g__C15,rank_2,s__C15kl,Root,f__C,g__C15,s__C15kl
s__C15km,g__C15,rank_2,s__C15km,Root,f__C,g__C15,s__C15km
s__C15kn,g__C15,rank_2,s__C15kn,Root,f__C,g__C15,s__C15kn
s__C15ko,g__C15,rank_2,s__C15ko,Root,f__C,g__C15,s__C15ko
s__C15kp,g__C15,rank_2,s__C15kp,Root,f__C,g__C15,s__C15kp
s__C15kq,g__C15,rank_2,s__C15kq,Root,f__C,g__C15,s__C15kq
s__C15kr,g__C15,rank_2,s__C15kr,Root,f__C,g__C15,s__C15kr
s__C15ks,g__C15,rank_2,s__C15ks,Root,f__C,g__C15,s__C15ks
s__C15kt,g__C15,rank_2,s__C15kt,Root,f__C,g__C15,s__C15kt
s__C15ku,g__C15,rank_2,s__C15ku,Root,f__C,g__C15,s__C15ku
s__C15kv,g__C15,rank_2,s__C15kv,Root,f__C,g__C15,s__C15kv
s__C15kw,g__C15,rank_2,s__C15kw,Root,f__C,g__C15,s__C15kw
s__C15kx,g__C15,rank_2,s__C15kx,Root,f__C,g__C15,s__C15kx
s__C15ky,g__C15,rank_2,s__C15ky,Root,f__C,g__C15,s__C15ky
s__C15kz,g__C15,rank_2,s__C15kz,Root,f__C,g__C15,s__C15kz
s__C15la,g__C15,rank_2,s__C15la,Root,f__C,g__C15,s__C15la
s__C15lb,g__C15,rank_2,s__C15lb,Root,f__C,g__C15,s__C15lb
s__C15lc,g__C15,rank_2,s__C15lc,Root,f__C,g__C15,s__C15lc
s__C15L/C15bq,g__C15,rank_2,s__C15L/C15bq,Root,f__C,g__C15,s__C15L/C15bq
s__C15le,g__C15,rank_2,s__C15le,Root,f__C,g__C15,s__C15le
s__C15lf,g__C15,rank_2,s__C15lf,Root,f__C,g__C15,s__C15lf
s__C15lg,g__C15,rank_2,s__C15lg,Root,f__C,g__C15,s__C15lg
s__C15lh,g__C15,rank_2,s__C15lh,Root,f__C,g__C15,s__C15lh
s__C15li,g__C15,rank_2,s__C15li,Root,f__C,g__C15,s__C15li
s__C15lj,g__C15,rank_2,s__C15lj,Root,f__C,g__C15,s__C15lj
s__C15lk,g__C15,rank_2,s__C15lk,Root,f__C,g__C15,s__C15lk
s__C15ll,g__C15,rank_2,s__C15ll,Root,f__C,g__C15,s__C15ll
s__C15lm,g__C15,rank_2,s__C15lm,Root,f__C,g__C15,s__C15lm
s__C15ln,g__C15,rank_2,s__C15ln,Root,f__C,g__C15,s__C15ln
s__C15lo,g__C15,rank_2,s__C15lo,Root,f__C,g__C15,s__C15lo
s__C15lp,g__C15,rank_2,s__C15lp,Root,f__C,g__C15,s__C15lp
s__C15lq,g__C15,rank_2,s__C15lq,Root,f__C,g__C15,s__C15lq
s__C15lr,g__C15,rank_2,s__C15lr,Root,f__C,g__C15,s__C15lr
s__C15ls,g__C15,rank_2,s__C15ls,Root,f__C,g__C15,s__C15ls
s__C15lt,g__C15,rank_2,s__C15lt,Root,f__C,g__C15,s__C15lt
s__C15lu,g__C15,rank_2,s__C15lu,Root,f__C,g__C15,s__C15lu
s__C15lv,g__C15,rank_2,s__C15lv,Root,f__C,g__C15,s__C15lv
s__C15lw,g__C15,rank_2,s__C15lw,Root,f__C,g__C15,s__C15lw
s__C15lx,g__C15,rank_2,s__C15lx,Root,f__C,g__C15,s__C15lx
s__C15ly,g__C15,rank_2,s__C15ly,Root,f__C,g__C15,s__C15ly
s__C15lz,g__C15,rank_2,s__C15lz,Root,f__C,g__C15,s__C15lz
s__C15m,g__C15,rank_2,s__C15m,Root,f__C,g__C15,s__C15m
s__C15ma,g__C15,rank_2,s__C15ma,Root,f__C,g__C15,s__C15ma
s__C15mb,g__C15,rank_2,s__C15mb,Root,f__C,g__C15,s__C15mb
s__C15md,g__C15,rank_2,s__C15md,Root,f__C,g__C15,s__C15md
s__C15me,g__C15,rank_2,s__C15me,Root,f__C,g__C15,s__C15me
s__C15mf,g__C15,rank_2,s__C15mf,Root,f__C,g__C15,s__C15mf
s__C15mg,g__C15,rank_2,s__C15mg,Root,f__C,g__C15,s__C15mg
s__C15mh,g__C15,rank_2,s__C15mh,Root,f__C,g__C15,s__C15mh
s__C15mi,g__C15,rank_2,s__C15mi,Root,f__C,g__C15,s__C15mi
s__C15mj,g__C15,rank_2,s__C15mj,Root,f__C,g__C15,s__C15mj
s__C15mk,g__C15,rank_2,s__C15mk,Root,f__C,g__C15,s__C15mk
s__C15ml,g__C15,rank_2,s__C15ml,Root,f__C,g__C15,s__C15ml
s__C15mm,g__C15,rank_2,s__C15mm,Root,f__C,g__C15,s__C15mm
s__C15mn,g__C15,rank_2,s__C15mn,Root,f__C,g__C15,s__C15mn
s__C15mo/C15.1,g__C15,rank_2,s__C15mo/C15.1,Root,f__C,g__C15,s__C15mo/C15.1
s__C15mp,g__C15,rank_2,s__C15mp,Root,f__C,g__C15,s__C15mp
s__C15mq,g__C15,rank_2,s__C15mq,Root,f__C,g__C15,s__C15mq
s__C15mr,g__C15,rank_2,s__C15mr,Root,f__C,g__C15,s__C15mr
s__C15ms,g__C15,rank_2,s__C15ms,Root,f__C,g__C15,s__C15ms
s__C15mt,g__C15,rank_2,s__C15mt,Root,f__C,g__C15,s__C15mt
s__C15mu,g__C15,rank_2,s__C15mu,Root,f__C,g__C15,s__C15mu
s__C15mv,g__C15,rank_2,s__C15mv,Root,f__C,g__C15,s__C15mv
s__C15mw,g__C15,rank_2,s__C15mw,Root,f__C,g__C15,s__C15mw
s__C15mx,g__C15,rank_2,s__C15mx,Root,f__C,g__C15,s__C15mx
s__C15my,g__C15,rank_2,s__C15my,Root,f__C,g__C15,s__C15my
s__C15mz,g__C15,rank_2,s__C15mz,Root,f__C,g__C15,s__C15mz
s__C15n,g__C15,rank_2,s__C15n,Root,f__C,g__C15,s__C15n
s__C15na,g__C15,rank_2,s__C15na,Root,f__C,g__C15,s__C15na
s__C15nb,g__C15,rank_2,s__C15nb,Root,f__C,g__C15,s__C15nb
s__C15nc,g__C15,rank_2,s__C15nc,Root,f__C,g__C15,s__C15nc
s__C15nd,g__C15,rank_2,s__C15nd,Root,f__C,g__C15,s__C15nd
s__C15ne,g__C15,rank_2,s__C15ne,Root,f__C,g__C15,s__C15ne
s__C15nf,g__C15,rank_2,s__C15nf,Root,f__C,g__C15,s__C15nf
s__C15ng,g__C15,rank_2,s__C15ng,Root,f__C,g__C15,s__C15ng
s__C15nh,g__C15,rank_2,s__C15nh,Root,f__C,g__C15,s__C15nh
s__C15ni,g__C15,rank_2,s__C15ni,Root,f__C,g__C15,s__C15ni
s__C15nj,g__C15,rank_2,s__C15nj,Root,f__C,g__C15,s__C15nj
s__C15nk,g__C15,rank_2,s__C15nk,Root,f__C,g__C15,s__C15nk
s__C15nl,g__C15,rank_2,s__C15nl,Root,f__C,g__C15,s__C15nl
s__C15nn,g__C15,rank_2,s__C15nn,Root,f__C,g__C15,s__C15nn
s__C15no,g__C15,rank_2,s__C15no,Root,f__C,g__C15,s__C15no
s__C15np,g__C15,rank_2,s__C15np,Root,f__C,g__C15,s__C15np
s__C15nq,g__C15,rank_2,s__C15nq,Root,f__C,g__C15,s__C15nq
s__C15nr,g__C15,rank_2,s__C15nr,Root,f__C,g__C15,s__C15nr
s__C15ns,g__C15,rank_2,s__C15ns,Root,f__C,g__C15,s__C15ns
s__C15nt,g__C15,rank_2,s__C15nt,Root,f__C,g__C15,s__C15nt
s__C15nu,g__C15,rank_2,s__C15nu,Root,f__C,g__C15,s__C15nu
s__C15nv,g__C15,rank_2,s__C15nv,Root,f__C,g__C15,s__C15nv
s__C15nw,g__C15,rank_2,s__C15nw,Root,f__C,g__C15,s__C15nw
s__C15nx,g__C15,rank_2,s__C15nx,Root,f__C,g__C15,s__C15nx
s__C15ny,g__C15,rank_2,s__C15ny,Root,f__C,g__C15,s__C15ny
s__C15nz,g__C15,rank_2,s__C15nz,Root,f__C,g__C15,s__C15nz
s__C15o,g__C15,rank_2,s__C15o,Root,f__C,g__C15,s__C15o
s__C15oa,g__C15,rank_2,s__C15oa,Root,f__C,g__C15,s__C15oa
s__C15ob,g__C15,rank_2,s__C15ob,Root,f__C,g__C15,s__C15ob
s__C15oc,g__C15,rank_2,s__C15oc,Root,f__C,g__C15,s__C15oc
s__C15od,g__C15,rank_2,s__C15od,Root,f__C,g__C15,s__C15od
s__C15oe,g__C15,rank_2,s__C15oe,Root,f__C,g__C15,s__C15oe
s__C15of,g__C15,rank_2,s__C15of,Root,f__C,g__C15,s__C15of
s__C15oh,g__C15,rank_2,s__C15oh,Root,f__C,g__C15,s__C15oh
s__C15oi,g__C15,rank_2,s__C15oi,Root,f__C,g__C15,s__C15oi
s__C15oj,g__C15,rank_2,s__C15oj,Root,f__C,g__C15,s__C15oj
s__C15ok,g__C15,rank_2,s__C15ok,Root,f__C,g__C15,s__C15ok
s__C15ol,g__C15,rank_2,s__C15ol,Root,f__C,g__C15,s__C15ol
s__C15om,g__C15,rank_2,s__C15om,Root,f__C,g__C15,s__C15om
s__C15on,g__C15,rank_2,s__C15on,Root,f__C,g__C15,s__C15on
s__C15oo,g__C15,rank_2,s__C15oo,Root,f__C,g__C15,s__C15oo
s__C15op,g__C15,rank_2,s__C15op,Root,f__C,g__C15,s__C15op
s__C15oq,g__C15,rank_2,s__C15oq,Root,f__C,g__C15,s__C15oq
s__C15or,g__C15,rank_2,s__C15or,Root,f__C,g__C15,s__C15or
s__C15os,g__C15,rank_2,s__C15os,Root,f__C,g__C15,s__C15os
s__C15ot,g__C15,rank_2,s__C15ot,Root,f__C,g__C15,s__C15ot
s__C15ou,g__C15,rank_2,s__C15ou,Root,f__C,g__C15,s__C15ou
s__C15ov,g__C15,rank_2,s__C15ov,Root,f__C,g__C15,s__C15ov
s__C15ow,g__C15,rank_2,s__C15ow,Root,f__C,g__C15,s__C15ow
s__C15ox,g__C15,rank_2,s__C15ox,Root,f__C,g__C15,s__C15ox
s__C15oy,g__C15,rank_2,s__C15oy,Root,f__C,g__C15,s__C15oy
s__C15oz,g__C15,rank_2,s__C15oz,Root,f__C,g__C15,s__C15oz
s__C15p,g__C15,rank_2,s__C15p,Root,f__C,g__C15,s__C15p
s__C15pa,g__C15,rank_2,s__C15pa,Root,f__C,g__C15,s__C15pa
s__C15pb,g__C15,rank_2,s__C15pb,Root,f__C,g__C15,s__C15pb
s__C15pc,g__C15,rank_2,s__C15pc,Root,f__C,g__C15,s__C15pc
s__C15pd,g__C15,rank_2,s__C15pd,Root,f__C,g__C15,s__C15pd
s__C15pe,g__C15,rank_2,s__C15pe,Root,f__C,g__C15,s__C15pe
s__C15pf,g__C15,rank_2,s__C15pf,Root,f__C,g__C15,s__C15pf
s__C15pg,g__C15,rank_2,s__C15pg,Root,f__C,g__C15,s__C15pg
s__C15ph,g__C15,rank_2,s__C15ph,Root,f__C,g__C15,s__C15ph
s__C15pi,g__C15,rank_2,s__C15pi,Root,f__C,g__C15,s__C15pi
s__C15pj,g__C15,rank_2,s__C15pj,Root,f__C,g__C15,s__C15pj
s__C15pk,g__C15,rank_2,s__C15pk,Root,f__C,g__C15,s__C15pk
s__C15pl,g__C15,rank_2,s__C15pl,Root,f__C,g__C15,s__C15pl
s__C15pn,g__C15,rank_2,s__C15pn,Root,f__C,g__C15,s__C15pn
s__C15po,g__C15,rank_2,s__C15po,Root,f__C,g__C15,s__C15po
s__C15pp,g__C15,rank_2,s__C15pp,Root,f__C,g__C15,s__C15pp
s__C15pq,g__C15,rank_2,s__C15pq,Root,f__C,g__C15,s__C15pq
s__C15pr,g__C15,rank_2,s__C15pr,Root,f__C,g__C15,s__C15pr
s__C15ps,g__C15,rank_2,s__C15ps,Root,f__C,g__C15,s__C15ps
s__C15pt,g__C15,rank_2,s__C15pt,Root,f__C,g__C15,s__C15pt
s__C15pu,g__C15,rank_2,s__C15pu,Root,f__C,g__C15,s__C15pu
s__C15pv,g__C15,rank_2,s__C15pv,Root,f__C,g__C15,s__C15pv
s__C15pw,g__C15,rank_2,s__C15pw,Root,f__C,g__C15,s__C15pw
s__C15px,g__C15,rank_2,s__C15px,Root,f__C,g__C15,s__C15px
s__C15py,g__C15,rank_2,s__C15py,Root,f__C,g__C15,s__C15py
s__C15pz,g__C15,rank_2,s__C15pz,Root,f__C,g__C15,s__C15pz
s__C15q,g__C15,rank_2,s__C15q,Root,f__C,g__C15,s__C15q
s__C15qa,g__C15,rank_2,s__C15qa,Root,f__C,g__C15,s__C15qa
s__C15qb,g__C15,rank_2,s__C15qb,Root,f__C,g__C15,s__C15qb
s__C15qc,g__C15,rank_2,s__C15qc,Root,f__C,g__C15,s__C15qc
s__C15qd,g__C15,rank_2,s__C15qd,Root,f__C,g__C15,s__C15qd
s__C15qe,g__C15,rank_2,s__C15qe,Root,f__C,g__C15,s__C15qe
s__C15qf,g__C15,rank_2,s__C15qf,Root,f__C,g__C15,s__C15qf
s__C15qg,g__C15,rank_2,s__C15qg,Root,f__C,g__C15,s__C15qg
s__C15qh,g__C15,rank_2,s__C15qh,Root,f__C,g__C15,s__C15qh
s__C15qi,g__C15,rank_2,s__C15qi,Root,f__C,g__C15,s__C15qi
s__C15qj,g__C15,rank_2,s__C15qj,Root,f__C,g__C15,s__C15qj
s__C15ql,g__C15,rank_2,s__C15ql,Root,f__C,g__C15,s__C15ql
s__C15qm,g__C15,rank_2,s__C15qm,Root,f__C,g__C15,s__C15qm
s__C15qn,g__C15,rank_2,s__C15qn,Root,f__C,g__C15,s__C15qn
s__C15qo,g__C15,rank_2,s__C15qo,Root,f__C,g__C15,s__C15qo
s__C15qp,g__C15,rank_2,s__C15qp,Root,f__C,g__C15,s__C15qp
s__C15qq,g__C15,rank_2,s__C15qq,Root,f__C,g__C15,s__C15qq
s__C15qr,g__C15,rank_2,s__C15qr,Root,f__C,g__C15,s__C15qr
s__C15qs,g__C15,rank_2,s__C15qs,Root,f__C,g__C15,s__C15qs
s__C15qt,g__C15,rank_2,s__C15qt,Root,f__C,g__C15,s__C15qt
s__C15qu,g__C15,rank_2,s__C15qu,Root,f__C,g__C15,s__C15qu
s__C15qx,g__C15,rank_2,s__C15qx,Root,f__C,g__C15,s__C15qx
s__C15qy,g__C15,rank_2,s__C15qy,Root,f__C,g__C15,s__C15qy
s__C15qz,g__C15,rank_2,s__C15qz,Root,f__C,g__C15,s__C15qz
s__C15r,g__C15,rank_2,s__C15r,Root,f__C,g__C15,s__C15r
s__C15ra,g__C15,rank_2,s__C15ra,Root,f__C,g__C15,s__C15ra
s__C15rb,g__C15,rank_2,s__C15rb,Root,f__C,g__C15,s__C15rb
s__C15rc,g__C15,rank_2,s__C15rc,Root,f__C,g__C15,s__C15rc
s__C15rd,g__C15,rank_2,s__C15rd,Root,f__C,g__C15,s__C15rd
s__C15re,g__C15,rank_2,s__C15re,Root,f__C,g__C15,s__C15re
s__C15rf,g__C15,rank_2,s__C15rf,Root,f__C,g__C15,s__C15rf
s__C15rg,g__C15,rank_2,s__C15rg,Root,f__C,g__C15,s__C15rg
s__C15rh,g__C15,rank_2,s__C15rh,Root,f__C,g__C15,s__C15rh
s__C15ri,g__C15,rank_2,s__C15ri,Root,f__C,g__C15,s__C15ri
s__C15rj,g__C15,rank_2,s__C15rj,Root,f__C,g__C15,s__C15rj
s__C15rk,g__C15,rank_2,s__C15rk,Root,f__C,g__C15,s__C15rk
s__C15rl,g__C15,rank_2,s__C15rl,Root,f__C,g__C15,s__C15rl
s__C15rm,g__C15,rank_2,s__C15rm,Root,f__C,g__C15,s__C15rm
s__C15ro,g__C15,rank_2,s__C15ro,Root,f__C,g__C15,s__C15ro
s__C15rp,g__C15,rank_2,s__C15rp,Root,f__C,g__C15,s__C15rp
s__C15rq,g__C15,rank_2,s__C15rq,Root,f__C,g__C15,s__C15rq
s__C15rr,g__C15,rank_2,s__C15rr,Root,f__C,g__C15,s__C15rr
s__C15rs,g__C15,rank_2,s__C15rs,Root,f__C,g__C15,s__C15rs
s__C15rt,g__C15,rank_2,s__C15rt,Root,f__C,g__C15,s__C15rt
s__C15ru,g__C15,rank_2,s__C15ru,Root,f__C,g__C15,s__C15ru
s__C15rv,g__C15,rank_2,s__C15rv,Root,f__C,g__C15,s__C15rv
s__C15rw,g__C15,rank_2,s__C15rw,Root,f__C,g__C15,s__C15rw
s__C15rx,g__C15,rank_2,s__C15rx,Root,f__C,g__C15,s__C15rx
s__C15rz,g__C15,rank_2,s__C15rz,Root,f__C,g__C15,s__C15rz
s__C15s,g__C15,rank_2,s__C15s,Root,f__C,g__C15,s__C15s
s__C15sa,g__C15,rank_2,s__C15sa,Root,f__C,g__C15,s__C15sa
s__C15sb,g__C15,rank_2,s__C15sb,Root,f__C,g__C15,s__C15sb
s__C15sd,g__C15,rank_2,s__C15sd,Root,f__C,g__C15,s__C15sd
s__C15se,g__C15,rank_2,s__C15se,Root,f__C,g__C15,s__C15se
s__C15sf,g__C15,rank_2,s__C15sf,Root,f__C,g__C15,s__C15sf
s__C15sg,g__C15,rank_2,s__C15sg,Root,f__C,g__C15,s__C15sg
s__C15si,g__C15,rank_2,s__C15si,Root,f__C,g__C15,s__C15si
s__C15sj,g__C15,rank_2,s__C15sj,Root,f__C,g__C15,s__C15sj
s__C15sl,g__C15,rank_2,s__C15sl,Root,f__C,g__C15,s__C15sl
s__C15sm,g__C15,rank_2,s__C15sm,Root,f__C,g__C15,s__C15sm
s__C15sn,g__C15,rank_2,s__C15sn,Root,f__C,g__C15,s__C15sn
s__C15so,g__C15,rank_2,s__C15so,Root,f__C,g__C15,s__C15so
s__C15sp,g__C15,rank_2,s__C15sp,Root,f__C,g__C15,s__C15sp
s__C15sq,g__C15,rank_2,s__C15sq,Root,f__C,g__C15,s__C15sq
s__C15sr,g__C15,rank_2,s__C15sr,Root,f__C,g__C15,s__C15sr
s__C15ss,g__C15,rank_2,s__C15ss,Root,f__C,g__C15,s__C15ss
s__C15st,g__C15,rank_2,s__C15st,Root,f__C,g__C15,s__C15st
s__C15su,g__C15,rank_2,s__C15su,Root,f__C,g__C15,s__C15su
s__C15sv,g__C15,rank_2,s__C15sv,Root,f__C,g__C15,s__C15sv
s__C15sw,g__C15,rank_2,s__C15sw,Root,f__C,g__C15,s__C15sw
s__C15sx,g__C15,rank_2,s__C15sx,Root,f__C,g__C15,s__C15sx
s__C15sy,g__C15,rank_2,s__C15sy,Root,f__C,g__C15,s__C15sy
s__C15sz,g__C15,rank_2,s__C15sz,Root,f__C,g__C15,s__C15sz
s__C15ta,g__C15,rank_2,s__C15ta,Root,f__C,g__C15,s__C15ta
s__C15tc,g__C15,rank_2,s__C15tc,Root,f__C,g__C15,s__C15tc
s__C15td,g__C15,rank_2,s__C15td,Root,f__C,g__C15,s__C15td
s__C15te,g__C15,rank_2,s__C15te,Root,f__C,g__C15,s__C15te
s__C15tf,g__C15,rank_2,s__C15tf,Root,f__C,g__C15,s__C15tf
s__C15tg,g__C15,rank_2,s__C15tg,Root,f__C,g__C15,s__C15tg
s__C15th,g__C15,rank_2,s__C15th,Root,f__C,g__C15,s__C15th
s__C15ti,g__C15,rank_2,s__C15ti,Root,f__C,g__C15,s__C15ti
s__C15tj,g__C15,rank_2,s__C15tj,Root,f__C,g__C15,s__C15tj
s__C15tk,g__C15,rank_2,s__C15tk,Root,f__C,g__C15,s__C15tk
s__C15tl,g__C15,rank_2,s__C15tl,Root,f__C,g__C15,s__C15tl
s__C15tm,g__C15,rank_2,s__C15tm,Root,f__C,g__C15,s__C15tm
s__C15tn,g__C15,rank_2,s__C15tn,Root,f__C,g__C15,s__C15tn
s__C15to,g__C15,rank_2,s__C15to,Root,f__C,g__C15,s__C15to
s__C15tp,g__C15,rank_2,s__C15tp,Root,f__C,g__C15,s__C15tp
s__C15tq,g__C15,rank_2,s__C15tq,Root,f__C,g__C15,s__C15tq
s__C15tr,g__C15,rank_2,s__C15tr,Root,f__C,g__C15,s__C15tr
s__C15tt,g__C15,rank_2,s__C15tt,Root,f__C,g__C15,s__C15tt
s__C15tu,g__C15,rank_2,s__C15tu,Root,f__C,g__C15,s__C15tu
s__C15tv,g__C15,rank_2,s__C15tv,Root,f__C,g__C15,s__C15tv
s__C15tw,g__C15,rank_2,s__C15tw,Root,f__C,g__C15,s__C15tw
s__C15tx,g__C15,rank_2,s__C15tx,Root,f__C,g__C15,s__C15tx
s__C15ty,g__C15,rank_2,s__C15ty,Root,f__C,g__C15,s__C15ty
s__C15tz,g__C15,rank_2,s__C15tz,Root,f__C,g__C15,s__C15tz
s__C15u,g__C15,rank_2,s__C15u,Root,f__C,g__C15,s__C15u
s__C15ua,g__C15,rank_2,s__C15ua,Root,f__C,g__C15,s__C15ua
s__C15ub,g__C15,rank_2,s__C15ub,Root,f__C,g__C15,s__C15ub
s__C15uc,g__C15,rank_2,s__C15uc,Root,f__C,g__C15,s__C15uc
s__C15ud,g__C15,rank_2,s__C15ud,Root,f__C,g__C15,s__C15ud
s__C15uf,g__C15,rank_2,s__C15uf,Root,f__C,g__C15,s__C15uf
s__C15ug,g__C15,rank_2,s__C15ug,Root,f__C,g__C15,s__C15ug
s__C15uh,g__C15,rank_2,s__C15uh,Root,f__C,g__C15,s__C15uh
s__C15ui,g__C15,rank_2,s__C15ui,Root,f__C,g__C15,s__C15ui
s__C15uj,g__C15,rank_2,s__C15uj,Root,f__C,g__C15,s__C15uj
s__C15uk,g__C15,rank_2,s__C15uk,Root,f__C,g__C15,s__C15uk
s__C15ul,g__C15,rank_2,s__C15ul,Root,f__C,g__C15,s__C15ul
s__C15um,g__C15,rank_2,s__C15um,Root,f__C,g__C15,s__C15um
s__C15un,g__C15,rank_2,s__C15un,Root,f__C,g__C15,s__C15un
s__C15uo,g__C15,rank_2,s__C15uo,Root,f__C,g__C15,s__C15uo
s__C15up,g__C15,rank_2,s__C15up,Root,f__C,g__C15,s__C15up
s__C15uq,g__C15,rank_2,s__C15uq,Root,f__C,g__C15,s__C15uq
s__C15ur,g__C15,rank_2,s__C15ur,Root,f__C,g__C15,s__C15ur
s__C15us,g__C15,rank_2,s__C15us,Root,f__C,g__C15,s__C15us
s__C15ut,g__C15,rank_2,s__C15ut,Root,f__C,g__C15,s__C15ut
s__C15uu,g__C15,rank_2,s__C15uu,Root,f__C,g__C15,s__C15uu
s__C15uv,g__C15,rank_2,s__C15uv,Root,f__C,g__C15,s__C15uv
s__C15uw,g__C15,rank_2,s__C15uw,Root,f__C,g__C15,s__C15uw
s__C15ux,g__C15,rank_2,s__C15ux,Root,f__C,g__C15,s__C15ux
s__C15uy,g__C15,rank_2,s__C15uy,Root,f__C,g__C15,s__C15uy
s__C15uz,g__C15,rank_2,s__C15uz,Root,f__C,g__C15,s__C15uz
s__C15v,g__C15,rank_2,s__C15v,Root,f__C,g__C15,s__C15v
s__C15va,g__C15,rank_2,s__C15va,Root,f__C,g__C15,s__C15va
s__C15vb,g__C15,rank_2,s__C15vb,Root,f__C,g__C15,s__C15vb
s__C15vc,g__C15,rank_2,s__C15vc,Root,f__C,g__C15,s__C15vc
s__C15ve,g__C15,rank_2,s__C15ve,Root,f__C,g__C15,s__C15ve
s__C15vf,g__C15,rank_2,s__C15vf,Root,f__C,g__C15,s__C15vf
s__C15vh,g__C15,rank_2,s__C15vh,Root,f__C,g__C15,s__C15vh
s__C15vi,g__C15,rank_2,s__C15vi,Root,f__C,g__C15,s__C15vi
s__C15vj,g__C15,rank_2,s__C15vj,Root,f__C,g__C15,s__C15vj
s__C15vk,g__C15,rank_2,s__C15vk,Root,f__C,g__C15,s__C15vk
s__C15vl,g__C15,rank_2,s__C15vl,Root,f__C,g__C15,s__C15vl
s__C15vn,g__C15,rank_2,s__C15vn,Root,f__C,g__C15,s__C15vn
s__C15vo,g__C15,rank_2,s__C15vo,Root,f__C,g__C15,s__C15vo
s__C15vp,g__C15,rank_2,s__C15vp,Root,f__C,g__C15,s__C15vp
s__C15vr,g__C15,rank_2,s__C15vr,Root,f__C,g__C15,s__C15vr
s__C15vs,g__C15,rank_2,s__C15vs,Root,f__C,g__C15,s__C15vs
s__C15vt,g__C15,rank_2,s__C15vt,Root,f__C,g__C15,s__C15vt
s__C15vu,g__C15,rank_2,s__C15vu,Root,f__C,g__C15,s__C15vu
s__C15vv,g__C15,rank_2,s__C15vv,Root,f__C,g__C15,s__C15vv
s__C15vw,g__C15,rank_2,s__C15vw,Root,f__C,g__C15,s__C15vw
s__C15vx,g__C15,rank_2,s__C15vx,Root,f__C,g__C15,s__C15vx
s__C15vy,g__C15,rank_2,s__C15vy,Root,f__C,g__C15,s__C15vy
s__C15w,g__C15,rank_2,s__C15w,Root,f__C,g__C15,s__C15w
s__C15wb,g__C15,rank_2,s__C15wb,Root,f__C,g__C15,s__C15wb
s__C15wc,g__C15,rank_2,s__C15wc,Root,f__C,g__C15,s__C15wc
s__C15wd,g__C15,rank_2,s__C15wd,Root,f__C,g__C15,s__C15wd
s__C15we,g__C15,rank_2,s__C15we,Root,f__C,g__C15,s__C15we
s__C15wf,g__C15,rank_2,s__C15wf,Root,f__C,g__C15,s__C15wf
s__C15wg,g__C15,rank_2,s__C15wg,Root,f__C,g__C15,s__C15wg
s__C15wh,g__C15,rank_2,s__C15wh,Root,f__C,g__C15,s__C15wh
s__C15wi,g__C15,rank_2,s__C15wi,Root,f__C,g__C15,s__C15wi
s__C15wj,g__C15,rank_2,s__C15wj,Root,f__C,g__C15,s__C15wj
s__C15wk,g__C15,rank_2,s__C15wk,Root,f__C,g__C15,s__C15wk
s__C15wl,g__C15,rank_2,s__C15wl,Root,f__C,g__C15,s__C15wl
s__C15wm,g__C15,rank_2,s__C15wm,Root,f__C,g__C15,s__C15wm
s__C15wn,g__C15,rank_2,s__C15wn,Root,f__C,g__C15,s__C15wn
s__C15wo,g__C15,rank_2,s__C15wo,Root,f__C,g__C15,s__C15wo
s__C15wp,g__C15,rank_2,s__C15wp,Root,f__C,g__C15,s__C15wp
s__C15wq,g__C15,rank_2,s__C15wq,Root,f__C,g__C15,s__C15wq
s__C15wr,g__C15,rank_2,s__C15wr,Root,f__C,g__C15,s__C15wr
s__C15ws,g__C15,rank_2,s__C15ws,Root,f__C,g__C15,s__C15ws
s__C15wt,g__C15,rank_2,s__C15wt,Root,f__C,g__C15,s__C15wt
s__C15wu,g__C15,rank_2,s__C15wu,Root,f__C,g__C15,s__C15wu
s__C15wv,g__C15,rank_2,s__C15wv,Root,f__C,g__C15,s__C15wv
s__C15ww,g__C15,rank_2,s__C15ww,Root,f__C,g__C15,s__C15ww
s__C15wx,g__C15,rank_2,s__C15wx,Root,f__C,g__C15,s__C15wx
s__C15wy,g__C15,rank_2,s__C15wy,Root,f__C,g__C15,s__C15wy
s__C15wz,g__C15,rank_2,s__C15wz,Root,f__C,g__C15,s__C15wz
s__C15xa,g__C15,rank_2,s__C15xa,Root,f__C,g__C15,s__C15xa
s__C15xb,g__C15,rank_2,s__C15xb,Root,f__C,g__C15,s__C15xb
s__C15xc,g__C15,rank_2,s__C15xc,Root,f__C,g__C15,s__C15xc
s__C15xd,g__C15,rank_2,s__C15xd,Root,f__C,g__C15,s__C15xd
s__C15xe,g__C15,rank_2,s__C15xe,Root,f__C,g__C15,s__C15xe
s__C15xf,g__C15,rank_2,s__C15xf,Root,f__C,g__C15,s__C15xf
s__C15xg,g__C15,rank_2,s__C15xg,Root,f__C,g__C15,s__C15xg
s__C15xh,g__C15,rank_2,s__C15xh,Root,f__C,g__C15,s__C15xh
s__C15xi,g__C15,rank_2,s__C15xi,Root,f__C,g__C15,s__C15xi
s__C15z,g__C15,rank_2,s__C15z,Root,f__C,g__C15,s__C15z
g__C16,f__C,rank_1,g__C16,Root,f__C,g__C16,
s__C16,g__C16,rank_2,s__C16,Root,f__C,g__C16,s__C16
g__C163,f__C,rank_1,g__C163,Root,f__C,g__C163,
s__C163a,g__C163,rank_2,s__C163a,Root,f__C,g__C163,s__C163a
s__C163b,g__C163,rank_2,s__C163b,Root,f__C,g__C163,s__C163b
s__C163c,g__C163,rank_2,s__C163c,Root,f__C,g__C163,s__C163c
s__C16a,g__C16,rank_2,s__C16a,Root,f__C,g__C16,s__C16a
s__C16b,g__C16,rank_2,s__C16b,Root,f__C,g__C16,s__C16b
s__C16c,g__C16,rank_2,s__C16c,Root,f__C,g__C16,s__C16c
s__C1.6/C1bo,g__C1,rank_2,s__C1.6/C1bo,Root,f__C,g__C1,s__C1.6/C1bo
s__C16d,g__C16,rank_2,s__C16d,Root,f__C,g__C16,s__C16d
s__C16e,g__C16,rank_2,s__C16e,Root,f__C,g__C16,s__C16e
s__C16f,g__C16,rank_2,s__C16f,Root,f__C,g__C16,s__C16f
g__C17,f__C,rank_1,g__C17,Root,f__C,g__C17,
s__C17,g__C17,rank_2,s__C17,Root,f__C,g__C17,s__C17
s__C17.2/C17d,g__C17,rank_2,s__C17.2/C17d,Root,f__C,g__C17,s__C17.2/C17d
s__C17a,g__C17,rank_2,s__C17a,Root,f__C,g__C17,s__C17a
s__C17aa,g__C17,rank_2,s__C17aa,Root,f__C,g__C17,s__C17aa
s__C17ab,g__C17,rank_2,s__C17ab,Root,f__C,g__C17,s__C17ab
s__C17ac,g__C17,rank_2,s__C17ac,Root,f__C,g__C17,s__C17ac
s__C17ad,g__C17,rank_2,s__C17ad,Root,f__C,g__C17,s__C17ad
s__C17ae,g__C17,rank_2,s__C17ae,Root,f__C,g__C17,s__C17ae
s__C17ag,g__C17,rank_2,s__C17ag,Root,f__C,g__C17,s__C17ag
s__C17ah,g__C17,rank_2,s__C17ah,Root,f__C,g__C17,s__C17ah
s__C17ai,g__C17,rank_2,s__C17ai,Root,f__C,g__C17,s__C17ai
s__C17aj,g__C17,rank_2,s__C17aj,Root,f__C,g__C17,s__C17aj
s__C17ak,g__C17,rank_2,s__C17ak,Root,f__C,g__C17,s__C17ak
s__C17al,g__C17,rank_2,s__C17al,Root,f__C,g__C17,s__C17al
s__C17am,g__C17,rank_2,s__C17am,Root,f__C,g__C17,s__C17am
s__C17b,g__C17,rank_2,s__C17b,Root,f__C,g__C17,s__C17b
s__C17c,g__C17,rank_2,s__C17c,Root,f__C,g__C17,s__C17c
s__C1.7/C1lk,g__C1,rank_2,s__C1.7/C1lk,Root,f__C,g__C1,s__C1.7/C1lk
s__C17e,g__C17,rank_2,s__C17e,Root,f__C,g__C17,s__C17e
s__C17f,g__C17,rank_2,s__C17f,Root,f__C,g__C17,s__C17f
s__C17g,g__C17,rank_2,s__C17g,Root,f__C,g__C17,s__C17g
s__C17h,g__C17,rank_2,s__C17h,Root,f__C,g__C17,s__C17h
s__C17j,g__C17,rank_2,s__C17j,Root,f__C,g__C17,s__C17j
s__C17l,g__C17,rank_2,s__C17l,Root,f__C,g__C17,s__C17l
s__C17m,g__C17,rank_2,s__C17m,Root,f__C,g__C17,s__C17m
s__C17n,g__C17,rank_2,s__C17n,Root,f__C,g__C17,s__C17n
s__C17o,g__C17,rank_2,s__C17o,Root,f__C,g__C17,s__C17o
s__C17p,g__C17,rank_2,s__C17p,Root,f__C,g__C17,s__C17p
s__C17q,g__C17,rank_2,s__C17q,Root,f__C,g__C17,s__C17q
s__C17r,g__C17,rank_2,s__C17r,Root,f__C,g__C17,s__C17r
s__C17s,g__C17,rank_2,s__C17s,Root,f__C,g__C17,s__C17s
s__C17u,g__C17,rank_2,s__C17u,Root,f__C,g__C17,s__C17u
s__C17v,g__C17,rank_2,s__C17v,Root,f__C,g__C17,s__C17v
s__C17w,g__C17,rank_2,s__C17w,Root,f__C,g__C17,s__C17w
s__C17x,g__C17,rank_2,s__C17x,Root,f__C,g__C17,s__C17x
s__C17y,g__C17,rank_2,s__C17y,Root,f__C,g__C17,s__C17y
s__C17z,g__C17,rank_2,s__C17z,Root,f__C,g__C17,s__C17z
g__C18,f__C,rank_1,g__C18,Root,f__C,g__C18,
s__C18,g__C18,rank_2,s__C18,Root,f__C,g__C18,s__C18
s__C18a,g__C18,rank_2,s__C18a,Root,f__C,g__C18,s__C18a
s__C18b,g__C18,rank_2,s__C18b,Root,f__C,g__C18,s__C18b
s__C18c,g__C18,rank_2,s__C18c,Root,f__C,g__C18,s__C18c
s__C18d,g__C18,rank_2,s__C18d,Root,f__C,g__C18,s__C18d
s__C18e,g__C18,rank_2,s__C18e,Root,f__C,g__C18,s__C18e
s__C18f,g__C18,rank_2,s__C18f,Root,f__C,g__C18,s__C18f
s__C18g,g__C18,rank_2,s__C18g,Root,f__C,g__C18,s__C18g
s__C18h,g__C18,rank_2,s__C18h,Root,f__C,g__C18,s__C18h
s__C1a,g__C1,rank_2,s__C1a,Root,f__C,g__C1,s__C1a
s__C1aa,g__C1,rank_2,s__C1aa,Root,f__C,g__C1,s__C1aa
s__C1ab,g__C1,rank_2,s__C1ab,Root,f__C,g__C1,s__C1ab
s__C1ac,g__C1,rank_2,s__C1ac,Root,f__C,g__C1,s__C1ac
s__C1ad,g__C1,rank_2,s__C1ad,Root,f__C,g__C1,s__C1ad
s__C1ae,g__C1,rank_2,s__C1ae,Root,f__C,g__C1,s__C1ae
s__C1af,g__C1,rank_2,s__C1af,Root,f__C,g__C1,s__C1af
s__C1ah,g__C1,rank_2,s__C1ah,Root,f__C,g__C1,s__C1ah
s__C1ai,g__C1,rank_2,s__C1ai,Root,f__C,g__C1,s__C1ai
s__C1aj,g__C1,rank_2,s__C1aj,Root,f__C,g__C1,s__C1aj
s__C1ak,g__C1,rank_2,s__C1ak,Root,f__C,g__C1,s__C1ak
s__C1al,g__C1,rank_2,s__C1al,Root,f__C,g__C1,s__C1al
s__C1am,g__C1,rank_2,s__C1am,Root,f__C,g__C1,s__C1am
s__C1an,g__C1,rank_2,s__C1an,Root,f__C,g__C1,s__C1an
s__C1ao,g__C1,rank_2,s__C1ao,Root,f__C,g__C1,s__C1ao
s__C1ap,g__C1,rank_2,s__C1ap,Root,f__C,g__C1,s__C1ap
s__C1aq,g__C1,rank_2,s__C1aq,Root,f__C,g__C1,s__C1aq
s__C1ar,g__C1,rank_2,s__C1ar,Root,f__C,g__C1,s__C1ar
s__C1as,g__C1,rank_2,s__C1as,Root,f__C,g__C1,s__C1as
s__C1at,g__C1,rank_2,s__C1at,Root,f__C,g__C1,s__C1at
s__C1au,g__C1,rank_2,s__C1au,Root,f__C,g__C1,s__C1au
s__C1av,g__C1,rank_2,s__C1av,Root,f__C,g__C1,s__C1av
s__C1aw,g__C1,rank_2,s__C1aw,Root,f__C,g__C1,s__C1aw
s__C1ax,g__C1,rank_2,s__C1ax,Root,f__C,g__C1,s__C1ax
s__C1ay,g__C1,rank_2,s__C1ay,Root,f__C,g__C1,s__C1ay
s__C1az,g__C1,rank_2,s__C1az,Root,f__C,g__C1,s__C1az
s__C1b,g__C1,rank_2,s__C1b,Root,f__C,g__C1,s__C1b
s__C1ba,g__C1,rank_2,s__C1ba,Root,f__C,g__C1,s__C1ba
s__C1bb,g__C1,rank_2,s__C1bb,Root,f__C,g__C1,s__C1bb
s__C1bc,g__C1,rank_2,s__C1bc,Root,f__C,g__C1,s__C1bc
s__C1bd,g__C1,rank_2,s__C1bd,Root,f__C,g__C1,s__C1bd
s__C1be,g__C1,rank_2,s__C1be,Root,f__C,g__C1,s__C1be
s__C1bf,g__C1,rank_2,s__C1bf,Root,f__C,g__C1,s__C1bf
s__C1bg,g__C1,rank_2,s__C1bg,Root,f__C,g__C1,s__C1bg
s__C1bh,g__C1,rank_2,s__C1bh,Root,f__C,g__C1,s__C1bh
s__C1bl,g__C1,rank_2,s__C1bl,Root,f__C,g__C1,s__C1bl
s__C1bm,g__C1,rank_2,s__C1bm,Root,f__C,g__C1,s__C1bm
s__C1bn,g__C1,rank_2,s__C1bn,Root,f__C,g__C1,s__C1bn
s__C1bp,g__C1,rank_2,s__C1bp,Root,f__C,g__C1,s__C1bp
s__C1bq,g__C1,rank_2,s__C1bq,Root,f__C,g__C1,s__C1bq
s__C1br,g__C1,rank_2,s__C1br,Root,f__C,g__C1,s__C1br
s__C1bs,g__C1,rank_2,s__C1bs,Root,f__C,g__C1,s__C1bs
s__C1bt,g__C1,rank_2,s__C1bt,Root,f__C,g__C1,s__C1bt
s__C1bu,g__C1,rank_2,s__C1bu,Root,f__C,g__C1,s__C1bu
s__C1bv,g__C1,rank_2,s__C1bv,Root,f__C,g__C1,s__C1bv
s__C1bw,g__C1,rank_2,s__C1bw,Root,f__C,g__C1,s__C1bw
s__C1bx,g__C1,rank_2,s__C1bx,Root,f__C,g__C1,s__C1bx
s__C1by,g__C1,rank_2,s__C1by,Root,f__C,g__C1,s__C1by
s__C1bz,g__C1,rank_2,s__C1bz,Root,f__C,g__C1,s__C1bz
s__C1c,g__C1,rank_2,s__C1c,Root,f__C,g__C1,s__C1c
s__C1ca,g__C1,rank_2,s__C1ca,Root,f__C,g__C1,s__C1ca
s__C1cb,g__C1,rank_2,s__C1cb,Root,f__C,g__C1,s__C1cb
s__C1cd,g__C1,rank_2,s__C1cd,Root,f__C,g__C1,s__C1cd
s__C1ce,g__C1,rank_2,s__C1ce,Root,f__C,g__C1,s__C1ce
s__C1cf,g__C1,rank_2,s__C1cf,Root,f__C,g__C1,s__C1cf
s__C1cg,g__C1,rank_2,s__C1cg,Root,f__C,g__C1,s__C1cg
s__C1ch,g__C1,rank_2,s__C1ch,Root,f__C,g__C1,s__C1ch
s__C1ci,g__C1,rank_2,s__C1ci,Root,f__C,g__C1,s__C1ci
s__C1cj,g__C1,rank_2,s__C1cj,Root,f__C,g__C1,s__C1cj
s__C1ck,g__C1,rank_2,s__C1ck,Root,f__C,g__C1,s__C1ck
s__C1cl,g__C1,rank_2,s__C1cl,Root,f__C,g__C1,s__C1cl
s__C1cm,g__C1,rank_2,s__C1cm,Root,f__C,g__C1,s__C1cm
s__C1cn,g__C1,rank_2,s__C1cn,Root,f__C,g__C1,s__C1cn
s__C1co,g__C1,rank_2,s__C1co,Root,f__C,g__C1,s__C1co
s__C1cp,g__C1,rank_2,s__C1cp,Root,f__C,g__C1,s__C1cp
s__C1cq,g__C1,rank_2,s__C1cq,Root,f__C,g__C1,s__C1cq
s__C1cr,g__C1,rank_2,s__C1cr,Root,f__C,g__C1,s__C1cr
s__C1cs,g__C1,rank_2,s__C1cs,Root,f__C,g__C1,s__C1cs
s__C1ct,g__C1,rank_2,s__C1ct,Root,f__C,g__C1,s__C1ct
s__C1cu,g__C1,rank_2,s__C1cu,Root,f__C,g__C1,s__C1cu
s__C1cv,g__C1,rank_2,s__C1cv,Root,f__C,g__C1,s__C1cv
s__C1cw,g__C1,rank_2,s__C1cw,Root,f__C,g__C1,s__C1cw
s__C1cx,g__C1,rank_2,s__C1cx,Root,f__C,g__C1,s__C1cx
s__C1cy,g__C1,rank_2,s__C1cy,Root,f__C,g__C1,s__C1cy
s__C1cz,g__C1,rank_2,s__C1cz,Root,f__C,g__C1,s__C1cz
s__C1da,g__C1,rank_2,s__C1da,Root,f__C,g__C1,s__C1da
s__C1dc,g__C1,rank_2,s__C1dc,Root,f__C,g__C1,s__C1dc
s__C1dd,g__C1,rank_2,s__C1dd,Root,f__C,g__C1,s__C1dd
s__C1de,g__C1,rank_2,s__C1de,Root,f__C,g__C1,s__C1de
s__C1df,g__C1,rank_2,s__C1df,Root,f__C,g__C1,s__C1df
s__C1dg,g__C1,rank_2,s__C1dg,Root,f__C,g__C1,s__C1dg
s__C1dh,g__C1,rank_2,s__C1dh,Root,f__C,g__C1,s__C1dh
s__C1di,g__C1,rank_2,s__C1di,Root,f__C,g__C1,s__C1di
s__C1dj,g__C1,rank_2,s__C1dj,Root,f__C,g__C1,s__C1dj
s__C1dl,g__C1,rank_2,s__C1dl,Root,f__C,g__C1,s__C1dl
s__C1dm,g__C1,rank_2,s__C1dm,Root,f__C,g__C1,s__C1dm
s__C1dn,g__C1,rank_2,s__C1dn,Root,f__C,g__C1,s__C1dn
s__C1do,g__C1,rank_2,s__C1do,Root,f__C,g__C1,s__C1do
s__C1dp,g__C1,rank_2,s__C1dp,Root,f__C,g__C1,s__C1dp
s__C1dq,g__C1,rank_2,s__C1dq,Root,f__C,g__C1,s__C1dq
s__C1dr,g__C1,rank_2,s__C1dr,Root,f__C,g__C1,s__C1dr
s__C1ds,g__C1,rank_2,s__C1ds,Root,f__C,g__C1,s__C1ds
s__C1dt,g__C1,rank_2,s__C1dt,Root,f__C,g__C1,s__C1dt
s__C1du,g__C1,rank_2,s__C1du,Root,f__C,g__C1,s__C1du
s__C1dv,g__C1,rank_2,s__C1dv,Root,f__C,g__C1,s__C1dv
s__C1dw,g__C1,rank_2,s__C1dw,Root,f__C,g__C1,s__C1dw
s__C1dx,g__C1,rank_2,s__C1dx,Root,f__C,g__C1,s__C1dx
s__C1dy,g__C1,rank_2,s__C1dy,Root,f__C,g__C1,s__C1dy
s__C1dz,g__C1,rank_2,s__C1dz,Root,f__C,g__C1,s__C1dz
s__C1e,g__C1,rank_2,s__C1e,Root,f__C,g__C1,s__C1e
s__C1ea,g__C1,rank_2,s__C1ea,Root,f__C,g__C1,s__C1ea
s__C1eb,g__C1,rank_2,s__C1eb,Root,f__C,g__C1,s__C1eb
s__C1ed,g__C1,rank_2,s__C1ed,Root,f__C,g__C1,s__C1ed
s__C1ee,g__C1,rank_2,s__C1ee,Root,f__C,g__C1,s__C1ee
s__C1eh,g__C1,rank_2,s__C1eh,Root,f__C,g__C1,s__C1eh
s__C1ei,g__C1,rank_2,s__C1ei,Root,f__C,g__C1,s__C1ei
s__C1ek,g__C1,rank_2,s__C1ek,Root,f__C,g__C1,s__C1ek
s__C1el,g__C1,rank_2,s__C1el,Root,f__C,g__C1,s__C1el
s__C1em,g__C1,rank_2,s__C1em,Root,f__C,g__C1,s__C1em
s__C1en,g__C1,rank_2,s__C1en,Root,f__C,g__C1,s__C1en
s__C1eo,g__C1,rank_2,s__C1eo,Root,f__C,g__C1,s__C1eo
s__C1ep,g__C1,rank_2,s__C1ep,Root,f__C,g__C1,s__C1ep
s__C1eq,g__C1,rank_2,s__C1eq,Root,f__C,g__C1,s__C1eq
s__C1er,g__C1,rank_2,s__C1er,Root,f__C,g__C1,s__C1er
s__C1es,g__C1,rank_2,s__C1es,Root,f__C,g__C1,s__C1es
s__C1et,g__C1,rank_2,s__C1et,Root,f__C,g__C1,s__C1et
s__C1eu,g__C1,rank_2,s__C1eu,Root,f__C,g__C1,s__C1eu
s__C1ev,g__C1,rank_2,s__C1ev,Root,f__C,g__C1,s__C1ev
s__C1ew,g__C1,rank_2,s__C1ew,Root,f__C,g__C1,s__C1ew
s__C1ex,g__C1,rank_2,s__C1ex,Root,f__C,g__C1,s__C1ex
s__C1ey,g__C1,rank_2,s__C1ey,Root,f__C,g__C1,s__C1ey
s__C1ez,g__C1,rank_2,s__C1ez,Root,f__C,g__C1,s__C1ez
s__C1f,g__C1,rank_2,s__C1f,Root,f__C,g__C1,s__C1f
s__C1fa,g__C1,rank_2,s__C1fa,Root,f__C,g__C1,s__C1fa
s__C1fb,g__C1,rank_2,s__C1fb,Root,f__C,g__C1,s__C1fb
s__C1fc,g__C1,rank_2,s__C1fc,Root,f__C,g__C1,s__C1fc
s__C1fe,g__C1,rank_2,s__C1fe,Root,f__C,g__C1,s__C1fe
s__C1ff,g__C1,rank_2,s__C1ff,Root,f__C,g__C1,s__C1ff
s__C1fg,g__C1,rank_2,s__C1fg,Root,f__C,g__C1,s__C1fg
s__C1fh,g__C1,rank_2,s__C1fh,Root,f__C,g__C1,s__C1fh
s__C1fi,g__C1,rank_2,s__C1fi,Root,f__C,g__C1,s__C1fi
s__C1fj,g__C1,rank_2,s__C1fj,Root,f__C,g__C1,s__C1fj
s__C1fk,g__C1,rank_2,s__C1fk,Root,f__C,g__C1,s__C1fk
s__C1fl,g__C1,rank_2,s__C1fl,Root,f__C,g__C1,s__C1fl
s__C1fm,g__C1,rank_2,s__C1fm,Root,f__C,g__C1,s__C1fm
s__C1fn,g__C1,rank_2,s__C1fn,Root,f__C,g__C1,s__C1fn
s__C1fo,g__C1,rank_2,s__C1fo,Root,f__C,g__C1,s__C1fo
s__C1fp,g__C1,rank_2,s__C1fp,Root,f__C,g__C1,s__C1fp
s__C1fq,g__C1,rank_2,s__C1fq,Root,f__C,g__C1,s__C1fq
s__C1fr,g__C1,rank_2,s__C1fr,Root,f__C,g__C1,s__C1fr
s__C1fs,g__C1,rank_2,s__C1fs,Root,f__C,g__C1,s__C1fs
s__C1ft,g__C1,rank_2,s__C1ft,Root,f__C,g__C1,s__C1ft
s__C1fu,g__C1,rank_2,s__C1fu,Root,f__C,g__C1,s__C1fu
s__C1fv,g__C1,rank_2,s__C1fv,Root,f__C,g__C1,s__C1fv
s__C1fw,g__C1,rank_2,s__C1fw,Root,f__C,g__C1,s__C1fw
s__C1fx,g__C1,rank_2,s__C1fx,Root,f__C,g__C1,s__C1fx
s__C1fy,g__C1,rank_2,s__C1fy,Root,f__C,g__C1,s__C1fy
s__C1fz,g__C1,rank_2,s__C1fz,Root,f__C,g__C1,s__C1fz
s__C1g,g__C1,rank_2,s__C1g,Root,f__C,g__C1,s__C1g
s__C1ga,g__C1,rank_2,s__C1ga,Root,f__C,g__C1,s__C1ga
s__C1gb,g__C1,rank_2,s__C1gb,Root,f__C,g__C1,s__C1gb
s__C1gd,g__C1,rank_2,s__C1gd,Root,f__C,g__C1,s__C1gd
s__C1ge,g__C1,rank_2,s__C1ge,Root,f__C,g__C1,s__C1ge
s__C1gf,g__C1,rank_2,s__C1gf,Root,f__C,g__C1,s__C1gf
s__C1gg,g__C1,rank_2,s__C1gg,Root,f__C,g__C1,s__C1gg
s__C1gh,g__C1,rank_2,s__C1gh,Root,f__C,g__C1,s__C1gh
s__C1gi,g__C1,rank_2,s__C1gi,Root,f__C,g__C1,s__C1gi
s__C1gj,g__C1,rank_2,s__C1gj,Root,f__C,g__C1,s__C1gj
s__C1gl,g__C1,rank_2,s__C1gl,Root,f__C,g__C1,s__C1gl
s__C1gm,g__C1,rank_2,s__C1gm,Root,f__C,g__C1,s__C1gm
s__C1gn,g__C1,rank_2,s__C1gn,Root,f__C,g__C1,s__C1gn
s__C1go,g__C1,rank_2,s__C1go,Root,f__C,g__C1,s__C1go
s__C1gp,g__C1,rank_2,s__C1gp,Root,f__C,g__C1,s__C1gp
s__C1gq,g__C1,rank_2,s__C1gq,Root,f__C,g__C1,s__C1gq
s__C1gr,g__C1,rank_2,s__C1gr,Root,f__C,g__C1,s__C1gr
s__C1gs,g__C1,rank_2,s__C1gs,Root,f__C,g__C1,s__C1gs
s__C1gt,g__C1,rank_2,s__C1gt,Root,f__C,g__C1,s__C1gt
s__C1gu,g__C1,rank_2,s__C1gu,Root,f__C,g__C1,s__C1gu
s__C1gv,g__C1,rank_2,s__C1gv,Root,f__C,g__C1,s__C1gv
s__C1gw,g__C1,rank_2,s__C1gw,Root,f__C,g__C1,s__C1gw
s__C1gx,g__C1,rank_2,s__C1gx,Root,f__C,g__C1,s__C1gx
s__C1gy,g__C1,rank_2,s__C1gy,Root,f__C,g__C1,s__C1gy
s__C1gz,g__C1,rank_2,s__C1gz,Root,f__C,g__C1,s__C1gz
s__C1h,g__C1,rank_2,s__C1h,Root,f__C,g__C1,s__C1h
s__C1ha,g__C1,rank_2,s__C1ha,Root,f__C,g__C1,s__C1ha
s__C1hb,g__C1,rank_2,s__C1hb,Root,f__C,g__C1,s__C1hb
s__C1hc,g__C1,rank_2,s__C1hc,Root,f__C,g__C1,s__C1hc
s__C1hd,g__C1,rank_2,s__C1hd,Root,f__C,g__C1,s__C1hd
s__C1he,g__C1,rank_2,s__C1he,Root,f__C,g__C1,s__C1he
s__C1hf,g__C1,rank_2,s__C1hf,Root,f__C,g__C1,s__C1hf
s__C1hg,g__C1,rank_2,s__C1hg,Root,f__C,g__C1,s__C1hg
s__C1hh,g__C1,rank_2,s__C1hh,Root,f__C,g__C1,s__C1hh
s__C1hj,g__C1,rank_2,s__C1hj,Root,f__C,g__C1,s__C1hj
s__C1hk,g__C1,rank_2,s__C1hk,Root,f__C,g__C1,s__C1hk
s__C1hl,g__C1,rank_2,s__C1hl,Root,f__C,g__C1,s__C1hl
s__C1hm,g__C1,rank_2,s__C1hm,Root,f__C,g__C1,s__C1hm
s__C1hn,g__C1,rank_2,s__C1hn,Root,f__C,g__C1,s__C1hn
s__C1ho,g__C1,rank_2,s__C1ho,Root,f__C,g__C1,s__C1ho
s__C1hp,g__C1,rank_2,s__C1hp,Root,f__C,g__C1,s__C1hp
s__C1hq,g__C1,rank_2,s__C1hq,Root,f__C,g__C1,s__C1hq
s__C1hr,g__C1,rank_2,s__C1hr,Root,f__C,g__C1,s__C1hr
s__C1hs,g__C1,rank_2,s__C1hs,Root,f__C,g__C1,s__C1hs
s__C1ht,g__C1,rank_2,s__C1ht,Root,f__C,g__C1,s__C1ht
s__C1hu,g__C1,rank_2,s__C1hu,Root,f__C,g__C1,s__C1hu
s__C1hv,g__C1,rank_2,s__C1hv,Root,f__C,g__C1,s__C1hv
s__C1hw,g__C1,rank_2,s__C1hw,Root,f__C,g__C1,s__C1hw
s__C1hx,g__C1,rank_2,s__C1hx,Root,f__C,g__C1,s__C1hx
s__C1hy,g__C1,rank_2,s__C1hy,Root,f__C,g__C1,s__C1hy
s__C1hz,g__C1,rank_2,s__C1hz,Root,f__C,g__C1,s__C1hz
s__C1i,g__C1,rank_2,s__C1i,Root,f__C,g__C1,s__C1i
s__C1ia,g__C1,rank_2,s__C1ia,Root,f__C,g__C1,s__C1ia
s__C1ib,g__C1,rank_2,s__C1ib,Root,f__C,g__C1,s__C1ib
s__C1ic,g__C1,rank_2,s__C1ic,Root,f__C,g__C1,s__C1ic
s__C1id,g__C1,rank_2,s__C1id,Root,f__C,g__C1,s__C1id
s__C1ie,g__C1,rank_2,s__C1ie,Root,f__C,g__C1,s__C1ie
s__C1if,g__C1,rank_2,s__C1if,Root,f__C,g__C1,s__C1if
s__C1ig,g__C1,rank_2,s__C1ig,Root,f__C,g__C1,s__C1ig
s__C1ih,g__C1,rank_2,s__C1ih,Root,f__C,g__C1,s__C1ih
s__C1ii,g__C1,rank_2,s__C1ii,Root,f__C,g__C1,s__C1ii
s__C1ij,g__C1,rank_2,s__C1ij,Root,f__C,g__C1,s__C1ij
s__C1ik,g__C1,rank_2,s__C1ik,Root,f__C,g__C1,s__C1ik
s__C1il,g__C1,rank_2,s__C1il,Root,f__C,g__C1,s__C1il
s__C1im,g__C1,rank_2,s__C1im,Root,f__C,g__C1,s__C1im
s__C1in,g__C1,rank_2,s__C1in,Root,f__C,g__C1,s__C1in
s__C1io,g__C1,rank_2,s__C1io,Root,f__C,g__C1,s__C1io
s__C1ip,g__C1,rank_2,s__C1ip,Root,f__C,g__C1,s__C1ip
s__C1iq,g__C1,rank_2,s__C1iq,Root,f__C,g__C1,s__C1iq
s__C1ir,g__C1,rank_2,s__C1ir,Root,f__C,g__C1,s__C1ir
s__C1is,g__C1,rank_2,s__C1is,Root,f__C,g__C1,s__C1is
s__C1it,g__C1,rank_2,s__C1it,Root,f__C,g__C1,s__C1it
s__C1iu,g__C1,rank_2,s__C1iu,Root,f__C,g__C1,s__C1iu
s__C1iv,g__C1,rank_2,s__C1iv,Root,f__C,g__C1,s__C1iv
s__C1ix,g__C1,rank_2,s__C1ix,Root,f__C,g__C1,s__C1ix
s__C1iy,g__C1,rank_2,s__C1iy,Root,f__C,g__C1,s__C1iy
s__C1j,g__C1,rank_2,s__C1j,Root,f__C,g__C1,s__C1j
s__C1ja,g__C1,rank_2,s__C1ja,Root,f__C,g__C1,s__C1ja
s__C1jb,g__C1,rank_2,s__C1jb,Root,f__C,g__C1,s__C1jb
s__C1jc,g__C1,rank_2,s__C1jc,Root,f__C,g__C1,s__C1jc
s__C1jd,g__C1,rank_2,s__C1jd,Root,f__C,g__C1,s__C1jd
s__C1je,g__C1,rank_2,s__C1je,Root,f__C,g__C1,s__C1je
s__C1jf,g__C1,rank_2,s__C1jf,Root,f__C,g__C1,s__C1jf
s__C1jg,g__C1,rank_2,s__C1jg,Root,f__C,g__C1,s__C1jg
s__C1jh,g__C1,rank_2,s__C1jh,Root,f__C,g__C1,s__C1jh
s__C1ji,g__C1,rank_2,s__C1ji,Root,f__C,g__C1,s__C1ji
s__C1jj,g__C1,rank_2,s__C1jj,Root,f__C,g__C1,s__C1jj
s__C1jk,g__C1,rank_2,s__C1jk,Root,f__C,g__C1,s__C1jk
s__C1jl,g__C1,rank_2,s__C1jl,Root,f__C,g__C1,s__C1jl
s__C1jm,g__C1,rank_2,s__C1jm,Root,f__C,g__C1,s__C1jm
s__C1jn,g__C1,rank_2,s__C1jn,Root,f__C,g__C1,s__C1jn
s__C1jo,g__C1,rank_2,s__C1jo,Root,f__C,g__C1,s__C1jo
s__C1jp,g__C1,rank_2,s__C1jp,Root,f__C,g__C1,s__C1jp
s__C1jq,g__C1,rank_2,s__C1jq,Root,f__C,g__C1,s__C1jq
s__C1jr,g__C1,rank_2,s__C1jr,Root,f__C,g__C1,s__C1jr
s__C1js,g__C1,rank_2,s__C1js,Root,f__C,g__C1,s__C1js
s__C1jt,g__C1,rank_2,s__C1jt,Root,f__C,g__C1,s__C1jt
s__C1ju,g__C1,rank_2,s__C1ju,Root,f__C,g__C1,s__C1ju
s__C1jv,g__C1,rank_2,s__C1jv,Root,f__C,g__C1,s__C1jv
s__C1jw,g__C1,rank_2,s__C1jw,Root,f__C,g__C1,s__C1jw
s__C1jx,g__C1,rank_2,s__C1jx,Root,f__C,g__C1,s__C1jx
s__C1jy,g__C1,rank_2,s__C1jy,Root,f__C,g__C1,s__C1jy
s__C1jz,g__C1,rank_2,s__C1jz,Root,f__C,g__C1,s__C1jz
s__C1ka,g__C1,rank_2,s__C1ka,Root,f__C,g__C1,s__C1ka
s__C1kc,g__C1,rank_2,s__C1kc,Root,f__C,g__C1,s__C1kc
s__C1kd,g__C1,rank_2,s__C1kd,Root,f__C,g__C1,s__C1kd
s__C1ke,g__C1,rank_2,s__C1ke,Root,f__C,g__C1,s__C1ke
s__C1kf,g__C1,rank_2,s__C1kf,Root,f__C,g__C1,s__C1kf
s__C1kg,g__C1,rank_2,s__C1kg,Root,f__C,g__C1,s__C1kg
s__C1kh,g__C1,rank_2,s__C1kh,Root,f__C,g__C1,s__C1kh
s__C1ki,g__C1,rank_2,s__C1ki,Root,f__C,g__C1,s__C1ki
s__C1kj,g__C1,rank_2,s__C1kj,Root,f__C,g__C1,s__C1kj
s__C1kk,g__C1,rank_2,s__C1kk,Root,f__C,g__C1,s__C1kk
s__C1kl,g__C1,rank_2,s__C1kl,Root,f__C,g__C1,s__C1kl
s__C1km,g__C1,rank_2,s__C1km,Root,f__C,g__C1,s__C1km
s__C1kn,g__C1,rank_2,s__C1kn,Root,f__C,g__C1,s__C1kn
s__C1ko,g__C1,rank_2,s__C1ko,Root,f__C,g__C1,s__C1ko
s__C1kp,g__C1,rank_2,s__C1kp,Root,f__C,g__C1,s__C1kp
s__C1kq,g__C1,rank_2,s__C1kq,Root,f__C,g__C1,s__C1kq
s__C1kr,g__C1,rank_2,s__C1kr,Root,f__C,g__C1,s__C1kr
s__C1ks,g__C1,rank_2,s__C1ks,Root,f__C,g__C1,s__C1ks
s__C1kt,g__C1,rank_2,s__C1kt,Root,f__C,g__C1,s__C1kt
s__C1ku,g__C1,rank_2,s__C1ku,Root,f__C,g__C1,s__C1ku
s__C1kv,g__C1,rank_2,s__C1kv,Root,f__C,g__C1,s__C1kv
s__C1kw,g__C1,rank_2,s__C1kw,Root,f__C,g__C1,s__C1kw
s__C1kx,g__C1,rank_2,s__C1kx,Root,f__C,g__C1,s__C1kx
s__C1ky,g__C1,rank_2,s__C1ky,Root,f__C,g__C1,s__C1ky
s__C1kz,g__C1,rank_2,s__C1kz,Root,f__C,g__C1,s__C1kz
s__C1l,g__C1,rank_2,s__C1l,Root,f__C,g__C1,s__C1l
s__C1la,g__C1,rank_2,s__C1la,Root,f__C,g__C1,s__C1la
s__C1lb,g__C1,rank_2,s__C1lb,Root,f__C,g__C1,s__C1lb
s__C1lc,g__C1,rank_2,s__C1lc,Root,f__C,g__C1,s__C1lc
s__C1ld,g__C1,rank_2,s__C1ld,Root,f__C,g__C1,s__C1ld
s__C1le,g__C1,rank_2,s__C1le,Root,f__C,g__C1,s__C1le
s__C1lf,g__C1,rank_2,s__C1lf,Root,f__C,g__C1,s__C1lf
s__C1lg,g__C1,rank_2,s__C1lg,Root,f__C,g__C1,s__C1lg
s__C1lh,g__C1,rank_2,s__C1lh,Root,f__C,g__C1,s__C1lh
s__C1li,g__C1,rank_2,s__C1li,Root,f__C,g__C1,s__C1li
s__C1lj,g__C1,rank_2,s__C1lj,Root,f__C,g__C1,s__C1lj
s__C1ll,g__C1,rank_2,s__C1ll,Root,f__C,g__C1,s__C1ll
s__C1lm,g__C1,rank_2,s__C1lm,Root,f__C,g__C1,s__C1lm
s__C1ln,g__C1,rank_2,s__C1ln,Root,f__C,g__C1,s__C1ln
s__C1lo,g__C1,rank_2,s__C1lo,Root,f__C,g__C1,s__C1lo
s__C1lp,g__C1,rank_2,s__C1lp,Root,f__C,g__C1,s__C1lp
s__C1lq,g__C1,rank_2,s__C1lq,Root,f__C,g__C1,s__C1lq
s__C1lr,g__C1,rank_2,s__C1lr,Root,f__C,g__C1,s__C1lr
s__C1ls,g__C1,rank_2,s__C1ls,Root,f__C,g__C1,s__C1ls
s__C1lu,g__C1,rank_2,s__C1lu,Root,f__C,g__C1,s__C1lu
s__C1lv,g__C1,rank_2,s__C1lv,Root,f__C,g__C1,s__C1lv
s__C1lw,g__C1,rank_2,s__C1lw,Root,f__C,g__C1,s__C1lw
s__C1lx,g__C1,rank_2,s__C1lx,Root,f__C,g__C1,s__C1lx
s__C1ly,g__C1,rank_2,s__C1ly,Root,f__C,g__C1,s__C1ly
s__C1lz,g__C1,rank_2,s__C1lz,Root,f__C,g__C1,s__C1lz
s__C1ma,g__C1,rank_2,s__C1ma,Root,f__C,g__C1,s__C1ma
s__C1mb,g__C1,rank_2,s__C1mb,Root,f__C,g__C1,s__C1mb
s__C1mc,g__C1,rank_2,s__C1mc,Root,f__C,g__C1,s__C1mc
s__C1md,g__C1,rank_2,s__C1md,Root,f__C,g__C1,s__C1md
s__C1me,g__C1,rank_2,s__C1me,Root,f__C,g__C1,s__C1me
s__C1mf,g__C1,rank_2,s__C1mf,Root,f__C,g__C1,s__C1mf
s__C1mg,g__C1,rank_2,s__C1mg,Root,f__C,g__C1,s__C1mg
s__C1mh,g__C1,rank_2,s__C1mh,Root,f__C,g__C1,s__C1mh
s__C1mi,g__C1,rank_2,s__C1mi,Root,f__C,g__C1,s__C1mi
s__C1mj,g__C1,rank_2,s__C1mj,Root,f__C,g__C1,s__C1mj
s__C1mk,g__C1,rank_2,s__C1mk,Root,f__C,g__C1,s__C1mk
s__C1ml,g__C1,rank_2,s__C1ml,Root,f__C,g__C1,s__C1ml
s__C1mm,g__C1,rank_2,s__C1mm,Root,f__C,g__C1,s__C1mm
s__C1mn,g__C1,rank_2,s__C1mn,Root,f__C,g__C1,s__C1mn
s__C1mo,g__C1,rank_2,s__C1mo,Root,f__C,g__C1,s__C1mo
s__C1mp,g__C1,rank_2,s__C1mp,Root,f__C,g__C1,s__C1mp
s__C1mq,g__C1,rank_2,s__C1mq,Root,f__C,g__C1,s__C1mq
s__C1mr,g__C1,rank_2,s__C1mr,Root,f__C,g__C1,s__C1mr
s__C1ms,g__C1,rank_2,s__C1ms,Root,f__C,g__C1,s__C1ms
s__C1mt,g__C1,rank_2,s__C1mt,Root,f__C,g__C1,s__C1mt
s__C1mu,g__C1,rank_2,s__C1mu,Root,f__C,g__C1,s__C1mu
s__C1mv,g__C1,rank_2,s__C1mv,Root,f__C,g__C1,s__C1mv
s__C1mw,g__C1,rank_2,s__C1mw,Root,f__C,g__C1,s__C1mw
s__C1mx,g__C1,rank_2,s__C1mx,Root,f__C,g__C1,s__C1mx
s__C1my,g__C1,rank_2,s__C1my,Root,f__C,g__C1,s__C1my
s__C1mz,g__C1,rank_2,s__C1mz,Root,f__C,g__C1,s__C1mz
s__C1n,g__C1,rank_2,s__C1n,Root,f__C,g__C1,s__C1n
s__C1na,g__C1,rank_2,s__C1na,Root,f__C,g__C1,s__C1na
s__C1nb,g__C1,rank_2,s__C1nb,Root,f__C,g__C1,s__C1nb
s__C1nc,g__C1,rank_2,s__C1nc,Root,f__C,g__C1,s__C1nc
s__C1nd,g__C1,rank_2,s__C1nd,Root,f__C,g__C1,s__C1nd
s__C1ne,g__C1,rank_2,s__C1ne,Root,f__C,g__C1,s__C1ne
s__C1nf,g__C1,rank_2,s__C1nf,Root,f__C,g__C1,s__C1nf
s__C1ng,g__C1,rank_2,s__C1ng,Root,f__C,g__C1,s__C1ng
s__C1nh,g__C1,rank_2,s__C1nh,Root,f__C,g__C1,s__C1nh
s__C1nj,g__C1,rank_2,s__C1nj,Root,f__C,g__C1,s__C1nj
s__C1nk,g__C1,rank_2,s__C1nk,Root,f__C,g__C1,s__C1nk
s__C1nn,g__C1,rank_2,s__C1nn,Root,f__C,g__C1,s__C1nn
s__C1no,g__C1,rank_2,s__C1no,Root,f__C,g__C1,s__C1no
s__C1np,g__C1,rank_2,s__C1np,Root,f__C,g__C1,s__C1np
s__C1nq,g__C1,rank_2,s__C1nq,Root,f__C,g__C1,s__C1nq
s__C1nr,g__C1,rank_2,s__C1nr,Root,f__C,g__C1,s__C1nr
s__C1ns,g__C1,rank_2,s__C1ns,Root,f__C,g__C1,s__C1ns
s__C1nt,g__C1,rank_2,s__C1nt,Root,f__C,g__C1,s__C1nt
s__C1nu,g__C1,rank_2,s__C1nu,Root,f__C,g__C1,s__C1nu
s__C1nv,g__C1,rank_2,s__C1nv,Root,f__C,g__C1,s__C1nv
s__C1nw,g__C1,rank_2,s__C1nw,Root,f__C,g__C1,s__C1nw
s__C1nx,g__C1,rank_2,s__C1nx,Root,f__C,g__C1,s__C1nx
s__C1ny,g__C1,rank_2,s__C1ny,Root,f__C,g__C1,s__C1ny
s__C1nz,g__C1,rank_2,s__C1nz,Root,f__C,g__C1,s__C1nz
s__C1o,g__C1,rank_2,s__C1o,Root,f__C,g__C1,s__C1o
s__C1oa,g__C1,rank_2,s__C1oa,Root,f__C,g__C1,s__C1oa
s__C1ob,g__C1,rank_2,s__C1ob,Root,f__C,g__C1,s__C1ob
s__C1oc,g__C1,rank_2,s__C1oc,Root,f__C,g__C1,s__C1oc
s__C1od,g__C1,rank_2,s__C1od,Root,f__C,g__C1,s__C1od
s__C1oe,g__C1,rank_2,s__C1oe,Root,f__C,g__C1,s__C1oe
s__C1of,g__C1,rank_2,s__C1of,Root,f__C,g__C1,s__C1of
s__C1og,g__C1,rank_2,s__C1og,Root,f__C,g__C1,s__C1og
s__C1oh,g__C1,rank_2,s__C1oh,Root,f__C,g__C1,s__C1oh
s__C1oi,g__C1,rank_2,s__C1oi,Root,f__C,g__C1,s__C1oi
s__C1oj,g__C1,rank_2,s__C1oj,Root,f__C,g__C1,s__C1oj
s__C1ok,g__C1,rank_2,s__C1ok,Root,f__C,g__C1,s__C1ok
s__C1ol,g__C1,rank_2,s__C1ol,Root,f__C,g__C1,s__C1ol
s__C1om,g__C1,rank_2,s__C1om,Root,f__C,g__C1,s__C1om
s__C1on,g__C1,rank_2,s__C1on,Root,f__C,g__C1,s__C1on
s__C1oo,g__C1,rank_2,s__C1oo,Root,f__C,g__C1,s__C1oo
s__C1op,g__C1,rank_2,s__C1op,Root,f__C,g__C1,s__C1op
s__C1oq,g__C1,rank_2,s__C1oq,Root,f__C,g__C1,s__C1oq
s__C1or,g__C1,rank_2,s__C1or,Root,f__C,g__C1,s__C1or
s__C1os,g__C1,rank_2,s__C1os,Root,f__C,g__C1,s__C1os
s__C1ot,g__C1,rank_2,s__C1ot,Root,f__C,g__C1,s__C1ot
s__C1ou,g__C1,rank_2,s__C1ou,Root,f__C,g__C1,s__C1ou
s__C1ov,g__C1,rank_2,s__C1ov,Root,f__C,g__C1,s__C1ov
s__C1ow,g__C1,rank_2,s__C1ow,Root,f__C,g__C1,s__C1ow
s__C1ox,g__C1,rank_2,s__C1ox,Root,f__C,g__C1,s__C1ox
s__C1oy,g__C1,rank_2,s__C1oy,Root,f__C,g__C1,s__C1oy
s__C1oz,g__C1,rank_2,s__C1oz,Root,f__C,g__C1,s__C1oz
s__C1p,g__C1,rank_2,s__C1p,Root,f__C,g__C1,s__C1p
s__C1pa,g__C1,rank_2,s__C1pa,Root,f__C,g__C1,s__C1pa
s__C1pb,g__C1,rank_2,s__C1pb,Root,f__C,g__C1,s__C1pb
s__C1pc,g__C1,rank_2,s__C1pc,Root,f__C,g__C1,s__C1pc
s__C1pd,g__C1,rank_2,s__C1pd,Root,f__C,g__C1,s__C1pd
s__C1pe,g__C1,rank_2,s__C1pe,Root,f__C,g__C1,s__C1pe
s__C1pf,g__C1,rank_2,s__C1pf,Root,f__C,g__C1,s__C1pf
s__C1pg,g__C1,rank_2,s__C1pg,Root,f__C,g__C1,s__C1pg
s__C1ph,g__C1,rank_2,s__C1ph,Root,f__C,g__C1,s__C1ph
s__C1pi,g__C1,rank_2,s__C1pi,Root,f__C,g__C1,s__C1pi
s__C1pj,g__C1,rank_2,s__C1pj,Root,f__C,g__C1,s__C1pj
s__C1q,g__C1,rank_2,s__C1q,Root,f__C,g__C1,s__C1q
s__C1r,g__C1,rank_2,s__C1r,Root,f__C,g__C1,s__C1r
s__C1s,g__C1,rank_2,s__C1s,Root,f__C,g__C1,s__C1s
s__C1t,g__C1,rank_2,s__C1t,Root,f__C,g__C1,s__C1t
s__C1u,g__C1,rank_2,s__C1u,Root,f__C,g__C1,s__C1u
s__C1v,g__C1,rank_2,s__C1v,Root,f__C,g__C1,s__C1v
s__C1w,g__C1,rank_2,s__C1w,Root,f__C,g__C1,s__C1w
s__C1x,g__C1,rank_2,s__C1x,Root,f__C,g__C1,s__C1x
s__C1y,g__C1,rank_2,s__C1y,Root,f__C,g__C1,s__C1y
s__C1z,g__C1,rank_2,s__C1z,Root,f__C,g__C1,s__C1z
g__C2,f__C,rank_1,g__C2,Root,f__C,g__C2,
s__C2,g__C2,rank_2,s__C2,Root,f__C,g__C2,s__C2
g__C20,f__C,rank_1,g__C20,Root,f__C,g__C20,
s__C20,g__C20,rank_2,s__C20,Root,f__C,g__C20,s__C20
g__C21,f__C,rank_1,g__C21,Root,f__C,g__C21,
s__C21.11/C21ac,g__C21,rank_2,s__C21.11/C21ac,Root,f__C,g__C21,s__C21.11/C21ac
s__C21.13,g__C21,rank_2,s__C21.13,Root,f__C,g__C21,s__C21.13
s__C21.14,g__C21,rank_2,s__C21.14,Root,f__C,g__C21,s__C21.14
s__C21.16,g__C21,rank_2,s__C21.16,Root,f__C,g__C21,s__C21.16
s__C21a,g__C21,rank_2,s__C21a,Root,f__C,g__C21,s__C21a
s__C21aa,g__C21,rank_2,s__C21aa,Root,f__C,g__C21,s__C21aa
s__C21ab,g__C21,rank_2,s__C21ab,Root,f__C,g__C21,s__C21ab
s__C21ad,g__C21,rank_2,s__C21ad,Root,f__C,g__C21,s__C21ad
s__C21ae,g__C21,rank_2,s__C21ae,Root,f__C,g__C21,s__C21ae
s__C21af,g__C21,rank_2,s__C21af,Root,f__C,g__C21,s__C21af
s__C21ag,g__C21,rank_2,s__C21ag,Root,f__C,g__C21,s__C21ag
s__C21ah,g__C21,rank_2,s__C21ah,Root,f__C,g__C21,s__C21ah
s__C21ai,g__C21,rank_2,s__C21ai,Root,f__C,g__C21,s__C21ai
s__C21aj,g__C21,rank_2,s__C21aj,Root,f__C,g__C21,s__C21aj
s__C21ak,g__C21,rank_2,s__C21ak,Root,f__C,g__C21,s__C21ak
s__C21al,g__C21,rank_2,s__C21al,Root,f__C,g__C21,s__C21al
s__C21am,g__C21,rank_2,s__C21am,Root,f__C,g__C21,s__C21am
s__C21an,g__C21,rank_2,s__C21an,Root,f__C,g__C21,s__C21an
s__C21ao,g__C21,rank_2,s__C21ao,Root,f__C,g__C21,s__C21ao
s__C21ap,g__C21,rank_2,s__C21ap,Root,f__C,g__C21,s__C21ap
s__C21aq,g__C21,rank_2,s__C21aq,Root,f__C,g__C21,s__C21aq
s__C21ar,g__C21,rank_2,s__C21ar,Root,f__C,g__C21,s__C21ar
s__C21as,g__C21,rank_2,s__C21as,Root,f__C,g__C21,s__C21as
s__C21at,g__C21,rank_2,s__C21at,Root,f__C,g__C21,s__C21at
s__C21au,g__C21,rank_2,s__C21au,Root,f__C,g__C21,s__C21au
s__C21av,g__C21,rank_2,s__C21av,Root,f__C,g__C21,s__C21av
s__C21aw,g__C21,rank_2,s__C21aw,Root,f__C,g__C21,s__C21aw
s__C21ay,g__C21,rank_2,s__C21ay,Root,f__C,g__C21,s__C21ay
s__C21az,g__C21,rank_2,s__C21az,Root,f__C,g__C21,s__C21az
s__C21b,g__C21,rank_2,s__C21b,Root,f__C,g__C21,s__C21b
s__C21ba,g__C21,rank_2,s__C21ba,Root,f__C,g__C21,s__C21ba
s__C21bb,g__C21,rank_2,s__C21bb,Root,f__C,g__C21,s__C21bb
s__C21bc,g__C21,rank_2,s__C21bc,Root,f__C,g__C21,s__C21bc
s__C21bd,g__C21,rank_2,s__C21bd,Root,f__C,g__C21,s__C21bd
s__C21bf,g__C21,rank_2,s__C21bf,Root,f__C,g__C21,s__C21bf
s__C21bg,g__C21,rank_2,s__C21bg,Root,f__C,g__C21,s__C21bg
s__C21bh,g__C21,rank_2,s__C21bh,Root,f__C,g__C21,s__C21bh
s__C21bi,g__C21,rank_2,s__C21bi,Root,f__C,g__C21,s__C21bi
s__C21bj,g__C21,rank_2,s__C21bj,Root,f__C,g__C21,s__C21bj
s__C21bk,g__C21,rank_2,s__C21bk,Root,f__C,g__C21,s__C21bk
s__C21bl,g__C21,rank_2,s__C21bl,Root,f__C,g__C21,s__C21bl
s__C21bm,g__C21,rank_2,s__C21bm,Root,f__C,g__C21,s__C21bm
s__C21bn,g__C21,rank_2,s__C21bn,Root,f__C,g__C21,s__C21bn
s__C21bo,g__C21,rank_2,s__C21bo,Root,f__C,g__C21,s__C21bo
s__C21bq,g__C21,rank_2,s__C21bq,Root,f__C,g__C21,s__C21bq
s__C21br,g__C21,rank_2,s__C21br,Root,f__C,g__C21,s__C21br
s__C21bs,g__C21,rank_2,s__C21bs,Root,f__C,g__C21,s__C21bs
s__C21bt,g__C21,rank_2,s__C21bt,Root,f__C,g__C21,s__C21bt
s__C21bu,g__C21,rank_2,s__C21bu,Root,f__C,g__C21,s__C21bu
s__C21bv,g__C21,rank_2,s__C21bv,Root,f__C,g__C21,s__C21bv
s__C21bw,g__C21,rank_2,s__C21bw,Root,f__C,g__C21,s__C21bw
s__C21bx,g__C21,rank_2,s__C21bx,Root,f__C,g__C21,s__C21bx
s__C21by,g__C21,rank_2,s__C21by,Root,f__C,g__C21,s__C21by
s__C21bz,g__C21,rank_2,s__C21bz,Root,f__C,g__C21,s__C21bz
s__C21c,g__C21,rank_2,s__C21c,Root,f__C,g__C21,s__C21c
s__C21ca,g__C21,rank_2,s__C21ca,Root,f__C,g__C21,s__C21ca
s__C21cb,g__C21,rank_2,s__C21cb,Root,f__C,g__C21,s__C21cb
s__C21cc,g__C21,rank_2,s__C21cc,Root,f__C,g__C21,s__C21cc
s__C21cd,g__C21,rank_2,s__C21cd,Root,f__C,g__C21,s__C21cd
s__C21ce,g__C21,rank_2,s__C21ce,Root,f__C,g__C21,s__C21ce
s__C21cf/C21.12,g__C21,rank_2,s__C21cf/C21.12,Root,f__C,g__C21,s__C21cf/C21.12
s__C21cg,g__C21,rank_2,s__C21cg,Root,f__C,g__C21,s__C21cg
s__C21ch,g__C21,rank_2,s__C21ch,Root,f__C,g__C21,s__C21ch
s__C21ci,g__C21,rank_2,s__C21ci,Root,f__C,g__C21,s__C21ci
s__C21cj,g__C21,rank_2,s__C21cj,Root,f__C,g__C21,s__C21cj
s__C21ck,g__C21,rank_2,s__C21ck,Root,f__C,g__C21,s__C21ck
s__C21cl,g__C21,rank_2,s__C21cl,Root,f__C,g__C21,s__C21cl
s__C21cm,g__C21,rank_2,s__C21cm,Root,f__C,g__C21,s__C21cm
s__C21cn,g__C21,rank_2,s__C21cn,Root,f__C,g__C21,s__C21cn
s__C21co,g__C21,rank_2,s__C21co,Root,f__C,g__C21,s__C21co
s__C21cp,g__C21,rank_2,s__C21cp,Root,f__C,g__C21,s__C21cp
s__C21cq,g__C21,rank_2,s__C21cq,Root,f__C,g__C21,s__C21cq
s__C21cs,g__C21,rank_2,s__C21cs,Root,f__C,g__C21,s__C21cs
s__C21ct,g__C21,rank_2,s__C21ct,Root,f__C,g__C21,s__C21ct
s__C21cu,g__C21,rank_2,s__C21cu,Root,f__C,g__C21,s__C21cu
s__C21cv,g__C21,rank_2,s__C21cv,Root,f__C,g__C21,s__C21cv
s__C21cw,g__C21,rank_2,s__C21cw,Root,f__C,g__C21,s__C21cw
s__C21cx,g__C21,rank_2,s__C21cx,Root,f__C,g__C21,s__C21cx
s__C21cy,g__C21,rank_2,s__C21cy,Root,f__C,g__C21,s__C21cy
s__C21cz,g__C21,rank_2,s__C21cz,Root,f__C,g__C21,s__C21cz
s__C21d,g__C21,rank_2,s__C21d,Root,f__C,g__C21,s__C21d
s__C21da,g__C21,rank_2,s__C21da,Root,f__C,g__C21,s__C21da
s__C21db,g__C21,rank_2,s__C21db,Root,f__C,g__C21,s__C21db
s__C21dc,g__C21,rank_2,s__C21dc,Root,f__C,g__C21,s__C21dc
s__C21dd,g__C21,rank_2,s__C21dd,Root,f__C,g__C21,s__C21dd
s__C21de,g__C21,rank_2,s__C21de,Root,f__C,g__C21,s__C21de
s__C21df,g__C21,rank_2,s__C21df,Root,f__C,g__C21,s__C21df
s__C21dg,g__C21,rank_2,s__C21dg,Root,f__C,g__C21,s__C21dg
s__C21dh,g__C21,rank_2,s__C21dh,Root,f__C,g__C21,s__C21dh
s__C21di,g__C21,rank_2,s__C21di,Root,f__C,g__C21,s__C21di
s__C21dj,g__C21,rank_2,s__C21dj,Root,f__C,g__C21,s__C21dj
s__C21dk,g__C21,rank_2,s__C21dk,Root,f__C,g__C21,s__C21dk
s__C21dl,g__C21,rank_2,s__C21dl,Root,f__C,g__C21,s__C21dl
s__C21dn,g__C21,rank_2,s__C21dn,Root,f__C,g__C21,s__C21dn
s__C21dq,g__C21,rank_2,s__C21dq,Root,f__C,g__C21,s__C21dq
s__C21dr,g__C21,rank_2,s__C21dr,Root,f__C,g__C21,s__C21dr
s__C21ds,g__C21,rank_2,s__C21ds,Root,f__C,g__C21,s__C21ds
s__C21dt,g__C21,rank_2,s__C21dt,Root,f__C,g__C21,s__C21dt
s__C21du,g__C21,rank_2,s__C21du,Root,f__C,g__C21,s__C21du
s__C21dv,g__C21,rank_2,s__C21dv,Root,f__C,g__C21,s__C21dv
s__C21dw,g__C21,rank_2,s__C21dw,Root,f__C,g__C21,s__C21dw
s__C21dx,g__C21,rank_2,s__C21dx,Root,f__C,g__C21,s__C21dx
s__C21dy,g__C21,rank_2,s__C21dy,Root,f__C,g__C21,s__C21dy
s__C21dz,g__C21,rank_2,s__C21dz,Root,f__C,g__C21,s__C21dz
s__C21e,g__C21,rank_2,s__C21e,Root,f__C,g__C21,s__C21e
s__C21ea,g__C21,rank_2,s__C21ea,Root,f__C,g__C21,s__C21ea
s__C21eb,g__C21,rank_2,s__C21eb,Root,f__C,g__C21,s__C21eb
s__C21ec,g__C21,rank_2,s__C21ec,Root,f__C,g__C21,s__C21ec
s__C21ed,g__C21,rank_2,s__C21ed,Root,f__C,g__C21,s__C21ed
s__C21ef,g__C21,rank_2,s__C21ef,Root,f__C,g__C21,s__C21ef
s__C21eh,g__C21,rank_2,s__C21eh,Root,f__C,g__C21,s__C21eh
s__C21ei,g__C21,rank_2,s__C21ei,Root,f__C,g__C21,s__C21ei
s__C21ej,g__C21,rank_2,s__C21ej,Root,f__C,g__C21,s__C21ej
s__C21ek,g__C21,rank_2,s__C21ek,Root,f__C,g__C21,s__C21ek
s__C21el,g__C21,rank_2,s__C21el,Root,f__C,g__C21,s__C21el
s__C21em,g__C21,rank_2,s__C21em,Root,f__C,g__C21,s__C21em
s__C21en,g__C21,rank_2,s__C21en,Root,f__C,g__C21,s__C21en
s__C21eo,g__C21,rank_2,s__C21eo,Root,f__C,g__C21,s__C21eo
s__C21ep,g__C21,rank_2,s__C21ep,Root,f__C,g__C21,s__C21ep
s__C21eq,g__C21,rank_2,s__C21eq,Root,f__C,g__C21,s__C21eq
s__C21er,g__C21,rank_2,s__C21er,Root,f__C,g__C21,s__C21er
s__C21es,g__C21,rank_2,s__C21es,Root,f__C,g__C21,s__C21es
s__C21et,g__C21,rank_2,s__C21et,Root,f__C,g__C21,s__C21et
s__C21eu,g__C21,rank_2,s__C21eu,Root,f__C,g__C21,s__C21eu
s__C21ev,g__C21,rank_2,s__C21ev,Root,f__C,g__C21,s__C21ev
s__C21ew,g__C21,rank_2,s__C21ew,Root,f__C,g__C21,s__C21ew
s__C21ex,g__C21,rank_2,s__C21ex,Root,f__C,g__C21,s__C21ex
s__C21ey,g__C21,rank_2,s__C21ey,Root,f__C,g__C21,s__C21ey
s__C21ez,g__C21,rank_2,s__C21ez,Root,f__C,g__C21,s__C21ez
s__C21f,g__C21,rank_2,s__C21f,Root,f__C,g__C21,s__C21f
s__C21fa,g__C21,rank_2,s__C21fa,Root,f__C,g__C21,s__C21fa
s__C21fb,g__C21,rank_2,s__C21fb,Root,f__C,g__C21,s__C21fb
s__C21fc,g__C21,rank_2,s__C21fc,Root,f__C,g__C21,s__C21fc
s__C21fd,g__C21,rank_2,s__C21fd,Root,f__C,g__C21,s__C21fd
s__C21fe,g__C21,rank_2,s__C21fe,Root,f__C,g__C21,s__C21fe
s__C21ff,g__C21,rank_2,s__C21ff,Root,f__C,g__C21,s__C21ff
s__C21fg,g__C21,rank_2,s__C21fg,Root,f__C,g__C21,s__C21fg
s__C21fh,g__C21,rank_2,s__C21fh,Root,f__C,g__C21,s__C21fh
s__C21fi,g__C21,rank_2,s__C21fi,Root,f__C,g__C21,s__C21fi
s__C21fj,g__C21,rank_2,s__C21fj,Root,f__C,g__C21,s__C21fj
s__C21fk,g__C21,rank_2,s__C21fk,Root,f__C,g__C21,s__C21fk
s__C21g,g__C21,rank_2,s__C21g,Root,f__C,g__C21,s__C21g
s__C21h,g__C21,rank_2,s__C21h,Root,f__C,g__C21,s__C21h
s__C21i,g__C21,rank_2,s__C21i,Root,f__C,g__C21,s__C21i
s__C21j,g__C21,rank_2,s__C21j,Root,f__C,g__C21,s__C21j
s__C21l,g__C21,rank_2,s__C21l,Root,f__C,g__C21,s__C21l
s__C21m,g__C21,rank_2,s__C21m,Root,f__C,g__C21,s__C21m
s__C21n,g__C21,rank_2,s__C21n,Root,f__C,g__C21,s__C21n
s__C21o,g__C21,rank_2,s__C21o,Root,f__C,g__C21,s__C21o
s__C21q,g__C21,rank_2,s__C21q,Root,f__C,g__C21,s__C21q
s__C21r,g__C21,rank_2,s__C21r,Root,f__C,g__C21,s__C21r
s__C21s,g__C21,rank_2,s__C21s,Root,f__C,g__C21,s__C21s
s__C21t,g__C21,rank_2,s__C21t,Root,f__C,g__C21,s__C21t
s__C21u,g__C21,rank_2,s__C21u,Root,f__C,g__C21,s__C21u
s__C21w,g__C21,rank_2,s__C21w,Root,f__C,g__C21,s__C21w
s__C21x,g__C21,rank_2,s__C21x,Root,f__C,g__C21,s__C21x
s__C21y,g__C21,rank_2,s__C21y,Root,f__C,g__C21,s__C21y
s__C21z,g__C21,rank_2,s__C21z,Root,f__C,g__C21,s__C21z
g__C22,f__C,rank_1,g__C22,Root,f__C,g__C22,
s__C22,g__C22,rank_2,s__C22,Root,f__C,g__C22,s__C22
s__C22a,g__C22,rank_2,s__C22a,Root,f__C,g__C22,s__C22a
s__C22aa,g__C22,rank_2,s__C22aa,Root,f__C,g__C22,s__C22aa
s__C22ab,g__C22,rank_2,s__C22ab,Root,f__C,g__C22,s__C22ab
s__C22ad,g__C22,rank_2,s__C22ad,Root,f__C,g__C22,s__C22ad
s__C22ae,g__C22,rank_2,s__C22ae,Root,f__C,g__C22,s__C22ae
s__C22af,g__C22,rank_2,s__C22af,Root,f__C,g__C22,s__C22af
s__C22ag,g__C22,rank_2,s__C22ag,Root,f__C,g__C22,s__C22ag
s__C22ai,g__C22,rank_2,s__C22ai,Root,f__C,g__C22,s__C22ai
s__C22b,g__C22,rank_2,s__C22b,Root,f__C,g__C22,s__C22b
s__C22c,g__C22,rank_2,s__C22c,Root,f__C,g__C22,s__C22c
s__C22d,g__C22,rank_2,s__C22d,Root,f__C,g__C22,s__C22d
s__C22e,g__C22,rank_2,s__C22e,Root,f__C,g__C22,s__C22e
s__C22f,g__C22,rank_2,s__C22f,Root,f__C,g__C22,s__C22f
s__C22g,g__C22,rank_2,s__C22g,Root,f__C,g__C22,s__C22g
s__C22i,g__C22,rank_2,s__C22i,Root,f__C,g__C22,s__C22i
s__C22j,g__C22,rank_2,s__C22j,Root,f__C,g__C22,s__C22j
s__C22k,g__C22,rank_2,s__C22k,Root,f__C,g__C22,s__C22k
s__C22l,g__C22,rank_2,s__C22l,Root,f__C,g__C22,s__C22l
s__C22m,g__C22,rank_2,s__C22m,Root,f__C,g__C22,s__C22m
s__C22n,g__C22,rank_2,s__C22n,Root,f__C,g__C22,s__C22n
s__C22o,g__C22,rank_2,s__C22o,Root,f__C,g__C22,s__C22o
s__C22p,g__C22,rank_2,s__C22p,Root,f__C,g__C22,s__C22p
s__C22q,g__C22,rank_2,s__C22q,Root,f__C,g__C22,s__C22q
s__C22r,g__C22,rank_2,s__C22r,Root,f__C,g__C22,s__C22r
s__C22s,g__C22,rank_2,s__C22s,Root,f__C,g__C22,s__C22s
s__C22t,g__C22,rank_2,s__C22t,Root,f__C,g__C22,s__C22t
s__C22u,g__C22,rank_2,s__C22u,Root,f__C,g__C22,s__C22u
s__C22v,g__C22,rank_2,s__C22v,Root,f__C,g__C22,s__C22v
s__C22w,g__C22,rank_2,s__C22w,Root,f__C,g__C22,s__C22w
s__C22x,g__C22,rank_2,s__C22x,Root,f__C,g__C22,s__C22x
s__C22y,g__C22,rank_2,s__C22y,Root,f__C,g__C22,s__C22y
s__C22z,g__C22,rank_2,s__C22z,Root,f__C,g__C22,s__C22z
g__C23,f__C,rank_1,g__C23,Root,f__C,g__C23,
s__C23,g__C23,rank_2,s__C23,Root,f__C,g__C23,s__C23
s__C23a,g__C23,rank_2,s__C23a,Root,f__C,g__C23,s__C23a
g__C24,f__C,rank_1,g__C24,Root,f__C,g__C24,
s__C24,g__C24,rank_2,s__C24,Root,f__C,g__C24,s__C24
s__C24a,g__C24,rank_2,s__C24a,Root,f__C,g__C24,s__C24a
g__C25,f__C,rank_1,g__C25,Root,f__C,g__C25,
s__C25,g__C25,rank_2,s__C25,Root,f__C,g__C25,s__C25
g__C26,f__C,rank_1,g__C26,Root,f__C,g__C26,
s__C26a,g__C26,rank_2,s__C26a,Root,f__C,g__C26,s__C26a
s__C26b,g__C26,rank_2,s__C26b,Root,f__C,g__C26,s__C26b
s__C26d,g__C26,rank_2,s__C26d,Root,f__C,g__C26,s__C26d
s__C26e,g__C26,rank_2,s__C26e,Root,f__C,g__C26,s__C26e
s__C26f,g__C26,rank_2,s__C26f,Root,f__C,g__C26,s__C26f
s__C26g,g__C26,rank_2,s__C26g,Root,f__C,g__C26,s__C26g
g__C27,f__C,rank_1,g__C27,Root,f__C,g__C27,
s__C27,g__C27,rank_2,s__C27,Root,f__C,g__C27,s__C27
s__C27a,g__C27,rank_2,s__C27a,Root,f__C,g__C27,s__C27a
s__C27b,g__C27,rank_2,s__C27b,Root,f__C,g__C27,s__C27b
s__C27c,g__C27,rank_2,s__C27c,Root,f__C,g__C27,s__C27c
s__C27d,g__C27,rank_2,s__C27d,Root,f__C,g__C27,s__C27d
s__C27e,g__C27,rank_2,s__C27e,Root,f__C,g__C27,s__C27e
s__C27f,g__C27,rank_2,s__C27f,Root,f__C,g__C27,s__C27f
s__C27g,g__C27,rank_2,s__C27g,Root,f__C,g__C27,s__C27g
s__C27h,g__C27,rank_2,s__C27h,Root,f__C,g__C27,s__C27h
s__C27i,g__C27,rank_2,s__C27i,Root,f__C,g__C27,s__C27i
s__C27j,g__C27,rank_2,s__C27j,Root,f__C,g__C27,s__C27j
s__C27k,g__C27,rank_2,s__C27k,Root,f__C,g__C27,s__C27k
s__C27l,g__C27,rank_2,s__C27l,Root,f__C,g__C27,s__C27l
s__C27m,g__C27,rank_2,s__C27m,Root,f__C,g__C27,s__C27m
g__C28,f__C,rank_1,g__C28,Root,f__C,g__C28,
s__C28,g__C28,rank_2,s__C28,Root,f__C,g__C28,s__C28
g__C29,f__C,rank_1,g__C29,Root,f__C,g__C29,
s__C29,g__C29,rank_2,s__C29,Root,f__C,g__C29,s__C29
s__C29a,g__C29,rank_2,s__C29a,Root,f__C,g__C29,s__C29a
s__C2a,g__C2,rank_2,s__C2a,Root,f__C,g__C2,s__C2a
s__C2b,g__C2,rank_2,s__C2b,Root,f__C,g__C2,s__C2b
g__C30,f__C,rank_1,g__C30,Root,f__C,g__C30,
s__C30.2,g__C30,rank_2,s__C30.2,Root,f__C,g__C30,s__C30.2
g__C31,f__C,rank_1,g__C31,Root,f__C,g__C31,
s__C31,g__C31,rank_2,s__C31,Root,f__C,g__C31,s__C31
g__C3,f__C,rank_1,g__C3,Root,f__C,g__C3,
s__C3.10,g__C3,rank_2,s__C3.10,Root,f__C,g__C3,s__C3.10
s__C3.11,g__C3,rank_2,s__C3.11,Root,f__C,g__C3,s__C3.11
s__C31.1,g__C31,rank_2,s__C31.1,Root,f__C,g__C31,s__C31.1
s__C31.10,g__C31,rank_2,s__C31.10,Root,f__C,g__C31,s__C31.10
s__C3.12,g__C3,rank_2,s__C3.12,Root,f__C,g__C3,s__C3.12
s__C3.14/C3te,g__C3,rank_2,s__C3.14/C3te,Root,f__C,g__C3,s__C3.14/C3te
s__C31.5,g__C31,rank_2,s__C31.5,Root,f__C,g__C31,s__C31.5
s__C31.6,g__C31,rank_2,s__C31.6,Root,f__C,g__C31,s__C31.6
s__C31.9,g__C31,rank_2,s__C31.9,Root,f__C,g__C31,s__C31.9
s__C31a,g__C31,rank_2,s__C31a,Root,f__C,g__C31,s__C31a
s__C31aa,g__C31,rank_2,s__C31aa,Root,f__C,g__C31,s__C31aa
s__C31ac,g__C31,rank_2,s__C31ac,Root,f__C,g__C31,s__C31ac
s__C31ag,g__C31,rank_2,s__C31ag,Root,f__C,g__C31,s__C31ag
s__C31ah,g__C31,rank_2,s__C31ah,Root,f__C,g__C31,s__C31ah
s__C31ai,g__C31,rank_2,s__C31ai,Root,f__C,g__C31,s__C31ai
s__C31aj,g__C31,rank_2,s__C31aj,Root,f__C,g__C31,s__C31aj
s__C31ak,g__C31,rank_2,s__C31ak,Root,f__C,g__C31,s__C31ak
s__C31b,g__C31,rank_2,s__C31b,Root,f__C,g__C31,s__C31b
s__C31c,g__C31,rank_2,s__C31c,Root,f__C,g__C31,s__C31c
s__C31d,g__C31,rank_2,s__C31d,Root,f__C,g__C31,s__C31d
s__C31e,g__C31,rank_2,s__C31e,Root,f__C,g__C31,s__C31e
s__C31f,g__C31,rank_2,s__C31f,Root,f__C,g__C31,s__C31f
s__C31g,g__C31,rank_2,s__C31g,Root,f__C,g__C31,s__C31g
s__C31h,g__C31,rank_2,s__C31h,Root,f__C,g__C31,s__C31h
s__C31i,g__C31,rank_2,s__C31i,Root,f__C,g__C31,s__C31i
s__C31k,g__C31,rank_2,s__C31k,Root,f__C,g__C31,s__C31k
s__C31l,g__C31,rank_2,s__C31l,Root,f__C,g__C31,s__C31l
s__C31m,g__C31,rank_2,s__C31m,Root,f__C,g__C31,s__C31m
s__C31n,g__C31,rank_2,s__C31n,Root,f__C,g__C31,s__C31n
s__C31o,g__C31,rank_2,s__C31o,Root,f__C,g__C31,s__C31o
s__C31p,g__C31,rank_2,s__C31p,Root,f__C,g__C31,s__C31p
s__C31q,g__C31,rank_2,s__C31q,Root,f__C,g__C31,s__C31q
s__C31s,g__C31,rank_2,s__C31s,Root,f__C,g__C31,s__C31s
s__C31t,g__C31,rank_2,s__C31t,Root,f__C,g__C31,s__C31t
s__C31u,g__C31,rank_2,s__C31u,Root,f__C,g__C31,s__C31u
s__C31v,g__C31,rank_2,s__C31v,Root,f__C,g__C31,s__C31v
s__C31w,g__C31,rank_2,s__C31w,Root,f__C,g__C31,s__C31w
s__C31x,g__C31,rank_2,s__C31x,Root,f__C,g__C31,s__C31x
s__C31y,g__C31,rank_2,s__C31y,Root,f__C,g__C31,s__C31y
s__C31z,g__C31,rank_2,s__C31z,Root,f__C,g__C31,s__C31z
s__C3.2,g__C3,rank_2,s__C3.2,Root,f__C,g__C3,s__C3.2
g__C32,f__C,rank_1,g__C32,Root,f__C,g__C32,
s__C32,g__C32,rank_2,s__C32,Root,f__C,g__C32,s__C32
s__C32a,g__C32,rank_2,s__C32a,Root,f__C,g__C32,s__C32a
s__C32b,g__C32,rank_2,s__C32b,Root,f__C,g__C32,s__C32b
s__C32c,g__C32,rank_2,s__C32c,Root,f__C,g__C32,s__C32c
g__C33,f__C,rank_1,g__C33,Root,f__C,g__C33,
s__C33.2,g__C33,rank_2,s__C33.2,Root,f__C,g__C33,s__C33.2
s__C33a,g__C33,rank_2,s__C33a,Root,f__C,g__C33,s__C33a
s__C33b,g__C33,rank_2,s__C33b,Root,f__C,g__C33,s__C33b
s__C33c,g__C33,rank_2,s__C33c,Root,f__C,g__C33,s__C33c
g__C34,f__C,rank_1,g__C34,Root,f__C,g__C34,
s__C34,g__C34,rank_2,s__C34,Root,f__C,g__C34,s__C34
g__C35,f__C,rank_1,g__C35,Root,f__C,g__C35,
s__C35.1,g__C35,rank_2,s__C35.1,Root,f__C,g__C35,s__C35.1
s__C35.3,g__C35,rank_2,s__C35.3,Root,f__C,g__C35,s__C35.3
s__C35a,g__C35,rank_2,s__C35a,Root,f__C,g__C35,s__C35a
g__C36,f__C,rank_1,g__C36,Root,f__C,g__C36,
s__C36,g__C36,rank_2,s__C36,Root,f__C,g__C36,s__C36
s__C36a,g__C36,rank_2,s__C36a,Root,f__C,g__C36,s__C36a
s__C3.7,g__C3,rank_2,s__C3.7,Root,f__C,g__C3,s__C3.7
g__C37,f__C,rank_1,g__C37,Root,f__C,g__C37,
s__C37,g__C37,rank_2,s__C37,Root,f__C,g__C37,s__C37
s__C3.8,g__C3,rank_2,s__C3.8,Root,f__C,g__C3,s__C3.8
g__C38,f__C,rank_1,g__C38,Root,f__C,g__C38,
s__C38,g__C38,rank_2,s__C38,Root,f__C,g__C38,s__C38
s__C38a,g__C38,rank_2,s__C38a,Root,f__C,g__C38,s__C38a
s__C3.9,g__C3,rank_2,s__C3.9,Root,f__C,g__C3,s__C3.9
g__C39,f__C,rank_1,g__C39,Root,f__C,g__C39,
s__C39a,g__C39,rank_2,s__C39a,Root,f__C,g__C39,s__C39a
s__C39aa,g__C39,rank_2,s__C39aa,Root,f__C,g__C39,s__C39aa
s__C39ab,g__C39,rank_2,s__C39ab,Root,f__C,g__C39,s__C39ab
s__C39ac,g__C39,rank_2,s__C39ac,Root,f__C,g__C39,s__C39ac
s__C39ad,g__C39,rank_2,s__C39ad,Root,f__C,g__C39,s__C39ad
s__C39ae,g__C39,rank_2,s__C39ae,Root,f__C,g__C39,s__C39ae
s__C39af,g__C39,rank_2,s__C39af,Root,f__C,g__C39,s__C39af
s__C39ag,g__C39,rank_2,s__C39ag,Root,f__C,g__C39,s__C39ag
s__C39ah,g__C39,rank_2,s__C39ah,Root,f__C,g__C39,s__C39ah
s__C39ai,g__C39,rank_2,s__C39ai,Root,f__C,g__C39,s__C39ai
s__C39aj,g__C39,rank_2,s__C39aj,Root,f__C,g__C39,s__C39aj
s__C39ak,g__C39,rank_2,s__C39ak,Root,f__C,g__C39,s__C39ak
s__C39al,g__C39,rank_2,s__C39al,Root,f__C,g__C39,s__C39al
s__C39an,g__C39,rank_2,s__C39an,Root,f__C,g__C39,s__C39an
s__C39ao,g__C39,rank_2,s__C39ao,Root,f__C,g__C39,s__C39ao
s__C39ap,g__C39,rank_2,s__C39ap,Root,f__C,g__C39,s__C39ap
s__C39aq,g__C39,rank_2,s__C39aq,Root,f__C,g__C39,s__C39aq
s__C39ar,g__C39,rank_2,s__C39ar,Root,f__C,g__C39,s__C39ar
s__C39as,g__C39,rank_2,s__C39as,Root,f__C,g__C39,s__C39as
s__C39at,g__C39,rank_2,s__C39at,Root,f__C,g__C39,s__C39at
s__C39au,g__C39,rank_2,s__C39au,Root,f__C,g__C39,s__C39au
s__C39av,g__C39,rank_2,s__C39av,Root,f__C,g__C39,s__C39av
s__C39aw,g__C39,rank_2,s__C39aw,Root,f__C,g__C39,s__C39aw
s__C39ax,g__C39,rank_2,s__C39ax,Root,f__C,g__C39,s__C39ax
s__C39ay,g__C39,rank_2,s__C39ay,Root,f__C,g__C39,s__C39ay
s__C39az,g__C39,rank_2,s__C39az,Root,f__C,g__C39,s__C39az
s__C39b,g__C39,rank_2,s__C39b,Root,f__C,g__C39,s__C39b
s__C39ba,g__C39,rank_2,s__C39ba,Root,f__C,g__C39,s__C39ba
s__C39bb,g__C39,rank_2,s__C39bb,Root,f__C,g__C39,s__C39bb
s__C39bc,g__C39,rank_2,s__C39bc,Root,f__C,g__C39,s__C39bc
s__C39bd,g__C39,rank_2,s__C39bd,Root,f__C,g__C39,s__C39bd
s__C39d,g__C39,rank_2,s__C39d,Root,f__C,g__C39,s__C39d
s__C39e,g__C39,rank_2,s__C39e,Root,f__C,g__C39,s__C39e
s__C39f,g__C39,rank_2,s__C39f,Root,f__C,g__C39,s__C39f
s__C39g,g__C39,rank_2,s__C39g,Root,f__C,g__C39,s__C39g
s__C39h,g__C39,rank_2,s__C39h,Root,f__C,g__C39,s__C39h
s__C39i,g__C39,rank_2,s__C39i,Root,f__C,g__C39,s__C39i
s__C39j,g__C39,rank_2,s__C39j,Root,f__C,g__C39,s__C39j
s__C39k,g__C39,rank_2,s__C39k,Root,f__C,g__C39,s__C39k
s__C39l,g__C39,rank_2,s__C39l,Root,f__C,g__C39,s__C39l
s__C39m,g__C39,rank_2,s__C39m,Root,f__C,g__C39,s__C39m
s__C39n,g__C39,rank_2,s__C39n,Root,f__C,g__C39,s__C39n
s__C39o,g__C39,rank_2,s__C39o,Root,f__C,g__C39,s__C39o
s__C39p,g__C39,rank_2,s__C39p,Root,f__C,g__C39,s__C39p
s__C39q,g__C39,rank_2,s__C39q,Root,f__C,g__C39,s__C39q
s__C39r,g__C39,rank_2,s__C39r,Root,f__C,g__C39,s__C39r
s__C39s,g__C39,rank_2,s__C39s,Root,f__C,g__C39,s__C39s
s__C39t,g__C39,rank_2,s__C39t,Root,f__C,g__C39,s__C39t
s__C39u,g__C39,rank_2,s__C39u,Root,f__C,g__C39,s__C39u
s__C39v,g__C39,rank_2,s__C39v,Root,f__C,g__C39,s__C39v
s__C39w,g__C39,rank_2,s__C39w,Root,f__C,g__C39,s__C39w
s__C39x,g__C39,rank_2,s__C39x,Root,f__C,g__C39,s__C39x
s__C39y,g__C39,rank_2,s__C39y,Root,f__C,g__C39,s__C39y
s__C39z,g__C39,rank_2,s__C39z,Root,f__C,g__C39,s__C39z
s__C3aa,g__C3,rank_2,s__C3aa,Root,f__C,g__C3,s__C3aa
s__C3ab,g__C3,rank_2,s__C3ab,Root,f__C,g__C3,s__C3ab
s__C3ac,g__C3,rank_2,s__C3ac,Root,f__C,g__C3,s__C3ac
s__C3ad,g__C3,rank_2,s__C3ad,Root,f__C,g__C3,s__C3ad
s__C3ae,g__C3,rank_2,s__C3ae,Root,f__C,g__C3,s__C3ae
s__C3af,g__C3,rank_2,s__C3af,Root,f__C,g__C3,s__C3af
s__C3ag,g__C3,rank_2,s__C3ag,Root,f__C,g__C3,s__C3ag
s__C3ah,g__C3,rank_2,s__C3ah,Root,f__C,g__C3,s__C3ah
s__C3ai,g__C3,rank_2,s__C3ai,Root,f__C,g__C3,s__C3ai
s__C3aj,g__C3,rank_2,s__C3aj,Root,f__C,g__C3,s__C3aj
s__C3ak,g__C3,rank_2,s__C3ak,Root,f__C,g__C3,s__C3ak
s__C3al,g__C3,rank_2,s__C3al,Root,f__C,g__C3,s__C3al
s__C3am,g__C3,rank_2,s__C3am,Root,f__C,g__C3,s__C3am
s__C3an,g__C3,rank_2,s__C3an,Root,f__C,g__C3,s__C3an
s__C3ao,g__C3,rank_2,s__C3ao,Root,f__C,g__C3,s__C3ao
s__C3ap,g__C3,rank_2,s__C3ap,Root,f__C,g__C3,s__C3ap
s__C3aq,g__C3,rank_2,s__C3aq,Root,f__C,g__C3,s__C3aq
s__C3ar,g__C3,rank_2,s__C3ar,Root,f__C,g__C3,s__C3ar
s__C3as,g__C3,rank_2,s__C3as,Root,f__C,g__C3,s__C3as
s__C3at,g__C3,rank_2,s__C3at,Root,f__C,g__C3,s__C3at
s__C3au,g__C3,rank_2,s__C3au,Root,f__C,g__C3,s__C3au
s__C3av,g__C3,rank_2,s__C3av,Root,f__C,g__C3,s__C3av
s__C3aw,g__C3,rank_2,s__C3aw,Root,f__C,g__C3,s__C3aw
s__C3ax,g__C3,rank_2,s__C3ax,Root,f__C,g__C3,s__C3ax
s__C3ay,g__C3,rank_2,s__C3ay,Root,f__C,g__C3,s__C3ay
s__C3b,g__C3,rank_2,s__C3b,Root,f__C,g__C3,s__C3b
s__C3ba,g__C3,rank_2,s__C3ba,Root,f__C,g__C3,s__C3ba
s__C3bb,g__C3,rank_2,s__C3bb,Root,f__C,g__C3,s__C3bb
s__C3bc,g__C3,rank_2,s__C3bc,Root,f__C,g__C3,s__C3bc
s__C3bd,g__C3,rank_2,s__C3bd,Root,f__C,g__C3,s__C3bd
s__C3be,g__C3,rank_2,s__C3be,Root,f__C,g__C3,s__C3be
s__C3bf,g__C3,rank_2,s__C3bf,Root,f__C,g__C3,s__C3bf
s__C3bg,g__C3,rank_2,s__C3bg,Root,f__C,g__C3,s__C3bg
s__C3bh,g__C3,rank_2,s__C3bh,Root,f__C,g__C3,s__C3bh
s__C3bi,g__C3,rank_2,s__C3bi,Root,f__C,g__C3,s__C3bi
s__C3bj,g__C3,rank_2,s__C3bj,Root,f__C,g__C3,s__C3bj
s__C3bk,g__C3,rank_2,s__C3bk,Root,f__C,g__C3,s__C3bk
s__C3bl,g__C3,rank_2,s__C3bl,Root,f__C,g__C3,s__C3bl
s__C3bm,g__C3,rank_2,s__C3bm,Root,f__C,g__C3,s__C3bm
s__C3bn,g__C3,rank_2,s__C3bn,Root,f__C,g__C3,s__C3bn
s__C3bp,g__C3,rank_2,s__C3bp,Root,f__C,g__C3,s__C3bp
s__C3bq,g__C3,rank_2,s__C3bq,Root,f__C,g__C3,s__C3bq
s__C3br,g__C3,rank_2,s__C3br,Root,f__C,g__C3,s__C3br
s__C3bs,g__C3,rank_2,s__C3bs,Root,f__C,g__C3,s__C3bs
s__C3bt,g__C3,rank_2,s__C3bt,Root,f__C,g__C3,s__C3bt
s__C3bu,g__C3,rank_2,s__C3bu,Root,f__C,g__C3,s__C3bu
s__C3bv,g__C3,rank_2,s__C3bv,Root,f__C,g__C3,s__C3bv
s__C3bw,g__C3,rank_2,s__C3bw,Root,f__C,g__C3,s__C3bw
s__C3bx,g__C3,rank_2,s__C3bx,Root,f__C,g__C3,s__C3bx
s__C3by,g__C3,rank_2,s__C3by,Root,f__C,g__C3,s__C3by
s__C3bz,g__C3,rank_2,s__C3bz,Root,f__C,g__C3,s__C3bz
s__C3c,g__C3,rank_2,s__C3c,Root,f__C,g__C3,s__C3c
s__C3ca,g__C3,rank_2,s__C3ca,Root,f__C,g__C3,s__C3ca
s__C3cb,g__C3,rank_2,s__C3cb,Root,f__C,g__C3,s__C3cb
s__C3cc,g__C3,rank_2,s__C3cc,Root,f__C,g__C3,s__C3cc
s__C3ce,g__C3,rank_2,s__C3ce,Root,f__C,g__C3,s__C3ce
s__C3cf,g__C3,rank_2,s__C3cf,Root,f__C,g__C3,s__C3cf
s__C3cg,g__C3,rank_2,s__C3cg,Root,f__C,g__C3,s__C3cg
s__C3ch,g__C3,rank_2,s__C3ch,Root,f__C,g__C3,s__C3ch
s__C3ci,g__C3,rank_2,s__C3ci,Root,f__C,g__C3,s__C3ci
s__C3cj,g__C3,rank_2,s__C3cj,Root,f__C,g__C3,s__C3cj
s__C3ck,g__C3,rank_2,s__C3ck,Root,f__C,g__C3,s__C3ck
s__C3cl,g__C3,rank_2,s__C3cl,Root,f__C,g__C3,s__C3cl
s__C3cm,g__C3,rank_2,s__C3cm,Root,f__C,g__C3,s__C3cm
s__C3cn,g__C3,rank_2,s__C3cn,Root,f__C,g__C3,s__C3cn
s__C3co,g__C3,rank_2,s__C3co,Root,f__C,g__C3,s__C3co
s__C3cp,g__C3,rank_2,s__C3cp,Root,f__C,g__C3,s__C3cp
s__C3cq,g__C3,rank_2,s__C3cq,Root,f__C,g__C3,s__C3cq
s__C3cr,g__C3,rank_2,s__C3cr,Root,f__C,g__C3,s__C3cr
s__C3cs,g__C3,rank_2,s__C3cs,Root,f__C,g__C3,s__C3cs
s__C3ct,g__C3,rank_2,s__C3ct,Root,f__C,g__C3,s__C3ct
s__C3cu,g__C3,rank_2,s__C3cu,Root,f__C,g__C3,s__C3cu
s__C3cv,g__C3,rank_2,s__C3cv,Root,f__C,g__C3,s__C3cv
s__C3cw,g__C3,rank_2,s__C3cw,Root,f__C,g__C3,s__C3cw
s__C3cx,g__C3,rank_2,s__C3cx,Root,f__C,g__C3,s__C3cx
s__C3cy,g__C3,rank_2,s__C3cy,Root,f__C,g__C3,s__C3cy
s__C3cz,g__C3,rank_2,s__C3cz,Root,f__C,g__C3,s__C3cz
s__C3d,g__C3,rank_2,s__C3d,Root,f__C,g__C3,s__C3d
s__C3da,g__C3,rank_2,s__C3da,Root,f__C,g__C3,s__C3da
s__C3db,g__C3,rank_2,s__C3db,Root,f__C,g__C3,s__C3db
s__C3dc,g__C3,rank_2,s__C3dc,Root,f__C,g__C3,s__C3dc
s__C3dd,g__C3,rank_2,s__C3dd,Root,f__C,g__C3,s__C3dd
s__C3de,g__C3,rank_2,s__C3de,Root,f__C,g__C3,s__C3de
s__C3df,g__C3,rank_2,s__C3df,Root,f__C,g__C3,s__C3df
s__C3dg,g__C3,rank_2,s__C3dg,Root,f__C,g__C3,s__C3dg
s__C3dh,g__C3,rank_2,s__C3dh,Root,f__C,g__C3,s__C3dh
s__C3di,g__C3,rank_2,s__C3di,Root,f__C,g__C3,s__C3di
s__C3dj,g__C3,rank_2,s__C3dj,Root,f__C,g__C3,s__C3dj
s__C3dl,g__C3,rank_2,s__C3dl,Root,f__C,g__C3,s__C3dl
s__C3dn,g__C3,rank_2,s__C3dn,Root,f__C,g__C3,s__C3dn
s__C3do,g__C3,rank_2,s__C3do,Root,f__C,g__C3,s__C3do
s__C3dp,g__C3,rank_2,s__C3dp,Root,f__C,g__C3,s__C3dp
s__C3dq,g__C3,rank_2,s__C3dq,Root,f__C,g__C3,s__C3dq
s__C3dr,g__C3,rank_2,s__C3dr,Root,f__C,g__C3,s__C3dr
s__C3ds,g__C3,rank_2,s__C3ds,Root,f__C,g__C3,s__C3ds
s__C3du,g__C3,rank_2,s__C3du,Root,f__C,g__C3,s__C3du
s__C3dv,g__C3,rank_2,s__C3dv,Root,f__C,g__C3,s__C3dv
s__C3dw,g__C3,rank_2,s__C3dw,Root,f__C,g__C3,s__C3dw
s__C3dy,g__C3,rank_2,s__C3dy,Root,f__C,g__C3,s__C3dy
s__C3dz,g__C3,rank_2,s__C3dz,Root,f__C,g__C3,s__C3dz
s__C3e,g__C3,rank_2,s__C3e,Root,f__C,g__C3,s__C3e
s__C3eb,g__C3,rank_2,s__C3eb,Root,f__C,g__C3,s__C3eb
s__C3ec,g__C3,rank_2,s__C3ec,Root,f__C,g__C3,s__C3ec
s__C3ed,g__C3,rank_2,s__C3ed,Root,f__C,g__C3,s__C3ed
s__C3ee,g__C3,rank_2,s__C3ee,Root,f__C,g__C3,s__C3ee
s__C3ef,g__C3,rank_2,s__C3ef,Root,f__C,g__C3,s__C3ef
s__C3eg,g__C3,rank_2,s__C3eg,Root,f__C,g__C3,s__C3eg
s__C3eh,g__C3,rank_2,s__C3eh,Root,f__C,g__C3,s__C3eh
s__C3ei,g__C3,rank_2,s__C3ei,Root,f__C,g__C3,s__C3ei
s__C3ej,g__C3,rank_2,s__C3ej,Root,f__C,g__C3,s__C3ej
s__C3ek,g__C3,rank_2,s__C3ek,Root,f__C,g__C3,s__C3ek
s__C3el,g__C3,rank_2,s__C3el,Root,f__C,g__C3,s__C3el
s__C3em,g__C3,rank_2,s__C3em,Root,f__C,g__C3,s__C3em
s__C3en,g__C3,rank_2,s__C3en,Root,f__C,g__C3,s__C3en
s__C3eo,g__C3,rank_2,s__C3eo,Root,f__C,g__C3,s__C3eo
s__C3ep,g__C3,rank_2,s__C3ep,Root,f__C,g__C3,s__C3ep
s__C3eq,g__C3,rank_2,s__C3eq,Root,f__C,g__C3,s__C3eq
s__C3er,g__C3,rank_2,s__C3er,Root,f__C,g__C3,s__C3er
s__C3es,g__C3,rank_2,s__C3es,Root,f__C,g__C3,s__C3es
s__C3et,g__C3,rank_2,s__C3et,Root,f__C,g__C3,s__C3et
s__C3eu,g__C3,rank_2,s__C3eu,Root,f__C,g__C3,s__C3eu
s__C3ev,g__C3,rank_2,s__C3ev,Root,f__C,g__C3,s__C3ev
s__C3ex,g__C3,rank_2,s__C3ex,Root,f__C,g__C3,s__C3ex
s__C3ey,g__C3,rank_2,s__C3ey,Root,f__C,g__C3,s__C3ey
s__C3f,g__C3,rank_2,s__C3f,Root,f__C,g__C3,s__C3f
s__C3fa,g__C3,rank_2,s__C3fa,Root,f__C,g__C3,s__C3fa
s__C3fb,g__C3,rank_2,s__C3fb,Root,f__C,g__C3,s__C3fb
s__C3fc,g__C3,rank_2,s__C3fc,Root,f__C,g__C3,s__C3fc
s__C3fd,g__C3,rank_2,s__C3fd,Root,f__C,g__C3,s__C3fd
s__C3ff,g__C3,rank_2,s__C3ff,Root,f__C,g__C3,s__C3ff
s__C3fg,g__C3,rank_2,s__C3fg,Root,f__C,g__C3,s__C3fg
s__C3fh,g__C3,rank_2,s__C3fh,Root,f__C,g__C3,s__C3fh
s__C3fj,g__C3,rank_2,s__C3fj,Root,f__C,g__C3,s__C3fj
s__C3fk,g__C3,rank_2,s__C3fk,Root,f__C,g__C3,s__C3fk
s__C3fl,g__C3,rank_2,s__C3fl,Root,f__C,g__C3,s__C3fl
s__C3fm,g__C3,rank_2,s__C3fm,Root,f__C,g__C3,s__C3fm
s__C3fn,g__C3,rank_2,s__C3fn,Root,f__C,g__C3,s__C3fn
s__C3fo,g__C3,rank_2,s__C3fo,Root,f__C,g__C3,s__C3fo
s__C3fp,g__C3,rank_2,s__C3fp,Root,f__C,g__C3,s__C3fp
s__C3fr,g__C3,rank_2,s__C3fr,Root,f__C,g__C3,s__C3fr
s__C3ft,g__C3,rank_2,s__C3ft,Root,f__C,g__C3,s__C3ft
s__C3fu,g__C3,rank_2,s__C3fu,Root,f__C,g__C3,s__C3fu
s__C3fv,g__C3,rank_2,s__C3fv,Root,f__C,g__C3,s__C3fv
s__C3fw,g__C3,rank_2,s__C3fw,Root,f__C,g__C3,s__C3fw
s__C3fx,g__C3,rank_2,s__C3fx,Root,f__C,g__C3,s__C3fx
s__C3fy,g__C3,rank_2,s__C3fy,Root,f__C,g__C3,s__C3fy
s__C3fz,g__C3,rank_2,s__C3fz,Root,f__C,g__C3,s__C3fz
s__C3g,g__C3,rank_2,s__C3g,Root,f__C,g__C3,s__C3g
s__C3ga,g__C3,rank_2,s__C3ga,Root,f__C,g__C3,s__C3ga
s__C3gb,g__C3,rank_2,s__C3gb,Root,f__C,g__C3,s__C3gb
s__C3gc,g__C3,rank_2,s__C3gc,Root,f__C,g__C3,s__C3gc
s__C3gd,g__C3,rank_2,s__C3gd,Root,f__C,g__C3,s__C3gd
s__C3ge,g__C3,rank_2,s__C3ge,Root,f__C,g__C3,s__C3ge
s__C3gf,g__C3,rank_2,s__C3gf,Root,f__C,g__C3,s__C3gf
s__C3gg,g__C3,rank_2,s__C3gg,Root,f__C,g__C3,s__C3gg
s__C3gh,g__C3,rank_2,s__C3gh,Root,f__C,g__C3,s__C3gh
s__C3gj,g__C3,rank_2,s__C3gj,Root,f__C,g__C3,s__C3gj
s__C3gk,g__C3,rank_2,s__C3gk,Root,f__C,g__C3,s__C3gk
s__C3gl,g__C3,rank_2,s__C3gl,Root,f__C,g__C3,s__C3gl
s__C3gm,g__C3,rank_2,s__C3gm,Root,f__C,g__C3,s__C3gm
s__C3gn,g__C3,rank_2,s__C3gn,Root,f__C,g__C3,s__C3gn
s__C3go,g__C3,rank_2,s__C3go,Root,f__C,g__C3,s__C3go
s__C3gp,g__C3,rank_2,s__C3gp,Root,f__C,g__C3,s__C3gp
s__C3gq,g__C3,rank_2,s__C3gq,Root,f__C,g__C3,s__C3gq
s__C3gr,g__C3,rank_2,s__C3gr,Root,f__C,g__C3,s__C3gr
s__C3gs,g__C3,rank_2,s__C3gs,Root,f__C,g__C3,s__C3gs
s__C3gt,g__C3,rank_2,s__C3gt,Root,f__C,g__C3,s__C3gt
s__C3gulf,g__C3,rank_2,s__C3gulf,Root,f__C,g__C3,s__C3gulf
s__C3gv,g__C3,rank_2,s__C3gv,Root,f__C,g__C3,s__C3gv
s__C3gw,g__C3,rank_2,s__C3gw,Root,f__C,g__C3,s__C3gw
s__C3gy,g__C3,rank_2,s__C3gy,Root,f__C,g__C3,s__C3gy
s__C3gz,g__C3,rank_2,s__C3gz,Root,f__C,g__C3,s__C3gz
s__C3h,g__C3,rank_2,s__C3h,Root,f__C,g__C3,s__C3h
s__C3ha,g__C3,rank_2,s__C3ha,Root,f__C,g__C3,s__C3ha
s__C3hc,g__C3,rank_2,s__C3hc,Root,f__C,g__C3,s__C3hc
s__C3he,g__C3,rank_2,s__C3he,Root,f__C,g__C3,s__C3he
s__C3hf,g__C3,rank_2,s__C3hf,Root,f__C,g__C3,s__C3hf
s__C3hg,g__C3,rank_2,s__C3hg,Root,f__C,g__C3,s__C3hg
s__C3hi,g__C3,rank_2,s__C3hi,Root,f__C,g__C3,s__C3hi
s__C3hk,g__C3,rank_2,s__C3hk,Root,f__C,g__C3,s__C3hk
s__C3hl,g__C3,rank_2,s__C3hl,Root,f__C,g__C3,s__C3hl
s__C3hm,g__C3,rank_2,s__C3hm,Root,f__C,g__C3,s__C3hm
s__C3hn,g__C3,rank_2,s__C3hn,Root,f__C,g__C3,s__C3hn
s__C3ho,g__C3,rank_2,s__C3ho,Root,f__C,g__C3,s__C3ho
s__C3hp,g__C3,rank_2,s__C3hp,Root,f__C,g__C3,s__C3hp
s__C3hq,g__C3,rank_2,s__C3hq,Root,f__C,g__C3,s__C3hq
s__C3hr,g__C3,rank_2,s__C3hr,Root,f__C,g__C3,s__C3hr
s__C3hs,g__C3,rank_2,s__C3hs,Root,f__C,g__C3,s__C3hs
s__C3ht,g__C3,rank_2,s__C3ht,Root,f__C,g__C3,s__C3ht
s__C3hu,g__C3,rank_2,s__C3hu,Root,f__C,g__C3,s__C3hu
s__C3hv,g__C3,rank_2,s__C3hv,Root,f__C,g__C3,s__C3hv
s__C3hw,g__C3,rank_2,s__C3hw,Root,f__C,g__C3,s__C3hw
s__C3hx,g__C3,rank_2,s__C3hx,Root,f__C,g__C3,s__C3hx
s__C3hy,g__C3,rank_2,s__C3hy,Root,f__C,g__C3,s__C3hy
s__C3hz,g__C3,rank_2,s__C3hz,Root,f__C,g__C3,s__C3hz
s__C3i,g__C3,rank_2,s__C3i,Root,f__C,g__C3,s__C3i
s__C3ia,g__C3,rank_2,s__C3ia,Root,f__C,g__C3,s__C3ia
s__C3ic,g__C3,rank_2,s__C3ic,Root,f__C,g__C3,s__C3ic
s__C3id,g__C3,rank_2,s__C3id,Root,f__C,g__C3,s__C3id
s__C3if,g__C3,rank_2,s__C3if,Root,f__C,g__C3,s__C3if
s__C3ig,g__C3,rank_2,s__C3ig,Root,f__C,g__C3,s__C3ig
s__C3ih,g__C3,rank_2,s__C3ih,Root,f__C,g__C3,s__C3ih
s__C3ii,g__C3,rank_2,s__C3ii,Root,f__C,g__C3,s__C3ii
s__C3ij,g__C3,rank_2,s__C3ij,Root,f__C,g__C3,s__C3ij
s__C3ik,g__C3,rank_2,s__C3ik,Root,f__C,g__C3,s__C3ik
s__C3il,g__C3,rank_2,s__C3il,Root,f__C,g__C3,s__C3il
s__C3im,g__C3,rank_2,s__C3im,Root,f__C,g__C3,s__C3im
s__C3in,g__C3,rank_2,s__C3in,Root,f__C,g__C3,s__C3in
s__C3io,g__C3,rank_2,s__C3io,Root,f__C,g__C3,s__C3io
s__C3ip,g__C3,rank_2,s__C3ip,Root,f__C,g__C3,s__C3ip
s__C3iq,g__C3,rank_2,s__C3iq,Root,f__C,g__C3,s__C3iq
s__C3ir,g__C3,rank_2,s__C3ir,Root,f__C,g__C3,s__C3ir
s__C3is,g__C3,rank_2,s__C3is,Root,f__C,g__C3,s__C3is
s__C3it,g__C3,rank_2,s__C3it,Root,f__C,g__C3,s__C3it
s__C3iv,g__C3,rank_2,s__C3iv,Root,f__C,g__C3,s__C3iv
s__C3iw,g__C3,rank_2,s__C3iw,Root,f__C,g__C3,s__C3iw
s__C3ix,g__C3,rank_2,s__C3ix,Root,f__C,g__C3,s__C3ix
s__C3iy,g__C3,rank_2,s__C3iy,Root,f__C,g__C3,s__C3iy
s__C3iz,g__C3,rank_2,s__C3iz,Root,f__C,g__C3,s__C3iz
s__C3j,g__C3,rank_2,s__C3j,Root,f__C,g__C3,s__C3j
s__C3ja,g__C3,rank_2,s__C3ja,Root,f__C,g__C3,s__C3ja
s__C3jb,g__C3,rank_2,s__C3jb,Root,f__C,g__C3,s__C3jb
s__C3jc,g__C3,rank_2,s__C3jc,Root,f__C,g__C3,s__C3jc
s__C3jd,g__C3,rank_2,s__C3jd,Root,f__C,g__C3,s__C3jd
s__C3je,g__C3,rank_2,s__C3je,Root,f__C,g__C3,s__C3je
s__C3jg,g__C3,rank_2,s__C3jg,Root,f__C,g__C3,s__C3jg
s__C3jh,g__C3,rank_2,s__C3jh,Root,f__C,g__C3,s__C3jh
s__C3jj,g__C3,rank_2,s__C3jj,Root,f__C,g__C3,s__C3jj
s__C3jk,g__C3,rank_2,s__C3jk,Root,f__C,g__C3,s__C3jk
s__C3jm,g__C3,rank_2,s__C3jm,Root,f__C,g__C3,s__C3jm
s__C3jn,g__C3,rank_2,s__C3jn,Root,f__C,g__C3,s__C3jn
s__C3jo,g__C3,rank_2,s__C3jo,Root,f__C,g__C3,s__C3jo
s__C3jp,g__C3,rank_2,s__C3jp,Root,f__C,g__C3,s__C3jp
s__C3js,g__C3,rank_2,s__C3js,Root,f__C,g__C3,s__C3js
s__C3jt,g__C3,rank_2,s__C3jt,Root,f__C,g__C3,s__C3jt
s__C3ju,g__C3,rank_2,s__C3ju,Root,f__C,g__C3,s__C3ju
s__C3jv,g__C3,rank_2,s__C3jv,Root,f__C,g__C3,s__C3jv
s__C3jw,g__C3,rank_2,s__C3jw,Root,f__C,g__C3,s__C3jw
s__C3jx,g__C3,rank_2,s__C3jx,Root,f__C,g__C3,s__C3jx
s__C3jy,g__C3,rank_2,s__C3jy,Root,f__C,g__C3,s__C3jy
s__C3jz,g__C3,rank_2,s__C3jz,Root,f__C,g__C3,s__C3jz
s__C3k,g__C3,rank_2,s__C3k,Root,f__C,g__C3,s__C3k
s__C3ka,g__C3,rank_2,s__C3ka,Root,f__C,g__C3,s__C3ka
s__C3kb,g__C3,rank_2,s__C3kb,Root,f__C,g__C3,s__C3kb
s__C3kc,g__C3,rank_2,s__C3kc,Root,f__C,g__C3,s__C3kc
s__C3kd,g__C3,rank_2,s__C3kd,Root,f__C,g__C3,s__C3kd
s__C3ke,g__C3,rank_2,s__C3ke,Root,f__C,g__C3,s__C3ke
s__C3kf,g__C3,rank_2,s__C3kf,Root,f__C,g__C3,s__C3kf
s__C3kg,g__C3,rank_2,s__C3kg,Root,f__C,g__C3,s__C3kg
s__C3kh,g__C3,rank_2,s__C3kh,Root,f__C,g__C3,s__C3kh
s__C3ki,g__C3,rank_2,s__C3ki,Root,f__C,g__C3,s__C3ki
s__C3kk,g__C3,rank_2,s__C3kk,Root,f__C,g__C3,s__C3kk
s__C3kl,g__C3,rank_2,s__C3kl,Root,f__C,g__C3,s__C3kl
s__C3km,g__C3,rank_2,s__C3km,Root,f__C,g__C3,s__C3km
s__C3kn,g__C3,rank_2,s__C3kn,Root,f__C,g__C3,s__C3kn
s__C3ko,g__C3,rank_2,s__C3ko,Root,f__C,g__C3,s__C3ko
s__C3kp,g__C3,rank_2,s__C3kp,Root,f__C,g__C3,s__C3kp
s__C3kq,g__C3,rank_2,s__C3kq,Root,f__C,g__C3,s__C3kq
s__C3kr,g__C3,rank_2,s__C3kr,Root,f__C,g__C3,s__C3kr
s__C3ks,g__C3,rank_2,s__C3ks,Root,f__C,g__C3,s__C3ks
s__C3kt,g__C3,rank_2,s__C3kt,Root,f__C,g__C3,s__C3kt
s__C3ku,g__C3,rank_2,s__C3ku,Root,f__C,g__C3,s__C3ku
s__C3kv,g__C3,rank_2,s__C3kv,Root,f__C,g__C3,s__C3kv
s__C3kw,g__C3,rank_2,s__C3kw,Root,f__C,g__C3,s__C3kw
s__C3kx,g__C3,rank_2,s__C3kx,Root,f__C,g__C3,s__C3kx
s__C3ky,g__C3,rank_2,s__C3ky,Root,f__C,g__C3,s__C3ky
s__C3kz,g__C3,rank_2,s__C3kz,Root,f__C,g__C3,s__C3kz
s__C3l,g__C3,rank_2,s__C3l,Root,f__C,g__C3,s__C3l
s__C3L,g__C3,rank_2,s__C3L,Root,f__C,g__C3,s__C3L
s__C3la,g__C3,rank_2,s__C3la,Root,f__C,g__C3,s__C3la
s__C3lb,g__C3,rank_2,s__C3lb,Root,f__C,g__C3,s__C3lb
s__C3lc,g__C3,rank_2,s__C3lc,Root,f__C,g__C3,s__C3lc
s__C3ld,g__C3,rank_2,s__C3ld,Root,f__C,g__C3,s__C3ld
s__C3le,g__C3,rank_2,s__C3le,Root,f__C,g__C3,s__C3le
s__C3lf,g__C3,rank_2,s__C3lf,Root,f__C,g__C3,s__C3lf
s__C3lh,g__C3,rank_2,s__C3lh,Root,f__C,g__C3,s__C3lh
s__C3li,g__C3,rank_2,s__C3li,Root,f__C,g__C3,s__C3li
s__C3lj,g__C3,rank_2,s__C3lj,Root,f__C,g__C3,s__C3lj
s__C3lk,g__C3,rank_2,s__C3lk,Root,f__C,g__C3,s__C3lk
s__C3ll,g__C3,rank_2,s__C3ll,Root,f__C,g__C3,s__C3ll
s__C3lm,g__C3,rank_2,s__C3lm,Root,f__C,g__C3,s__C3lm
s__C3ln,g__C3,rank_2,s__C3ln,Root,f__C,g__C3,s__C3ln
s__C3lo,g__C3,rank_2,s__C3lo,Root,f__C,g__C3,s__C3lo
s__C3lp,g__C3,rank_2,s__C3lp,Root,f__C,g__C3,s__C3lp
s__C3lr,g__C3,rank_2,s__C3lr,Root,f__C,g__C3,s__C3lr
s__C3lt,g__C3,rank_2,s__C3lt,Root,f__C,g__C3,s__C3lt
s__C3lv,g__C3,rank_2,s__C3lv,Root,f__C,g__C3,s__C3lv
s__C3lx,g__C3,rank_2,s__C3lx,Root,f__C,g__C3,s__C3lx
s__C3ly,g__C3,rank_2,s__C3ly,Root,f__C,g__C3,s__C3ly
s__C3lz,g__C3,rank_2,s__C3lz,Root,f__C,g__C3,s__C3lz
s__C3m,g__C3,rank_2,s__C3m,Root,f__C,g__C3,s__C3m
s__C3ma,g__C3,rank_2,s__C3ma,Root,f__C,g__C3,s__C3ma
s__C3mb,g__C3,rank_2,s__C3mb,Root,f__C,g__C3,s__C3mb
s__C3mc,g__C3,rank_2,s__C3mc,Root,f__C,g__C3,s__C3mc
s__C3md,g__C3,rank_2,s__C3md,Root,f__C,g__C3,s__C3md
s__C3me,g__C3,rank_2,s__C3me,Root,f__C,g__C3,s__C3me
s__C3mf,g__C3,rank_2,s__C3mf,Root,f__C,g__C3,s__C3mf
s__C3mg,g__C3,rank_2,s__C3mg,Root,f__C,g__C3,s__C3mg
s__C3mh,g__C3,rank_2,s__C3mh,Root,f__C,g__C3,s__C3mh
s__C3mi,g__C3,rank_2,s__C3mi,Root,f__C,g__C3,s__C3mi
s__C3mj,g__C3,rank_2,s__C3mj,Root,f__C,g__C3,s__C3mj
s__C3mk,g__C3,rank_2,s__C3mk,Root,f__C,g__C3,s__C3mk
s__C3ml,g__C3,rank_2,s__C3ml,Root,f__C,g__C3,s__C3ml
s__C3mn,g__C3,rank_2,s__C3mn,Root,f__C,g__C3,s__C3mn
s__C3mo,g__C3,rank_2,s__C3mo,Root,f__C,g__C3,s__C3mo
s__C3mp,g__C3,rank_2,s__C3mp,Root,f__C,g__C3,s__C3mp
s__C3mq,g__C3,rank_2,s__C3mq,Root,f__C,g__C3,s__C3mq
s__C3ms,g__C3,rank_2,s__C3ms,Root,f__C,g__C3,s__C3ms
s__C3mt,g__C3,rank_2,s__C3mt,Root,f__C,g__C3,s__C3mt
s__C3mu,g__C3,rank_2,s__C3mu,Root,f__C,g__C3,s__C3mu
s__C3mv,g__C3,rank_2,s__C3mv,Root,f__C,g__C3,s__C3mv
s__C3mw,g__C3,rank_2,s__C3mw,Root,f__C,g__C3,s__C3mw
s__C3mx,g__C3,rank_2,s__C3mx,Root,f__C,g__C3,s__C3mx
s__C3my,g__C3,rank_2,s__C3my,Root,f__C,g__C3,s__C3my
s__C3mz,g__C3,rank_2,s__C3mz,Root,f__C,g__C3,s__C3mz
s__C3n,g__C3,rank_2,s__C3n,Root,f__C,g__C3,s__C3n
s__C3na,g__C3,rank_2,s__C3na,Root,f__C,g__C3,s__C3na
s__C3nc,g__C3,rank_2,s__C3nc,Root,f__C,g__C3,s__C3nc
s__C3nd,g__C3,rank_2,s__C3nd,Root,f__C,g__C3,s__C3nd
s__C3ne,g__C3,rank_2,s__C3ne,Root,f__C,g__C3,s__C3ne
s__C3nf,g__C3,rank_2,s__C3nf,Root,f__C,g__C3,s__C3nf
s__C3ng,g__C3,rank_2,s__C3ng,Root,f__C,g__C3,s__C3ng
s__C3nh,g__C3,rank_2,s__C3nh,Root,f__C,g__C3,s__C3nh
s__C3ni,g__C3,rank_2,s__C3ni,Root,f__C,g__C3,s__C3ni
s__C3nj,g__C3,rank_2,s__C3nj,Root,f__C,g__C3,s__C3nj
s__C3nk,g__C3,rank_2,s__C3nk,Root,f__C,g__C3,s__C3nk
s__C3nl,g__C3,rank_2,s__C3nl,Root,f__C,g__C3,s__C3nl
s__C3nm,g__C3,rank_2,s__C3nm,Root,f__C,g__C3,s__C3nm
s__C3nn,g__C3,rank_2,s__C3nn,Root,f__C,g__C3,s__C3nn
s__C3no,g__C3,rank_2,s__C3no,Root,f__C,g__C3,s__C3no
s__C3np,g__C3,rank_2,s__C3np,Root,f__C,g__C3,s__C3np
s__C3nq,g__C3,rank_2,s__C3nq,Root,f__C,g__C3,s__C3nq
s__C3nr,g__C3,rank_2,s__C3nr,Root,f__C,g__C3,s__C3nr
s__C3ns,g__C3,rank_2,s__C3ns,Root,f__C,g__C3,s__C3ns
s__C3nt,g__C3,rank_2,s__C3nt,Root,f__C,g__C3,s__C3nt
s__C3nu,g__C3,rank_2,s__C3nu,Root,f__C,g__C3,s__C3nu
s__C3nv,g__C3,rank_2,s__C3nv,Root,f__C,g__C3,s__C3nv
s__C3nw,g__C3,rank_2,s__C3nw,Root,f__C,g__C3,s__C3nw
s__C3nx,g__C3,rank_2,s__C3nx,Root,f__C,g__C3,s__C3nx
s__C3ny,g__C3,rank_2,s__C3ny,Root,f__C,g__C3,s__C3ny
s__C3nz,g__C3,rank_2,s__C3nz,Root,f__C,g__C3,s__C3nz
s__C3o,g__C3,rank_2,s__C3o,Root,f__C,g__C3,s__C3o
s__C3oa,g__C3,rank_2,s__C3oa,Root,f__C,g__C3,s__C3oa
s__C3ob,g__C3,rank_2,s__C3ob,Root,f__C,g__C3,s__C3ob
s__C3oc,g__C3,rank_2,s__C3oc,Root,f__C,g__C3,s__C3oc
s__C3od,g__C3,rank_2,s__C3od,Root,f__C,g__C3,s__C3od
s__C3oe,g__C3,rank_2,s__C3oe,Root,f__C,g__C3,s__C3oe
s__C3of,g__C3,rank_2,s__C3of,Root,f__C,g__C3,s__C3of
s__C3og,g__C3,rank_2,s__C3og,Root,f__C,g__C3,s__C3og
s__C3oh,g__C3,rank_2,s__C3oh,Root,f__C,g__C3,s__C3oh
s__C3oi,g__C3,rank_2,s__C3oi,Root,f__C,g__C3,s__C3oi
s__C3oj,g__C3,rank_2,s__C3oj,Root,f__C,g__C3,s__C3oj
s__C3ok,g__C3,rank_2,s__C3ok,Root,f__C,g__C3,s__C3ok
s__C3ol,g__C3,rank_2,s__C3ol,Root,f__C,g__C3,s__C3ol
s__C3om,g__C3,rank_2,s__C3om,Root,f__C,g__C3,s__C3om
s__C3on,g__C3,rank_2,s__C3on,Root,f__C,g__C3,s__C3on
s__C3oo,g__C3,rank_2,s__C3oo,Root,f__C,g__C3,s__C3oo
s__C3oq,g__C3,rank_2,s__C3oq,Root,f__C,g__C3,s__C3oq
s__C3or,g__C3,rank_2,s__C3or,Root,f__C,g__C3,s__C3or
s__C3os,g__C3,rank_2,s__C3os,Root,f__C,g__C3,s__C3os
s__C3ov,g__C3,rank_2,s__C3ov,Root,f__C,g__C3,s__C3ov
s__C3ow,g__C3,rank_2,s__C3ow,Root,f__C,g__C3,s__C3ow
s__C3ox,g__C3,rank_2,s__C3ox,Root,f__C,g__C3,s__C3ox
s__C3oz,g__C3,rank_2,s__C3oz,Root,f__C,g__C3,s__C3oz
s__C3p,g__C3,rank_2,s__C3p,Root,f__C,g__C3,s__C3p
s__C3pa,g__C3,rank_2,s__C3pa,Root,f__C,g__C3,s__C3pa
s__C3pb,g__C3,rank_2,s__C3pb,Root,f__C,g__C3,s__C3pb
s__C3pc,g__C3,rank_2,s__C3pc,Root,f__C,g__C3,s__C3pc
s__C3pd,g__C3,rank_2,s__C3pd,Root,f__C,g__C3,s__C3pd
s__C3pe,g__C3,rank_2,s__C3pe,Root,f__C,g__C3,s__C3pe
s__C3pf,g__C3,rank_2,s__C3pf,Root,f__C,g__C3,s__C3pf
s__C3pg,g__C3,rank_2,s__C3pg,Root,f__C,g__C3,s__C3pg
s__C3ph,g__C3,rank_2,s__C3ph,Root,f__C,g__C3,s__C3ph
s__C3pi,g__C3,rank_2,s__C3pi,Root,f__C,g__C3,s__C3pi
s__C3pj,g__C3,rank_2,s__C3pj,Root,f__C,g__C3,s__C3pj
s__C3pk,g__C3,rank_2,s__C3pk,Root,f__C,g__C3,s__C3pk
s__C3pm,g__C3,rank_2,s__C3pm,Root,f__C,g__C3,s__C3pm
s__C3pn,g__C3,rank_2,s__C3pn,Root,f__C,g__C3,s__C3pn
s__C3po,g__C3,rank_2,s__C3po,Root,f__C,g__C3,s__C3po
s__C3pp,g__C3,rank_2,s__C3pp,Root,f__C,g__C3,s__C3pp
s__C3pq,g__C3,rank_2,s__C3pq,Root,f__C,g__C3,s__C3pq
s__C3pr,g__C3,rank_2,s__C3pr,Root,f__C,g__C3,s__C3pr
s__C3ps,g__C3,rank_2,s__C3ps,Root,f__C,g__C3,s__C3ps
s__C3pt,g__C3,rank_2,s__C3pt,Root,f__C,g__C3,s__C3pt
s__C3pu,g__C3,rank_2,s__C3pu,Root,f__C,g__C3,s__C3pu
s__C3pv,g__C3,rank_2,s__C3pv,Root,f__C,g__C3,s__C3pv
s__C3pw,g__C3,rank_2,s__C3pw,Root,f__C,g__C3,s__C3pw
s__C3px,g__C3,rank_2,s__C3px,Root,f__C,g__C3,s__C3px
s__C3py,g__C3,rank_2,s__C3py,Root,f__C,g__C3,s__C3py
s__C3pz,g__C3,rank_2,s__C3pz,Root,f__C,g__C3,s__C3pz
s__C3q,g__C3,rank_2,s__C3q,Root,f__C,g__C3,s__C3q
s__C3qa,g__C3,rank_2,s__C3qa,Root,f__C,g__C3,s__C3qa
s__C3qb,g__C3,rank_2,s__C3qb,Root,f__C,g__C3,s__C3qb
s__C3qc,g__C3,rank_2,s__C3qc,Root,f__C,g__C3,s__C3qc
s__C3qd,g__C3,rank_2,s__C3qd,Root,f__C,g__C3,s__C3qd
s__C3qe,g__C3,rank_2,s__C3qe,Root,f__C,g__C3,s__C3qe
s__C3qf,g__C3,rank_2,s__C3qf,Root,f__C,g__C3,s__C3qf
s__C3qg,g__C3,rank_2,s__C3qg,Root,f__C,g__C3,s__C3qg
s__C3qh,g__C3,rank_2,s__C3qh,Root,f__C,g__C3,s__C3qh
s__C3qi,g__C3,rank_2,s__C3qi,Root,f__C,g__C3,s__C3qi
s__C3qj,g__C3,rank_2,s__C3qj,Root,f__C,g__C3,s__C3qj
s__C3qk,g__C3,rank_2,s__C3qk,Root,f__C,g__C3,s__C3qk
s__C3ql,g__C3,rank_2,s__C3ql,Root,f__C,g__C3,s__C3ql
s__C3qm,g__C3,rank_2,s__C3qm,Root,f__C,g__C3,s__C3qm
s__C3qn,g__C3,rank_2,s__C3qn,Root,f__C,g__C3,s__C3qn
s__C3qp,g__C3,rank_2,s__C3qp,Root,f__C,g__C3,s__C3qp
s__C3qq,g__C3,rank_2,s__C3qq,Root,f__C,g__C3,s__C3qq
s__C3qr,g__C3,rank_2,s__C3qr,Root,f__C,g__C3,s__C3qr
s__C3qs,g__C3,rank_2,s__C3qs,Root,f__C,g__C3,s__C3qs
s__C3qt,g__C3,rank_2,s__C3qt,Root,f__C,g__C3,s__C3qt
s__C3qu,g__C3,rank_2,s__C3qu,Root,f__C,g__C3,s__C3qu
s__C3qv,g__C3,rank_2,s__C3qv,Root,f__C,g__C3,s__C3qv
s__C3qw,g__C3,rank_2,s__C3qw,Root,f__C,g__C3,s__C3qw
s__C3qx,g__C3,rank_2,s__C3qx,Root,f__C,g__C3,s__C3qx
s__C3qy,g__C3,rank_2,s__C3qy,Root,f__C,g__C3,s__C3qy
s__C3qz,g__C3,rank_2,s__C3qz,Root,f__C,g__C3,s__C3qz
s__C3r,g__C3,rank_2,s__C3r,Root,f__C,g__C3,s__C3r
s__C3ra,g__C3,rank_2,s__C3ra,Root,f__C,g__C3,s__C3ra
s__C3rb,g__C3,rank_2,s__C3rb,Root,f__C,g__C3,s__C3rb
s__C3rc,g__C3,rank_2,s__C3rc,Root,f__C,g__C3,s__C3rc
s__C3rd,g__C3,rank_2,s__C3rd,Root,f__C,g__C3,s__C3rd
s__C3re,g__C3,rank_2,s__C3re,Root,f__C,g__C3,s__C3re
s__C3rf,g__C3,rank_2,s__C3rf,Root,f__C,g__C3,s__C3rf
s__C3rg,g__C3,rank_2,s__C3rg,Root,f__C,g__C3,s__C3rg
s__C3rh,g__C3,rank_2,s__C3rh,Root,f__C,g__C3,s__C3rh
s__C3ri,g__C3,rank_2,s__C3ri,Root,f__C,g__C3,s__C3ri
s__C3rk,g__C3,rank_2,s__C3rk,Root,f__C,g__C3,s__C3rk
s__C3rl,g__C3,rank_2,s__C3rl,Root,f__C,g__C3,s__C3rl
s__C3rm,g__C3,rank_2,s__C3rm,Root,f__C,g__C3,s__C3rm
s__C3rn,g__C3,rank_2,s__C3rn,Root,f__C,g__C3,s__C3rn
s__C3ro,g__C3,rank_2,s__C3ro,Root,f__C,g__C3,s__C3ro
s__C3rp,g__C3,rank_2,s__C3rp,Root,f__C,g__C3,s__C3rp
s__C3rr,g__C3,rank_2,s__C3rr,Root,f__C,g__C3,s__C3rr
s__C3rs,g__C3,rank_2,s__C3rs,Root,f__C,g__C3,s__C3rs
s__C3ru,g__C3,rank_2,s__C3ru,Root,f__C,g__C3,s__C3ru
s__C3rv,g__C3,rank_2,s__C3rv,Root,f__C,g__C3,s__C3rv
s__C3rw,g__C3,rank_2,s__C3rw,Root,f__C,g__C3,s__C3rw
s__C3rx,g__C3,rank_2,s__C3rx,Root,f__C,g__C3,s__C3rx
s__C3ry,g__C3,rank_2,s__C3ry,Root,f__C,g__C3,s__C3ry
s__C3rz,g__C3,rank_2,s__C3rz,Root,f__C,g__C3,s__C3rz
s__C3sa,g__C3,rank_2,s__C3sa,Root,f__C,g__C3,s__C3sa
s__C3sb,g__C3,rank_2,s__C3sb,Root,f__C,g__C3,s__C3sb
s__C3sc,g__C3,rank_2,s__C3sc,Root,f__C,g__C3,s__C3sc
s__C3sd,g__C3,rank_2,s__C3sd,Root,f__C,g__C3,s__C3sd
s__C3se,g__C3,rank_2,s__C3se,Root,f__C,g__C3,s__C3se
s__C3sf,g__C3,rank_2,s__C3sf,Root,f__C,g__C3,s__C3sf
s__C3sg,g__C3,rank_2,s__C3sg,Root,f__C,g__C3,s__C3sg
s__C3sh,g__C3,rank_2,s__C3sh,Root,f__C,g__C3,s__C3sh
s__C3si,g__C3,rank_2,s__C3si,Root,f__C,g__C3,s__C3si
s__C3sj,g__C3,rank_2,s__C3sj,Root,f__C,g__C3,s__C3sj
s__C3sk,g__C3,rank_2,s__C3sk,Root,f__C,g__C3,s__C3sk
s__C3sl,g__C3,rank_2,s__C3sl,Root,f__C,g__C3,s__C3sl
s__C3sm,g__C3,rank_2,s__C3sm,Root,f__C,g__C3,s__C3sm
s__C3sn,g__C3,rank_2,s__C3sn,Root,f__C,g__C3,s__C3sn
s__C3so,g__C3,rank_2,s__C3so,Root,f__C,g__C3,s__C3so
s__C3sp,g__C3,rank_2,s__C3sp,Root,f__C,g__C3,s__C3sp
s__C3sq,g__C3,rank_2,s__C3sq,Root,f__C,g__C3,s__C3sq
s__C3sr,g__C3,rank_2,s__C3sr,Root,f__C,g__C3,s__C3sr
s__C3ss,g__C3,rank_2,s__C3ss,Root,f__C,g__C3,s__C3ss
s__C3st,g__C3,rank_2,s__C3st,Root,f__C,g__C3,s__C3st
s__C3su,g__C3,rank_2,s__C3su,Root,f__C,g__C3,s__C3su
s__C3sv,g__C3,rank_2,s__C3sv,Root,f__C,g__C3,s__C3sv
s__C3sw,g__C3,rank_2,s__C3sw,Root,f__C,g__C3,s__C3sw
s__C3sx,g__C3,rank_2,s__C3sx,Root,f__C,g__C3,s__C3sx
s__C3sy,g__C3,rank_2,s__C3sy,Root,f__C,g__C3,s__C3sy
s__C3sz,g__C3,rank_2,s__C3sz,Root,f__C,g__C3,s__C3sz
s__C3t,g__C3,rank_2,s__C3t,Root,f__C,g__C3,s__C3t
s__C3ta,g__C3,rank_2,s__C3ta,Root,f__C,g__C3,s__C3ta
s__C3tb,g__C3,rank_2,s__C3tb,Root,f__C,g__C3,s__C3tb
s__C3tc,g__C3,rank_2,s__C3tc,Root,f__C,g__C3,s__C3tc
s__C3td,g__C3,rank_2,s__C3td,Root,f__C,g__C3,s__C3td
s__C3tf,g__C3,rank_2,s__C3tf,Root,f__C,g__C3,s__C3tf
s__C3tg,g__C3,rank_2,s__C3tg,Root,f__C,g__C3,s__C3tg
s__C3th,g__C3,rank_2,s__C3th,Root,f__C,g__C3,s__C3th
s__C3ti,g__C3,rank_2,s__C3ti,Root,f__C,g__C3,s__C3ti
s__C3tj,g__C3,rank_2,s__C3tj,Root,f__C,g__C3,s__C3tj
s__C3tm,g__C3,rank_2,s__C3tm,Root,f__C,g__C3,s__C3tm
s__C3tn,g__C3,rank_2,s__C3tn,Root,f__C,g__C3,s__C3tn
s__C3to,g__C3,rank_2,s__C3to,Root,f__C,g__C3,s__C3to
s__C3tp,g__C3,rank_2,s__C3tp,Root,f__C,g__C3,s__C3tp
s__C3tq,g__C3,rank_2,s__C3tq,Root,f__C,g__C3,s__C3tq
s__C3ts,g__C3,rank_2,s__C3ts,Root,f__C,g__C3,s__C3ts
s__C3tt,g__C3,rank_2,s__C3tt,Root,f__C,g__C3,s__C3tt
s__C3tu,g__C3,rank_2,s__C3tu,Root,f__C,g__C3,s__C3tu
s__C3tv,g__C3,rank_2,s__C3tv,Root,f__C,g__C3,s__C3tv
s__C3ty,g__C3,rank_2,s__C3ty,Root,f__C,g__C3,s__C3ty
s__C3tz,g__C3,rank_2,s__C3tz,Root,f__C,g__C3,s__C3tz
s__C3u,g__C3,rank_2,s__C3u,Root,f__C,g__C3,s__C3u
s__C3ua,g__C3,rank_2,s__C3ua,Root,f__C,g__C3,s__C3ua
s__C3ub,g__C3,rank_2,s__C3ub,Root,f__C,g__C3,s__C3ub
s__C3uc,g__C3,rank_2,s__C3uc,Root,f__C,g__C3,s__C3uc
s__C3ud,g__C3,rank_2,s__C3ud,Root,f__C,g__C3,s__C3ud
s__C3ue,g__C3,rank_2,s__C3ue,Root,f__C,g__C3,s__C3ue
s__C3uf,g__C3,rank_2,s__C3uf,Root,f__C,g__C3,s__C3uf
s__C3ug,g__C3,rank_2,s__C3ug,Root,f__C,g__C3,s__C3ug
s__C3uh,g__C3,rank_2,s__C3uh,Root,f__C,g__C3,s__C3uh
s__C3ui,g__C3,rank_2,s__C3ui,Root,f__C,g__C3,s__C3ui
s__C3uj,g__C3,rank_2,s__C3uj,Root,f__C,g__C3,s__C3uj
s__C3uk,g__C3,rank_2,s__C3uk,Root,f__C,g__C3,s__C3uk
s__C3ul,g__C3,rank_2,s__C3ul,Root,f__C,g__C3,s__C3ul
s__C3um,g__C3,rank_2,s__C3um,Root,f__C,g__C3,s__C3um
s__C3un,g__C3,rank_2,s__C3un,Root,f__C,g__C3,s__C3un
s__C3uo,g__C3,rank_2,s__C3uo,Root,f__C,g__C3,s__C3uo
s__C3up,g__C3,rank_2,s__C3up,Root,f__C,g__C3,s__C3up
s__C3uq,g__C3,rank_2,s__C3uq,Root,f__C,g__C3,s__C3uq
s__C3ur,g__C3,rank_2,s__C3ur,Root,f__C,g__C3,s__C3ur
s__C3us,g__C3,rank_2,s__C3us,Root,f__C,g__C3,s__C3us
s__C3ut,g__C3,rank_2,s__C3ut,Root,f__C,g__C3,s__C3ut
s__C3uu,g__C3,rank_2,s__C3uu,Root,f__C,g__C3,s__C3uu
s__C3uv,g__C3,rank_2,s__C3uv,Root,f__C,g__C3,s__C3uv
s__C3uw,g__C3,rank_2,s__C3uw,Root,f__C,g__C3,s__C3uw
s__C3ux,g__C3,rank_2,s__C3ux,Root,f__C,g__C3,s__C3ux
s__C3uy,g__C3,rank_2,s__C3uy,Root,f__C,g__C3,s__C3uy
s__C3uz,g__C3,rank_2,s__C3uz,Root,f__C,g__C3,s__C3uz
s__C3v,g__C3,rank_2,s__C3v,Root,f__C,g__C3,s__C3v
s__C3va,g__C3,rank_2,s__C3va,Root,f__C,g__C3,s__C3va
s__C3vb,g__C3,rank_2,s__C3vb,Root,f__C,g__C3,s__C3vb
s__C3vc,g__C3,rank_2,s__C3vc,Root,f__C,g__C3,s__C3vc
s__C3vd,g__C3,rank_2,s__C3vd,Root,f__C,g__C3,s__C3vd
s__C3ve,g__C3,rank_2,s__C3ve,Root,f__C,g__C3,s__C3ve
s__C3vf,g__C3,rank_2,s__C3vf,Root,f__C,g__C3,s__C3vf
s__C3vg,g__C3,rank_2,s__C3vg,Root,f__C,g__C3,s__C3vg
s__C3vh,g__C3,rank_2,s__C3vh,Root,f__C,g__C3,s__C3vh
s__C3vi,g__C3,rank_2,s__C3vi,Root,f__C,g__C3,s__C3vi
s__C3vj,g__C3,rank_2,s__C3vj,Root,f__C,g__C3,s__C3vj
s__C3vk,g__C3,rank_2,s__C3vk,Root,f__C,g__C3,s__C3vk
s__C3vl,g__C3,rank_2,s__C3vl,Root,f__C,g__C3,s__C3vl
s__C3vm,g__C3,rank_2,s__C3vm,Root,f__C,g__C3,s__C3vm
s__C3vn,g__C3,rank_2,s__C3vn,Root,f__C,g__C3,s__C3vn
s__C3vo,g__C3,rank_2,s__C3vo,Root,f__C,g__C3,s__C3vo
s__C3vp,g__C3,rank_2,s__C3vp,Root,f__C,g__C3,s__C3vp
s__C3vr,g__C3,rank_2,s__C3vr,Root,f__C,g__C3,s__C3vr
s__C3vs,g__C3,rank_2,s__C3vs,Root,f__C,g__C3,s__C3vs
s__C3vt,g__C3,rank_2,s__C3vt,Root,f__C,g__C3,s__C3vt
s__C3vu,g__C3,rank_2,s__C3vu,Root,f__C,g__C3,s__C3vu
s__C3vv,g__C3,rank_2,s__C3vv,Root,f__C,g__C3,s__C3vv
s__C3vw,g__C3,rank_2,s__C3vw,Root,f__C,g__C3,s__C3vw
s__C3vx,g__C3,rank_2,s__C3vx,Root,f__C,g__C3,s__C3vx
s__C3vy,g__C3,rank_2,s__C3vy,Root,f__C,g__C3,s__C3vy
s__C3vz,g__C3,rank_2,s__C3vz,Root,f__C,g__C3,s__C3vz
s__C3w,g__C3,rank_2,s__C3w,Root,f__C,g__C3,s__C3w
s__C3wa,g__C3,rank_2,s__C3wa,Root,f__C,g__C3,s__C3wa
s__C3wb,g__C3,rank_2,s__C3wb,Root,f__C,g__C3,s__C3wb
s__C3wc,g__C3,rank_2,s__C3wc,Root,f__C,g__C3,s__C3wc
s__C3wd,g__C3,rank_2,s__C3wd,Root,f__C,g__C3,s__C3wd
s__C3we,g__C3,rank_2,s__C3we,Root,f__C,g__C3,s__C3we
s__C3wf,g__C3,rank_2,s__C3wf,Root,f__C,g__C3,s__C3wf
s__C3wg,g__C3,rank_2,s__C3wg,Root,f__C,g__C3,s__C3wg
s__C3wh,g__C3,rank_2,s__C3wh,Root,f__C,g__C3,s__C3wh
s__C3wi,g__C3,rank_2,s__C3wi,Root,f__C,g__C3,s__C3wi
s__C3wj,g__C3,rank_2,s__C3wj,Root,f__C,g__C3,s__C3wj
s__C3wk,g__C3,rank_2,s__C3wk,Root,f__C,g__C3,s__C3wk
s__C3wl,g__C3,rank_2,s__C3wl,Root,f__C,g__C3,s__C3wl
s__C3wm,g__C3,rank_2,s__C3wm,Root,f__C,g__C3,s__C3wm
s__C3wn,g__C3,rank_2,s__C3wn,Root,f__C,g__C3,s__C3wn
s__C3wo,g__C3,rank_2,s__C3wo,Root,f__C,g__C3,s__C3wo
s__C3wp,g__C3,rank_2,s__C3wp,Root,f__C,g__C3,s__C3wp
s__C3wr,g__C3,rank_2,s__C3wr,Root,f__C,g__C3,s__C3wr
s__C3ws,g__C3,rank_2,s__C3ws,Root,f__C,g__C3,s__C3ws
s__C3wt,g__C3,rank_2,s__C3wt,Root,f__C,g__C3,s__C3wt
s__C3wu,g__C3,rank_2,s__C3wu,Root,f__C,g__C3,s__C3wu
s__C3wv,g__C3,rank_2,s__C3wv,Root,f__C,g__C3,s__C3wv
s__C3ww,g__C3,rank_2,s__C3ww,Root,f__C,g__C3,s__C3ww
s__C3wx,g__C3,rank_2,s__C3wx,Root,f__C,g__C3,s__C3wx
s__C3wy,g__C3,rank_2,s__C3wy,Root,f__C,g__C3,s__C3wy
s__C3wz,g__C3,rank_2,s__C3wz,Root,f__C,g__C3,s__C3wz
s__C3xa,g__C3,rank_2,s__C3xa,Root,f__C,g__C3,s__C3xa
s__C3xb,g__C3,rank_2,s__C3xb,Root,f__C,g__C3,s__C3xb
s__C3xc,g__C3,rank_2,s__C3xc,Root,f__C,g__C3,s__C3xc
s__C3xd,g__C3,rank_2,s__C3xd,Root,f__C,g__C3,s__C3xd
s__C3xe,g__C3,rank_2,s__C3xe,Root,f__C,g__C3,s__C3xe
s__C3xf,g__C3,rank_2,s__C3xf,Root,f__C,g__C3,s__C3xf
s__C3xh,g__C3,rank_2,s__C3xh,Root,f__C,g__C3,s__C3xh
s__C3xi,g__C3,rank_2,s__C3xi,Root,f__C,g__C3,s__C3xi
s__C3xj,g__C3,rank_2,s__C3xj,Root,f__C,g__C3,s__C3xj
s__C3xk,g__C3,rank_2,s__C3xk,Root,f__C,g__C3,s__C3xk
s__C3xl,g__C3,rank_2,s__C3xl,Root,f__C,g__C3,s__C3xl
s__C3xm,g__C3,rank_2,s__C3xm,Root,f__C,g__C3,s__C3xm
s__C3xn,g__C3,rank_2,s__C3xn,Root,f__C,g__C3,s__C3xn
s__C3xo,g__C3,rank_2,s__C3xo,Root,f__C,g__C3,s__C3xo
s__C3xp,g__C3,rank_2,s__C3xp,Root,f__C,g__C3,s__C3xp
s__C3xq,g__C3,rank_2,s__C3xq,Root,f__C,g__C3,s__C3xq
s__C3xr,g__C3,rank_2,s__C3xr,Root,f__C,g__C3,s__C3xr
s__C3xt,g__C3,rank_2,s__C3xt,Root,f__C,g__C3,s__C3xt
s__C3xu,g__C3,rank_2,s__C3xu,Root,f__C,g__C3,s__C3xu
s__C3xv,g__C3,rank_2,s__C3xv,Root,f__C,g__C3,s__C3xv
s__C3xw,g__C3,rank_2,s__C3xw,Root,f__C,g__C3,s__C3xw
s__C3xx,g__C3,rank_2,s__C3xx,Root,f__C,g__C3,s__C3xx
s__C3xy,g__C3,rank_2,s__C3xy,Root,f__C,g__C3,s__C3xy
s__C3xz,g__C3,rank_2,s__C3xz,Root,f__C,g__C3,s__C3xz
s__C3y,g__C3,rank_2,s__C3y,Root,f__C,g__C3,s__C3y
s__C3ya,g__C3,rank_2,s__C3ya,Root,f__C,g__C3,s__C3ya
s__C3yb,g__C3,rank_2,s__C3yb,Root,f__C,g__C3,s__C3yb
s__C3yc,g__C3,rank_2,s__C3yc,Root,f__C,g__C3,s__C3yc
s__C3yd,g__C3,rank_2,s__C3yd,Root,f__C,g__C3,s__C3yd
s__C3ye,g__C3,rank_2,s__C3ye,Root,f__C,g__C3,s__C3ye
s__C3yf,g__C3,rank_2,s__C3yf,Root,f__C,g__C3,s__C3yf
s__C3yg,g__C3,rank_2,s__C3yg,Root,f__C,g__C3,s__C3yg
s__C3yh,g__C3,rank_2,s__C3yh,Root,f__C,g__C3,s__C3yh
s__C3yi,g__C3,rank_2,s__C3yi,Root,f__C,g__C3,s__C3yi
s__C3yj,g__C3,rank_2,s__C3yj,Root,f__C,g__C3,s__C3yj
s__C3yk,g__C3,rank_2,s__C3yk,Root,f__C,g__C3,s__C3yk
s__C3yl,g__C3,rank_2,s__C3yl,Root,f__C,g__C3,s__C3yl
s__C3ym,g__C3,rank_2,s__C3ym,Root,f__C,g__C3,s__C3ym
s__C3yn,g__C3,rank_2,s__C3yn,Root,f__C,g__C3,s__C3yn
s__C3yo,g__C3,rank_2,s__C3yo,Root,f__C,g__C3,s__C3yo
s__C3yp,g__C3,rank_2,s__C3yp,Root,f__C,g__C3,s__C3yp
s__C3yq,g__C3,rank_2,s__C3yq,Root,f__C,g__C3,s__C3yq
s__C3yr,g__C3,rank_2,s__C3yr,Root,f__C,g__C3,s__C3yr
s__C3ys,g__C3,rank_2,s__C3ys,Root,f__C,g__C3,s__C3ys
s__C3yu,g__C3,rank_2,s__C3yu,Root,f__C,g__C3,s__C3yu
s__C3yv,g__C3,rank_2,s__C3yv,Root,f__C,g__C3,s__C3yv
s__C3yw,g__C3,rank_2,s__C3yw,Root,f__C,g__C3,s__C3yw
s__C3yx,g__C3,rank_2,s__C3yx,Root,f__C,g__C3,s__C3yx
s__C3yy,g__C3,rank_2,s__C3yy,Root,f__C,g__C3,s__C3yy
s__C3yz,g__C3,rank_2,s__C3yz,Root,f__C,g__C3,s__C3yz
s__C3z,g__C3,rank_2,s__C3z,Root,f__C,g__C3,s__C3z
s__C3za,g__C3,rank_2,s__C3za,Root,f__C,g__C3,s__C3za
s__C3zc,g__C3,rank_2,s__C3zc,Root,f__C,g__C3,s__C3zc
s__C3zd,g__C3,rank_2,s__C3zd,Root,f__C,g__C3,s__C3zd
s__C3ze,g__C3,rank_2,s__C3ze,Root,f__C,g__C3,s__C3ze
s__C3zf,g__C3,rank_2,s__C3zf,Root,f__C,g__C3,s__C3zf
s__C3zg,g__C3,rank_2,s__C3zg,Root,f__C,g__C3,s__C3zg
s__C3zh,g__C3,rank_2,s__C3zh,Root,f__C,g__C3,s__C3zh
s__C3zi,g__C3,rank_2,s__C3zi,Root,f__C,g__C3,s__C3zi
s__C3zj,g__C3,rank_2,s__C3zj,Root,f__C,g__C3,s__C3zj
s__C3zk,g__C3,rank_2,s__C3zk,Root,f__C,g__C3,s__C3zk
s__C3zl,g__C3,rank_2,s__C3zl,Root,f__C,g__C3,s__C3zl
s__C3zm,g__C3,rank_2,s__C3zm,Root,f__C,g__C3,s__C3zm
s__C3zn,g__C3,rank_2,s__C3zn,Root,f__C,g__C3,s__C3zn
s__C3zo,g__C3,rank_2,s__C3zo,Root,f__C,g__C3,s__C3zo
s__C3zp,g__C3,rank_2,s__C3zp,Root,f__C,g__C3,s__C3zp
s__C3zq,g__C3,rank_2,s__C3zq,Root,f__C,g__C3,s__C3zq
s__C3zr,g__C3,rank_2,s__C3zr,Root,f__C,g__C3,s__C3zr
s__C3zs,g__C3,rank_2,s__C3zs,Root,f__C,g__C3,s__C3zs
s__C3zt,g__C3,rank_2,s__C3zt,Root,f__C,g__C3,s__C3zt
g__C4,f__C,rank_1,g__C4,Root,f__C,g__C4,
s__C4,g__C4,rank_2,s__C4,Root,f__C,g__C4,s__C4
g__C40,f__C,rank_1,g__C40,Root,f__C,g__C40,
s__C40,g__C40,rank_2,s__C40,Root,f__C,g__C40,s__C40
s__C40a,g__C40,rank_2,s__C40a,Root,f__C,g__C40,s__C40a
s__C40aa,g__C40,rank_2,s__C40aa,Root,f__C,g__C40,s__C40aa
s__C40ab,g__C40,rank_2,s__C40ab,Root,f__C,g__C40,s__C40ab
s__C40ac,g__C40,rank_2,s__C40ac,Root,f__C,g__C40,s__C40ac
s__C40ad,g__C40,rank_2,s__C40ad,Root,f__C,g__C40,s__C40ad
s__C40ae,g__C40,rank_2,s__C40ae,Root,f__C,g__C40,s__C40ae
s__C40af,g__C40,rank_2,s__C40af,Root,f__C,g__C40,s__C40af
s__C40ag,g__C40,rank_2,s__C40ag,Root,f__C,g__C40,s__C40ag
s__C40ai,g__C40,rank_2,s__C40ai,Root,f__C,g__C40,s__C40ai
s__C40aj,g__C40,rank_2,s__C40aj,Root,f__C,g__C40,s__C40aj
s__C40ak,g__C40,rank_2,s__C40ak,Root,f__C,g__C40,s__C40ak
s__C40al,g__C40,rank_2,s__C40al,Root,f__C,g__C40,s__C40al
s__C40am,g__C40,rank_2,s__C40am,Root,f__C,g__C40,s__C40am
s__C40an,g__C40,rank_2,s__C40an,Root,f__C,g__C40,s__C40an
s__C40ao,g__C40,rank_2,s__C40ao,Root,f__C,g__C40,s__C40ao
s__C40ap,g__C40,rank_2,s__C40ap,Root,f__C,g__C40,s__C40ap
s__C40ar,g__C40,rank_2,s__C40ar,Root,f__C,g__C40,s__C40ar
s__C40as,g__C40,rank_2,s__C40as,Root,f__C,g__C40,s__C40as
s__C40at,g__C40,rank_2,s__C40at,Root,f__C,g__C40,s__C40at
s__C40au,g__C40,rank_2,s__C40au,Root,f__C,g__C40,s__C40au
s__C40av,g__C40,rank_2,s__C40av,Root,f__C,g__C40,s__C40av
s__C40aw,g__C40,rank_2,s__C40aw,Root,f__C,g__C40,s__C40aw
s__C40c,g__C40,rank_2,s__C40c,Root,f__C,g__C40,s__C40c
s__C40d,g__C40,rank_2,s__C40d,Root,f__C,g__C40,s__C40d
s__C40e,g__C40,rank_2,s__C40e,Root,f__C,g__C40,s__C40e
s__C40f,g__C40,rank_2,s__C40f,Root,f__C,g__C40,s__C40f
s__C40g,g__C40,rank_2,s__C40g,Root,f__C,g__C40,s__C40g
s__C40h,g__C40,rank_2,s__C40h,Root,f__C,g__C40,s__C40h
s__C40i,g__C40,rank_2,s__C40i,Root,f__C,g__C40,s__C40i
s__C40j,g__C40,rank_2,s__C40j,Root,f__C,g__C40,s__C40j
s__C40k,g__C40,rank_2,s__C40k,Root,f__C,g__C40,s__C40k
s__C40l,g__C40,rank_2,s__C40l,Root,f__C,g__C40,s__C40l
s__C40m,g__C40,rank_2,s__C40m,Root,f__C,g__C40,s__C40m
s__C40n,g__C40,rank_2,s__C40n,Root,f__C,g__C40,s__C40n
s__C40o,g__C40,rank_2,s__C40o,Root,f__C,g__C40,s__C40o
s__C40p,g__C40,rank_2,s__C40p,Root,f__C,g__C40,s__C40p
s__C40q,g__C40,rank_2,s__C40q,Root,f__C,g__C40,s__C40q
s__C40r,g__C40,rank_2,s__C40r,Root,f__C,g__C40,s__C40r
s__C40s,g__C40,rank_2,s__C40s,Root,f__C,g__C40,s__C40s
s__C40t,g__C40,rank_2,s__C40t,Root,f__C,g__C40,s__C40t
s__C40u,g__C40,rank_2,s__C40u,Root,f__C,g__C40,s__C40u
s__C40v,g__C40,rank_2,s__C40v,Root,f__C,g__C40,s__C40v
s__C40w,g__C40,rank_2,s__C40w,Root,f__C,g__C40,s__C40w
s__C40x,g__C40,rank_2,s__C40x,Root,f__C,g__C40,s__C40x
s__C40y,g__C40,rank_2,s__C40y,Root,f__C,g__C40,s__C40y
g__C41,f__C,rank_1,g__C41,Root,f__C,g__C41,
s__C41,g__C41,rank_2,s__C41,Root,f__C,g__C41,s__C41
s__C41aa,g__C41,rank_2,s__C41aa,Root,f__C,g__C41,s__C41aa
s__C41ab,g__C41,rank_2,s__C41ab,Root,f__C,g__C41,s__C41ab
s__C41ac,g__C41,rank_2,s__C41ac,Root,f__C,g__C41,s__C41ac
s__C41ad,g__C41,rank_2,s__C41ad,Root,f__C,g__C41,s__C41ad
s__C41ae,g__C41,rank_2,s__C41ae,Root,f__C,g__C41,s__C41ae
s__C41af,g__C41,rank_2,s__C41af,Root,f__C,g__C41,s__C41af
s__C41ag,g__C41,rank_2,s__C41ag,Root,f__C,g__C41,s__C41ag
s__C41ah,g__C41,rank_2,s__C41ah,Root,f__C,g__C41,s__C41ah
s__C41ai,g__C41,rank_2,s__C41ai,Root,f__C,g__C41,s__C41ai
s__C41aj,g__C41,rank_2,s__C41aj,Root,f__C,g__C41,s__C41aj
s__C41ak,g__C41,rank_2,s__C41ak,Root,f__C,g__C41,s__C41ak
s__C41al,g__C41,rank_2,s__C41al,Root,f__C,g__C41,s__C41al
s__C41am,g__C41,rank_2,s__C41am,Root,f__C,g__C41,s__C41am
s__C41an,g__C41,rank_2,s__C41an,Root,f__C,g__C41,s__C41an
s__C41ao,g__C41,rank_2,s__C41ao,Root,f__C,g__C41,s__C41ao
s__C41aq,g__C41,rank_2,s__C41aq,Root,f__C,g__C41,s__C41aq
s__C41ar,g__C41,rank_2,s__C41ar,Root,f__C,g__C41,s__C41ar
s__C41as,g__C41,rank_2,s__C41as,Root,f__C,g__C41,s__C41as
s__C41at,g__C41,rank_2,s__C41at,Root,f__C,g__C41,s__C41at
s__C41au,g__C41,rank_2,s__C41au,Root,f__C,g__C41,s__C41au
s__C41av,g__C41,rank_2,s__C41av,Root,f__C,g__C41,s__C41av
s__C41aw,g__C41,rank_2,s__C41aw,Root,f__C,g__C41,s__C41aw
s__C41ay,g__C41,rank_2,s__C41ay,Root,f__C,g__C41,s__C41ay
s__C41az,g__C41,rank_2,s__C41az,Root,f__C,g__C41,s__C41az
s__C41b,g__C41,rank_2,s__C41b,Root,f__C,g__C41,s__C41b
s__C41ba,g__C41,rank_2,s__C41ba,Root,f__C,g__C41,s__C41ba
s__C41bb,g__C41,rank_2,s__C41bb,Root,f__C,g__C41,s__C41bb
s__C41c,g__C41,rank_2,s__C41c,Root,f__C,g__C41,s__C41c
s__C41d,g__C41,rank_2,s__C41d,Root,f__C,g__C41,s__C41d
s__C41e,g__C41,rank_2,s__C41e,Root,f__C,g__C41,s__C41e
s__C41g,g__C41,rank_2,s__C41g,Root,f__C,g__C41,s__C41g
s__C41h,g__C41,rank_2,s__C41h,Root,f__C,g__C41,s__C41h
s__C41i,g__C41,rank_2,s__C41i,Root,f__C,g__C41,s__C41i
s__C41j,g__C41,rank_2,s__C41j,Root,f__C,g__C41,s__C41j
s__C41k,g__C41,rank_2,s__C41k,Root,f__C,g__C41,s__C41k
s__C41l,g__C41,rank_2,s__C41l,Root,f__C,g__C41,s__C41l
s__C41m,g__C41,rank_2,s__C41m,Root,f__C,g__C41,s__C41m
s__C41n,g__C41,rank_2,s__C41n,Root,f__C,g__C41,s__C41n
s__C41o,g__C41,rank_2,s__C41o,Root,f__C,g__C41,s__C41o
s__C41p,g__C41,rank_2,s__C41p,Root,f__C,g__C41,s__C41p
s__C41q,g__C41,rank_2,s__C41q,Root,f__C,g__C41,s__C41q
s__C41s,g__C41,rank_2,s__C41s,Root,f__C,g__C41,s__C41s
s__C41u,g__C41,rank_2,s__C41u,Root,f__C,g__C41,s__C41u
s__C41v,g__C41,rank_2,s__C41v,Root,f__C,g__C41,s__C41v
s__C41w,g__C41,rank_2,s__C41w,Root,f__C,g__C41,s__C41w
s__C41x,g__C41,rank_2,s__C41x,Root,f__C,g__C41,s__C41x
s__C41y,g__C41,rank_2,s__C41y,Root,f__C,g__C41,s__C41y
s__C41z,g__C41,rank_2,s__C41z,Root,f__C,g__C41,s__C41z
g__C42,f__C,rank_1,g__C42,Root,f__C,g__C42,
s__C42a,g__C42,rank_2,s__C42a,Root,f__C,g__C42,s__C42a
s__C42aa,g__C42,rank_2,s__C42aa,Root,f__C,g__C42,s__C42aa
s__C42ab,g__C42,rank_2,s__C42ab,Root,f__C,g__C42,s__C42ab
s__C42ac,g__C42,rank_2,s__C42ac,Root,f__C,g__C42,s__C42ac
s__C42ad,g__C42,rank_2,s__C42ad,Root,f__C,g__C42,s__C42ad
s__C42ae,g__C42,rank_2,s__C42ae,Root,f__C,g__C42,s__C42ae
s__C42af,g__C42,rank_2,s__C42af,Root,f__C,g__C42,s__C42af
s__C42ag,g__C42,rank_2,s__C42ag,Root,f__C,g__C42,s__C42ag
s__C42ah,g__C42,rank_2,s__C42ah,Root,f__C,g__C42,s__C42ah
s__C42ai,g__C42,rank_2,s__C42ai,Root,f__C,g__C42,s__C42ai
s__C42aj,g__C42,rank_2,s__C42aj,Root,f__C,g__C42,s__C42aj
s__C42ak,g__C42,rank_2,s__C42ak,Root,f__C,g__C42,s__C42ak
s__C42al,g__C42,rank_2,s__C42al,Root,f__C,g__C42,s__C42al
s__C42am,g__C42,rank_2,s__C42am,Root,f__C,g__C42,s__C42am
s__C42an,g__C42,rank_2,s__C42an,Root,f__C,g__C42,s__C42an
s__C42ao,g__C42,rank_2,s__C42ao,Root,f__C,g__C42,s__C42ao
s__C42ap,g__C42,rank_2,s__C42ap,Root,f__C,g__C42,s__C42ap
s__C42aq,g__C42,rank_2,s__C42aq,Root,f__C,g__C42,s__C42aq
s__C42ar,g__C42,rank_2,s__C42ar,Root,f__C,g__C42,s__C42ar
s__C42as,g__C42,rank_2,s__C42as,Root,f__C,g__C42,s__C42as
s__C42at,g__C42,rank_2,s__C42at,Root,f__C,g__C42,s__C42at
s__C42au,g__C42,rank_2,s__C42au,Root,f__C,g__C42,s__C42au
s__C42av,g__C42,rank_2,s__C42av,Root,f__C,g__C42,s__C42av
s__C42aw,g__C42,rank_2,s__C42aw,Root,f__C,g__C42,s__C42aw
s__C42ax,g__C42,rank_2,s__C42ax,Root,f__C,g__C42,s__C42ax
s__C42ay,g__C42,rank_2,s__C42ay,Root,f__C,g__C42,s__C42ay
s__C42az,g__C42,rank_2,s__C42az,Root,f__C,g__C42,s__C42az
s__C42b,g__C42,rank_2,s__C42b,Root,f__C,g__C42,s__C42b
s__C42ba,g__C42,rank_2,s__C42ba,Root,f__C,g__C42,s__C42ba
s__C42bb,g__C42,rank_2,s__C42bb,Root,f__C,g__C42,s__C42bb
s__C42bd,g__C42,rank_2,s__C42bd,Root,f__C,g__C42,s__C42bd
s__C42be,g__C42,rank_2,s__C42be,Root,f__C,g__C42,s__C42be
s__C42bf,g__C42,rank_2,s__C42bf,Root,f__C,g__C42,s__C42bf
s__C42bg,g__C42,rank_2,s__C42bg,Root,f__C,g__C42,s__C42bg
s__C42bh,g__C42,rank_2,s__C42bh,Root,f__C,g__C42,s__C42bh
s__C42bi,g__C42,rank_2,s__C42bi,Root,f__C,g__C42,s__C42bi
s__C42bj,g__C42,rank_2,s__C42bj,Root,f__C,g__C42,s__C42bj
s__C42bk,g__C42,rank_2,s__C42bk,Root,f__C,g__C42,s__C42bk
s__C42bl,g__C42,rank_2,s__C42bl,Root,f__C,g__C42,s__C42bl
s__C42bm,g__C42,rank_2,s__C42bm,Root,f__C,g__C42,s__C42bm
s__C42bn,g__C42,rank_2,s__C42bn,Root,f__C,g__C42,s__C42bn
s__C42bo,g__C42,rank_2,s__C42bo,Root,f__C,g__C42,s__C42bo
s__C42bp,g__C42,rank_2,s__C42bp,Root,f__C,g__C42,s__C42bp
s__C42bq,g__C42,rank_2,s__C42bq,Root,f__C,g__C42,s__C42bq
s__C42br,g__C42,rank_2,s__C42br,Root,f__C,g__C42,s__C42br
s__C42bs,g__C42,rank_2,s__C42bs,Root,f__C,g__C42,s__C42bs
s__C42bt,g__C42,rank_2,s__C42bt,Root,f__C,g__C42,s__C42bt
s__C42bu,g__C42,rank_2,s__C42bu,Root,f__C,g__C42,s__C42bu
s__C42bv,g__C42,rank_2,s__C42bv,Root,f__C,g__C42,s__C42bv
s__C42bw,g__C42,rank_2,s__C42bw,Root,f__C,g__C42,s__C42bw
s__C42by,g__C42,rank_2,s__C42by,Root,f__C,g__C42,s__C42by
s__C42bz,g__C42,rank_2,s__C42bz,Root,f__C,g__C42,s__C42bz
s__C42c,g__C42,rank_2,s__C42c,Root,f__C,g__C42,s__C42c
s__C42ca,g__C42,rank_2,s__C42ca,Root,f__C,g__C42,s__C42ca
s__C42cb,g__C42,rank_2,s__C42cb,Root,f__C,g__C42,s__C42cb
s__C42cc,g__C42,rank_2,s__C42cc,Root,f__C,g__C42,s__C42cc
s__C42ce,g__C42,rank_2,s__C42ce,Root,f__C,g__C42,s__C42ce
s__C42cf,g__C42,rank_2,s__C42cf,Root,f__C,g__C42,s__C42cf
s__C42cg,g__C42,rank_2,s__C42cg,Root,f__C,g__C42,s__C42cg
s__C42ch,g__C42,rank_2,s__C42ch,Root,f__C,g__C42,s__C42ch
s__C42ci,g__C42,rank_2,s__C42ci,Root,f__C,g__C42,s__C42ci
s__C42cj,g__C42,rank_2,s__C42cj,Root,f__C,g__C42,s__C42cj
s__C42ck,g__C42,rank_2,s__C42ck,Root,f__C,g__C42,s__C42ck
s__C42cl,g__C42,rank_2,s__C42cl,Root,f__C,g__C42,s__C42cl
s__C42cm,g__C42,rank_2,s__C42cm,Root,f__C,g__C42,s__C42cm
s__C42cn,g__C42,rank_2,s__C42cn,Root,f__C,g__C42,s__C42cn
s__C42co,g__C42,rank_2,s__C42co,Root,f__C,g__C42,s__C42co
s__C42cp,g__C42,rank_2,s__C42cp,Root,f__C,g__C42,s__C42cp
s__C42cq,g__C42,rank_2,s__C42cq,Root,f__C,g__C42,s__C42cq
s__C42cr,g__C42,rank_2,s__C42cr,Root,f__C,g__C42,s__C42cr
s__C42cs,g__C42,rank_2,s__C42cs,Root,f__C,g__C42,s__C42cs
s__C42ct,g__C42,rank_2,s__C42ct,Root,f__C,g__C42,s__C42ct
s__C42cu,g__C42,rank_2,s__C42cu,Root,f__C,g__C42,s__C42cu
s__C42cv,g__C42,rank_2,s__C42cv,Root,f__C,g__C42,s__C42cv
s__C42cw,g__C42,rank_2,s__C42cw,Root,f__C,g__C42,s__C42cw
s__C42cx,g__C42,rank_2,s__C42cx,Root,f__C,g__C42,s__C42cx
s__C42cy,g__C42,rank_2,s__C42cy,Root,f__C,g__C42,s__C42cy
s__C42cz,g__C42,rank_2,s__C42cz,Root,f__C,g__C42,s__C42cz
s__C42d,g__C42,rank_2,s__C42d,Root,f__C,g__C42,s__C42d
s__C42da,g__C42,rank_2,s__C42da,Root,f__C,g__C42,s__C42da
s__C42db,g__C42,rank_2,s__C42db,Root,f__C,g__C42,s__C42db
s__C42dc,g__C42,rank_2,s__C42dc,Root,f__C,g__C42,s__C42dc
s__C42dd,g__C42,rank_2,s__C42dd,Root,f__C,g__C42,s__C42dd
s__C42de,g__C42,rank_2,s__C42de,Root,f__C,g__C42,s__C42de
s__C42df,g__C42,rank_2,s__C42df,Root,f__C,g__C42,s__C42df
s__C42dg,g__C42,rank_2,s__C42dg,Root,f__C,g__C42,s__C42dg
s__C42dh,g__C42,rank_2,s__C42dh,Root,f__C,g__C42,s__C42dh
s__C42di,g__C42,rank_2,s__C42di,Root,f__C,g__C42,s__C42di
s__C42dj,g__C42,rank_2,s__C42dj,Root,f__C,g__C42,s__C42dj
s__C42dk,g__C42,rank_2,s__C42dk,Root,f__C,g__C42,s__C42dk
s__C42dl,g__C42,rank_2,s__C42dl,Root,f__C,g__C42,s__C42dl
s__C42dm,g__C42,rank_2,s__C42dm,Root,f__C,g__C42,s__C42dm
s__C42dn,g__C42,rank_2,s__C42dn,Root,f__C,g__C42,s__C42dn
s__C42do,g__C42,rank_2,s__C42do,Root,f__C,g__C42,s__C42do
s__C42dp,g__C42,rank_2,s__C42dp,Root,f__C,g__C42,s__C42dp
s__C42dq,g__C42,rank_2,s__C42dq,Root,f__C,g__C42,s__C42dq
s__C42dr,g__C42,rank_2,s__C42dr,Root,f__C,g__C42,s__C42dr
s__C42ds,g__C42,rank_2,s__C42ds,Root,f__C,g__C42,s__C42ds
s__C42dt,g__C42,rank_2,s__C42dt,Root,f__C,g__C42,s__C42dt
s__C42du,g__C42,rank_2,s__C42du,Root,f__C,g__C42,s__C42du
s__C42dv,g__C42,rank_2,s__C42dv,Root,f__C,g__C42,s__C42dv
s__C42dw,g__C42,rank_2,s__C42dw,Root,f__C,g__C42,s__C42dw
s__C42dx,g__C42,rank_2,s__C42dx,Root,f__C,g__C42,s__C42dx
s__C42dy,g__C42,rank_2,s__C42dy,Root,f__C,g__C42,s__C42dy
s__C42dz,g__C42,rank_2,s__C42dz,Root,f__C,g__C42,s__C42dz
s__C42e,g__C42,rank_2,s__C42e,Root,f__C,g__C42,s__C42e
s__C42ea,g__C42,rank_2,s__C42ea,Root,f__C,g__C42,s__C42ea
s__C42eb,g__C42,rank_2,s__C42eb,Root,f__C,g__C42,s__C42eb
s__C42ec,g__C42,rank_2,s__C42ec,Root,f__C,g__C42,s__C42ec
s__C42ed,g__C42,rank_2,s__C42ed,Root,f__C,g__C42,s__C42ed
s__C42ee,g__C42,rank_2,s__C42ee,Root,f__C,g__C42,s__C42ee
s__C42ef,g__C42,rank_2,s__C42ef,Root,f__C,g__C42,s__C42ef
s__C42eg,g__C42,rank_2,s__C42eg,Root,f__C,g__C42,s__C42eg
s__C42eh,g__C42,rank_2,s__C42eh,Root,f__C,g__C42,s__C42eh
s__C42ei,g__C42,rank_2,s__C42ei,Root,f__C,g__C42,s__C42ei
s__C42ej,g__C42,rank_2,s__C42ej,Root,f__C,g__C42,s__C42ej
s__C42ek,g__C42,rank_2,s__C42ek,Root,f__C,g__C42,s__C42ek
s__C42el,g__C42,rank_2,s__C42el,Root,f__C,g__C42,s__C42el
s__C42em,g__C42,rank_2,s__C42em,Root,f__C,g__C42,s__C42em
s__C42en,g__C42,rank_2,s__C42en,Root,f__C,g__C42,s__C42en
s__C42eo,g__C42,rank_2,s__C42eo,Root,f__C,g__C42,s__C42eo
s__C42ep,g__C42,rank_2,s__C42ep,Root,f__C,g__C42,s__C42ep
s__C42er,g__C42,rank_2,s__C42er,Root,f__C,g__C42,s__C42er
s__C42es,g__C42,rank_2,s__C42es,Root,f__C,g__C42,s__C42es
s__C42f,g__C42,rank_2,s__C42f,Root,f__C,g__C42,s__C42f
s__C42g,g__C42,rank_2,s__C42g,Root,f__C,g__C42,s__C42g
s__C42h,g__C42,rank_2,s__C42h,Root,f__C,g__C42,s__C42h
s__C42i,g__C42,rank_2,s__C42i,Root,f__C,g__C42,s__C42i
s__C42j,g__C42,rank_2,s__C42j,Root,f__C,g__C42,s__C42j
s__C42k,g__C42,rank_2,s__C42k,Root,f__C,g__C42,s__C42k
s__C42l,g__C42,rank_2,s__C42l,Root,f__C,g__C42,s__C42l
s__C42m,g__C42,rank_2,s__C42m,Root,f__C,g__C42,s__C42m
s__C42n,g__C42,rank_2,s__C42n,Root,f__C,g__C42,s__C42n
s__C42o,g__C42,rank_2,s__C42o,Root,f__C,g__C42,s__C42o
s__C42p,g__C42,rank_2,s__C42p,Root,f__C,g__C42,s__C42p
s__C42q,g__C42,rank_2,s__C42q,Root,f__C,g__C42,s__C42q
s__C42r,g__C42,rank_2,s__C42r,Root,f__C,g__C42,s__C42r
s__C42t,g__C42,rank_2,s__C42t,Root,f__C,g__C42,s__C42t
s__C42u,g__C42,rank_2,s__C42u,Root,f__C,g__C42,s__C42u
s__C42v,g__C42,rank_2,s__C42v,Root,f__C,g__C42,s__C42v
s__C42w,g__C42,rank_2,s__C42w,Root,f__C,g__C42,s__C42w
s__C42x,g__C42,rank_2,s__C42x,Root,f__C,g__C42,s__C42x
s__C42y,g__C42,rank_2,s__C42y,Root,f__C,g__C42,s__C42y
s__C42z,g__C42,rank_2,s__C42z,Root,f__C,g__C42,s__C42z
g__C43,f__C,rank_1,g__C43,Root,f__C,g__C43,
s__C43,g__C43,rank_2,s__C43,Root,f__C,g__C43,s__C43
g__C44,f__C,rank_1,g__C44,Root,f__C,g__C44,
s__C44,g__C44,rank_2,s__C44,Root,f__C,g__C44,s__C44
s__C44a,g__C44,rank_2,s__C44a,Root,f__C,g__C44,s__C44a
s__C44b,g__C44,rank_2,s__C44b,Root,f__C,g__C44,s__C44b
s__C44c,g__C44,rank_2,s__C44c,Root,f__C,g__C44,s__C44c
s__C44d,g__C44,rank_2,s__C44d,Root,f__C,g__C44,s__C44d
s__C44e,g__C44,rank_2,s__C44e,Root,f__C,g__C44,s__C44e
s__C44f,g__C44,rank_2,s__C44f,Root,f__C,g__C44,s__C44f
s__C44g,g__C44,rank_2,s__C44g,Root,f__C,g__C44,s__C44g
s__C44h,g__C44,rank_2,s__C44h,Root,f__C,g__C44,s__C44h
s__C44i,g__C44,rank_2,s__C44i,Root,f__C,g__C44,s__C44i
g__C45,f__C,rank_1,g__C45,Root,f__C,g__C45,
s__C45a,g__C45,rank_2,s__C45a,Root,f__C,g__C45,s__C45a
s__C45b,g__C45,rank_2,s__C45b,Root,f__C,g__C45,s__C45b
s__C45c,g__C45,rank_2,s__C45c,Root,f__C,g__C45,s__C45c
s__C45e,g__C45,rank_2,s__C45e,Root,f__C,g__C45,s__C45e
s__C45f/C45.3,g__C45,rank_2,s__C45f/C45.3,Root,f__C,g__C45,s__C45f/C45.3
s__C45g,g__C45,rank_2,s__C45g,Root,f__C,g__C45,s__C45g
s__C45h,g__C45,rank_2,s__C45h,Root,f__C,g__C45,s__C45h
s__C45i,g__C45,rank_2,s__C45i,Root,f__C,g__C45,s__C45i
s__C45j,g__C45,rank_2,s__C45j,Root,f__C,g__C45,s__C45j
s__C45k,g__C45,rank_2,s__C45k,Root,f__C,g__C45,s__C45k
s__C45l,g__C45,rank_2,s__C45l,Root,f__C,g__C45,s__C45l
g__C46,f__C,rank_1,g__C46,Root,f__C,g__C46,
s__C46,g__C46,rank_2,s__C46,Root,f__C,g__C46,s__C46
s__C46a,g__C46,rank_2,s__C46a,Root,f__C,g__C46,s__C46a
s__C46b,g__C46,rank_2,s__C46b,Root,f__C,g__C46,s__C46b
s__C46c,g__C46,rank_2,s__C46c,Root,f__C,g__C46,s__C46c
s__C46d,g__C46,rank_2,s__C46d,Root,f__C,g__C46,s__C46d
s__C46e,g__C46,rank_2,s__C46e,Root,f__C,g__C46,s__C46e
s__C46f,g__C46,rank_2,s__C46f,Root,f__C,g__C46,s__C46f
s__C46g,g__C46,rank_2,s__C46g,Root,f__C,g__C46,s__C46g
s__C46h,g__C46,rank_2,s__C46h,Root,f__C,g__C46,s__C46h
s__C46i,g__C46,rank_2,s__C46i,Root,f__C,g__C46,s__C46i
s__C46j,g__C46,rank_2,s__C46j,Root,f__C,g__C46,s__C46j
s__C46k,g__C46,rank_2,s__C46k,Root,f__C,g__C46,s__C46k
s__C46l,g__C46,rank_2,s__C46l,Root,f__C,g__C46,s__C46l
s__C46m,g__C46,rank_2,s__C46m,Root,f__C,g__C46,s__C46m
g__C47,f__C,rank_1,g__C47,Root,f__C,g__C47,
s__C47a,g__C47,rank_2,s__C47a,Root,f__C,g__C47,s__C47a
s__C47b,g__C47,rank_2,s__C47b,Root,f__C,g__C47,s__C47b
s__C47c,g__C47,rank_2,s__C47c,Root,f__C,g__C47,s__C47c
s__C47d,g__C47,rank_2,s__C47d,Root,f__C,g__C47,s__C47d
g__C48,f__C,rank_1,g__C48,Root,f__C,g__C48,
s__C48,g__C48,rank_2,s__C48,Root,f__C,g__C48,s__C48
s__C4a,g__C4,rank_2,s__C4a,Root,f__C,g__C4,s__C4a
s__C4b,g__C4,rank_2,s__C4b,Root,f__C,g__C4,s__C4b
s__C4c,g__C4,rank_2,s__C4c,Root,f__C,g__C4,s__C4c
s__C4d,g__C4,rank_2,s__C4d,Root,f__C,g__C4,s__C4d
s__C4e,g__C4,rank_2,s__C4e,Root,f__C,g__C4,s__C4e
g__C5,f__C,rank_1,g__C5,Root,f__C,g__C5,
s__C5,g__C5,rank_2,s__C5,Root,f__C,g__C5,s__C5
g__C50,f__C,rank_1,g__C50,Root,f__C,g__C50,
s__C50,g__C50,rank_2,s__C50,Root,f__C,g__C50,s__C50
s__C50a,g__C50,rank_2,s__C50a,Root,f__C,g__C50,s__C50a
s__C50aa,g__C50,rank_2,s__C50aa,Root,f__C,g__C50,s__C50aa
s__C50ab,g__C50,rank_2,s__C50ab,Root,f__C,g__C50,s__C50ab
s__C50ac,g__C50,rank_2,s__C50ac,Root,f__C,g__C50,s__C50ac
s__C50ad,g__C50,rank_2,s__C50ad,Root,f__C,g__C50,s__C50ad
s__C50ae,g__C50,rank_2,s__C50ae,Root,f__C,g__C50,s__C50ae
s__C50af,g__C50,rank_2,s__C50af,Root,f__C,g__C50,s__C50af
s__C50ag,g__C50,rank_2,s__C50ag,Root,f__C,g__C50,s__C50ag
s__C50ah,g__C50,rank_2,s__C50ah,Root,f__C,g__C50,s__C50ah
s__C50ai,g__C50,rank_2,s__C50ai,Root,f__C,g__C50,s__C50ai
s__C50aj,g__C50,rank_2,s__C50aj,Root,f__C,g__C50,s__C50aj
s__C50ak,g__C50,rank_2,s__C50ak,Root,f__C,g__C50,s__C50ak
s__C50al,g__C50,rank_2,s__C50al,Root,f__C,g__C50,s__C50al
s__C50am,g__C50,rank_2,s__C50am,Root,f__C,g__C50,s__C50am
s__C50an,g__C50,rank_2,s__C50an,Root,f__C,g__C50,s__C50an
s__C50ao,g__C50,rank_2,s__C50ao,Root,f__C,g__C50,s__C50ao
s__C50ap,g__C50,rank_2,s__C50ap,Root,f__C,g__C50,s__C50ap
s__C50aq,g__C50,rank_2,s__C50aq,Root,f__C,g__C50,s__C50aq
s__C50ar,g__C50,rank_2,s__C50ar,Root,f__C,g__C50,s__C50ar
s__C50as,g__C50,rank_2,s__C50as,Root,f__C,g__C50,s__C50as
s__C50at,g__C50,rank_2,s__C50at,Root,f__C,g__C50,s__C50at
s__C50av,g__C50,rank_2,s__C50av,Root,f__C,g__C50,s__C50av
s__C50aw,g__C50,rank_2,s__C50aw,Root,f__C,g__C50,s__C50aw
s__C50ax,g__C50,rank_2,s__C50ax,Root,f__C,g__C50,s__C50ax
s__C50ay,g__C50,rank_2,s__C50ay,Root,f__C,g__C50,s__C50ay
s__C50az,g__C50,rank_2,s__C50az,Root,f__C,g__C50,s__C50az
s__C50b,g__C50,rank_2,s__C50b,Root,f__C,g__C50,s__C50b
s__C50ba,g__C50,rank_2,s__C50ba,Root,f__C,g__C50,s__C50ba
s__C50bb,g__C50,rank_2,s__C50bb,Root,f__C,g__C50,s__C50bb
s__C50bc,g__C50,rank_2,s__C50bc,Root,f__C,g__C50,s__C50bc
s__C50bd,g__C50,rank_2,s__C50bd,Root,f__C,g__C50,s__C50bd
s__C50be,g__C50,rank_2,s__C50be,Root,f__C,g__C50,s__C50be
s__C50bf,g__C50,rank_2,s__C50bf,Root,f__C,g__C50,s__C50bf
s__C50bg,g__C50,rank_2,s__C50bg,Root,f__C,g__C50,s__C50bg
s__C50bh,g__C50,rank_2,s__C50bh,Root,f__C,g__C50,s__C50bh
s__C50bi,g__C50,rank_2,s__C50bi,Root,f__C,g__C50,s__C50bi
s__C50bj,g__C50,rank_2,s__C50bj,Root,f__C,g__C50,s__C50bj
s__C50bk,g__C50,rank_2,s__C50bk,Root,f__C,g__C50,s__C50bk
s__C50bl,g__C50,rank_2,s__C50bl,Root,f__C,g__C50,s__C50bl
s__C50bm,g__C50,rank_2,s__C50bm,Root,f__C,g__C50,s__C50bm
s__C50bn,g__C50,rank_2,s__C50bn,Root,f__C,g__C50,s__C50bn
s__C50bo,g__C50,rank_2,s__C50bo,Root,f__C,g__C50,s__C50bo
s__C50bp,g__C50,rank_2,s__C50bp,Root,f__C,g__C50,s__C50bp
s__C50bq,g__C50,rank_2,s__C50bq,Root,f__C,g__C50,s__C50bq
s__C50br,g__C50,rank_2,s__C50br,Root,f__C,g__C50,s__C50br
s__C50bs,g__C50,rank_2,s__C50bs,Root,f__C,g__C50,s__C50bs
s__C50bt,g__C50,rank_2,s__C50bt,Root,f__C,g__C50,s__C50bt
s__C50bu,g__C50,rank_2,s__C50bu,Root,f__C,g__C50,s__C50bu
s__C50bv,g__C50,rank_2,s__C50bv,Root,f__C,g__C50,s__C50bv
s__C50bw,g__C50,rank_2,s__C50bw,Root,f__C,g__C50,s__C50bw
s__C50bx,g__C50,rank_2,s__C50bx,Root,f__C,g__C50,s__C50bx
s__C50by,g__C50,rank_2,s__C50by,Root,f__C,g__C50,s__C50by
s__C50bz,g__C50,rank_2,s__C50bz,Root,f__C,g__C50,s__C50bz
s__C50c,g__C50,rank_2,s__C50c,Root,f__C,g__C50,s__C50c
s__C50ca,g__C50,rank_2,s__C50ca,Root,f__C,g__C50,s__C50ca
s__C50cb,g__C50,rank_2,s__C50cb,Root,f__C,g__C50,s__C50cb
s__C50cc,g__C50,rank_2,s__C50cc,Root,f__C,g__C50,s__C50cc
s__C50cd,g__C50,rank_2,s__C50cd,Root,f__C,g__C50,s__C50cd
s__C50ce,g__C50,rank_2,s__C50ce,Root,f__C,g__C50,s__C50ce
s__C50cf,g__C50,rank_2,s__C50cf,Root,f__C,g__C50,s__C50cf
s__C50cg,g__C50,rank_2,s__C50cg,Root,f__C,g__C50,s__C50cg
s__C50ch,g__C50,rank_2,s__C50ch,Root,f__C,g__C50,s__C50ch
s__C50ci,g__C50,rank_2,s__C50ci,Root,f__C,g__C50,s__C50ci
s__C50cj,g__C50,rank_2,s__C50cj,Root,f__C,g__C50,s__C50cj
s__C50ck,g__C50,rank_2,s__C50ck,Root,f__C,g__C50,s__C50ck
s__C50e,g__C50,rank_2,s__C50e,Root,f__C,g__C50,s__C50e
s__C50f,g__C50,rank_2,s__C50f,Root,f__C,g__C50,s__C50f
s__C50g,g__C50,rank_2,s__C50g,Root,f__C,g__C50,s__C50g
s__C50h,g__C50,rank_2,s__C50h,Root,f__C,g__C50,s__C50h
s__C50i,g__C50,rank_2,s__C50i,Root,f__C,g__C50,s__C50i
s__C50j,g__C50,rank_2,s__C50j,Root,f__C,g__C50,s__C50j
s__C50k,g__C50,rank_2,s__C50k,Root,f__C,g__C50,s__C50k
s__C50l,g__C50,rank_2,s__C50l,Root,f__C,g__C50,s__C50l
s__C50m,g__C50,rank_2,s__C50m,Root,f__C,g__C50,s__C50m
s__C50n,g__C50,rank_2,s__C50n,Root,f__C,g__C50,s__C50n
s__C50o,g__C50,rank_2,s__C50o,Root,f__C,g__C50,s__C50o
s__C50q,g__C50,rank_2,s__C50q,Root,f__C,g__C50,s__C50q
s__C50r,g__C50,rank_2,s__C50r,Root,f__C,g__C50,s__C50r
s__C50s,g__C50,rank_2,s__C50s,Root,f__C,g__C50,s__C50s
s__C50t,g__C50,rank_2,s__C50t,Root,f__C,g__C50,s__C50t
s__C50u,g__C50,rank_2,s__C50u,Root,f__C,g__C50,s__C50u
s__C50v,g__C50,rank_2,s__C50v,Root,f__C,g__C50,s__C50v
s__C50w,g__C50,rank_2,s__C50w,Root,f__C,g__C50,s__C50w
s__C50x,g__C50,rank_2,s__C50x,Root,f__C,g__C50,s__C50x
s__C50y,g__C50,rank_2,s__C50y,Root,f__C,g__C50,s__C50y
s__C50z,g__C50,rank_2,s__C50z,Root,f__C,g__C50,s__C50z
g__C51,f__C,rank_1,g__C51,Root,f__C,g__C51,
s__C51,g__C51,rank_2,s__C51,Root,f__C,g__C51,s__C51
g__C52,f__C,rank_1,g__C52,Root,f__C,g__C52,
s__C52,g__C52,rank_2,s__C52,Root,f__C,g__C52,s__C52
g__C53,f__C,rank_1,g__C53,Root,f__C,g__C53,
s__C53,g__C53,rank_2,s__C53,Root,f__C,g__C53,s__C53
g__C54,f__C,rank_1,g__C54,Root,f__C,g__C54,
s__C54a,g__C54,rank_2,s__C54a,Root,f__C,g__C54,s__C54a
s__C54b,g__C54,rank_2,s__C54b,Root,f__C,g__C54,s__C54b
s__C54c,g__C54,rank_2,s__C54c,Root,f__C,g__C54,s__C54c
s__C54d,g__C54,rank_2,s__C54d,Root,f__C,g__C54,s__C54d
s__C54e,g__C54,rank_2,s__C54e,Root,f__C,g__C54,s__C54e
s__C54f,g__C54,rank_2,s__C54f,Root,f__C,g__C54,s__C54f
s__C54g,g__C54,rank_2,s__C54g,Root,f__C,g__C54,s__C54g
s__C54h,g__C54,rank_2,s__C54h,Root,f__C,g__C54,s__C54h
s__C54i,g__C54,rank_2,s__C54i,Root,f__C,g__C54,s__C54i
s__C54j,g__C54,rank_2,s__C54j,Root,f__C,g__C54,s__C54j
s__C54k,g__C54,rank_2,s__C54k,Root,f__C,g__C54,s__C54k
s__C54l,g__C54,rank_2,s__C54l,Root,f__C,g__C54,s__C54l
s__C54m,g__C54,rank_2,s__C54m,Root,f__C,g__C54,s__C54m
g__C55,f__C,rank_1,g__C55,Root,f__C,g__C55,
s__C55,g__C55,rank_2,s__C55,Root,f__C,g__C55,s__C55
g__C56,f__C,rank_1,g__C56,Root,f__C,g__C56,
s__C56,g__C56,rank_2,s__C56,Root,f__C,g__C56,s__C56
s__C56a,g__C56,rank_2,s__C56a,Root,f__C,g__C56,s__C56a
g__C57,f__C,rank_1,g__C57,Root,f__C,g__C57,
s__C57a,g__C57,rank_2,s__C57a,Root,f__C,g__C57,s__C57a
s__C57b,g__C57,rank_2,s__C57b,Root,f__C,g__C57,s__C57b
s__C57c,g__C57,rank_2,s__C57c,Root,f__C,g__C57,s__C57c
s__C57e,g__C57,rank_2,s__C57e,Root,f__C,g__C57,s__C57e
s__C57f,g__C57,rank_2,s__C57f,Root,f__C,g__C57,s__C57f
s__C57g,g__C57,rank_2,s__C57g,Root,f__C,g__C57,s__C57g
s__C57h,g__C57,rank_2,s__C57h,Root,f__C,g__C57,s__C57h
s__C57i,g__C57,rank_2,s__C57i,Root,f__C,g__C57,s__C57i
s__C57k,g__C57,rank_2,s__C57k,Root,f__C,g__C57,s__C57k
s__C57l,g__C57,rank_2,s__C57l,Root,f__C,g__C57,s__C57l
s__C57m,g__C57,rank_2,s__C57m,Root,f__C,g__C57,s__C57m
s__C57n,g__C57,rank_2,s__C57n,Root,f__C,g__C57,s__C57n
s__C57o,g__C57,rank_2,s__C57o,Root,f__C,g__C57,s__C57o
s__C57p,g__C57,rank_2,s__C57p,Root,f__C,g__C57,s__C57p
s__C57q,g__C57,rank_2,s__C57q,Root,f__C,g__C57,s__C57q
s__C57r,g__C57,rank_2,s__C57r,Root,f__C,g__C57,s__C57r
s__C57s,g__C57,rank_2,s__C57s,Root,f__C,g__C57,s__C57s
s__C57t,g__C57,rank_2,s__C57t,Root,f__C,g__C57,s__C57t
s__C57u,g__C57,rank_2,s__C57u,Root,f__C,g__C57,s__C57u
s__C57v,g__C57,rank_2,s__C57v,Root,f__C,g__C57,s__C57v
s__C57w,g__C57,rank_2,s__C57w,Root,f__C,g__C57,s__C57w
s__C57x,g__C57,rank_2,s__C57x,Root,f__C,g__C57,s__C57x
s__C57y,g__C57,rank_2,s__C57y,Root,f__C,g__C57,s__C57y
g__C58,f__C,rank_1,g__C58,Root,f__C,g__C58,
s__C58a,g__C58,rank_2,s__C58a,Root,f__C,g__C58,s__C58a
g__C59,f__C,rank_1,g__C59,Root,f__C,g__C59,
s__C59,g__C59,rank_2,s__C59,Root,f__C,g__C59,s__C59
s__C59a,g__C59,rank_2,s__C59a,Root,f__C,g__C59,s__C59a
s__C59b,g__C59,rank_2,s__C59b,Root,f__C,g__C59,s__C59b
s__C59d,g__C59,rank_2,s__C59d,Root,f__C,g__C59,s__C59d
s__C59e,g__C59,rank_2,s__C59e,Root,f__C,g__C59,s__C59e
s__C59f,g__C59,rank_2,s__C59f,Root,f__C,g__C59,s__C59f
s__C59g,g__C59,rank_2,s__C59g,Root,f__C,g__C59,s__C59g
s__C59h,g__C59,rank_2,s__C59h,Root,f__C,g__C59,s__C59h
g__C6,f__C,rank_1,g__C6,Root,f__C,g__C6,
s__C6,g__C6,rank_2,s__C6,Root,f__C,g__C6,s__C6
g__C60,f__C,rank_1,g__C60,Root,f__C,g__C60,
s__C60,g__C60,rank_2,s__C60,Root,f__C,g__C60,s__C60
s__C60a,g__C60,rank_2,s__C60a,Root,f__C,g__C60,s__C60a
s__C60b,g__C60,rank_2,s__C60b,Root,f__C,g__C60,s__C60b
s__C60c,g__C60,rank_2,s__C60c,Root,f__C,g__C60,s__C60c
s__C60d,g__C60,rank_2,s__C60d,Root,f__C,g__C60,s__C60d
g__C61,f__C,rank_1,g__C61,Root,f__C,g__C61,
s__C61,g__C61,rank_2,s__C61,Root,f__C,g__C61,s__C61
s__C61a,g__C61,rank_2,s__C61a,Root,f__C,g__C61,s__C61a
g__C62,f__C,rank_1,g__C62,Root,f__C,g__C62,
s__C62,g__C62,rank_2,s__C62,Root,f__C,g__C62,s__C62
s__C62a,g__C62,rank_2,s__C62a,Root,f__C,g__C62,s__C62a
g__C63,f__C,rank_1,g__C63,Root,f__C,g__C63,
s__C63a,g__C63,rank_2,s__C63a,Root,f__C,g__C63,s__C63a
g__C64,f__C,rank_1,g__C64,Root,f__C,g__C64,
s__C64,g__C64,rank_2,s__C64,Root,f__C,g__C64,s__C64
s__C64a,g__C64,rank_2,s__C64a,Root,f__C,g__C64,s__C64a
s__C64b,g__C64,rank_2,s__C64b,Root,f__C,g__C64,s__C64b
s__C64c,g__C64,rank_2,s__C64c,Root,f__C,g__C64,s__C64c
s__C64d,g__C64,rank_2,s__C64d,Root,f__C,g__C64,s__C64d
s__C64e,g__C64,rank_2,s__C64e,Root,f__C,g__C64,s__C64e
s__C64f,g__C64,rank_2,s__C64f,Root,f__C,g__C64,s__C64f
s__C64g,g__C64,rank_2,s__C64g,Root,f__C,g__C64,s__C64g
s__C64h,g__C64,rank_2,s__C64h,Root,f__C,g__C64,s__C64h
s__C64i,g__C64,rank_2,s__C64i,Root,f__C,g__C64,s__C64i
g__C65,f__C,rank_1,g__C65,Root,f__C,g__C65,
s__C65,g__C65,rank_2,s__C65,Root,f__C,g__C65,s__C65
s__C65a,g__C65,rank_2,s__C65a,Root,f__C,g__C65,s__C65a
s__C65b,g__C65,rank_2,s__C65b,Root,f__C,g__C65,s__C65b
s__C65c,g__C65,rank_2,s__C65c,Root,f__C,g__C65,s__C65c
s__C65d,g__C65,rank_2,s__C65d,Root,f__C,g__C65,s__C65d
s__C65e,g__C65,rank_2,s__C65e,Root,f__C,g__C65,s__C65e
s__C65f,g__C65,rank_2,s__C65f,Root,f__C,g__C65,s__C65f
s__C65g,g__C65,rank_2,s__C65g,Root,f__C,g__C65,s__C65g
s__C65h,g__C65,rank_2,s__C65h,Root,f__C,g__C65,s__C65h
s__C65i,g__C65,rank_2,s__C65i,Root,f__C,g__C65,s__C65i
s__C65j,g__C65,rank_2,s__C65j,Root,f__C,g__C65,s__C65j
g__C66,f__C,rank_1,g__C66,Root,f__C,g__C66,
s__C66aa,g__C66,rank_2,s__C66aa,Root,f__C,g__C66,s__C66aa
s__C66ab,g__C66,rank_2,s__C66ab,Root,f__C,g__C66,s__C66ab
s__C66ac,g__C66,rank_2,s__C66ac,Root,f__C,g__C66,s__C66ac
s__C66ad,g__C66,rank_2,s__C66ad,Root,f__C,g__C66,s__C66ad
s__C66ae,g__C66,rank_2,s__C66ae,Root,f__C,g__C66,s__C66ae
s__C66af,g__C66,rank_2,s__C66af,Root,f__C,g__C66,s__C66af
s__C66ag,g__C66,rank_2,s__C66ag,Root,f__C,g__C66,s__C66ag
s__C66ah,g__C66,rank_2,s__C66ah,Root,f__C,g__C66,s__C66ah
s__C66ai,g__C66,rank_2,s__C66ai,Root,f__C,g__C66,s__C66ai
s__C66aj,g__C66,rank_2,s__C66aj,Root,f__C,g__C66,s__C66aj
s__C66ak,g__C66,rank_2,s__C66ak,Root,f__C,g__C66,s__C66ak
s__C66am,g__C66,rank_2,s__C66am,Root,f__C,g__C66,s__C66am
s__C66an,g__C66,rank_2,s__C66an,Root,f__C,g__C66,s__C66an
s__C66ao,g__C66,rank_2,s__C66ao,Root,f__C,g__C66,s__C66ao
s__C66ap,g__C66,rank_2,s__C66ap,Root,f__C,g__C66,s__C66ap
s__C66aq,g__C66,rank_2,s__C66aq,Root,f__C,g__C66,s__C66aq
s__C66ar,g__C66,rank_2,s__C66ar,Root,f__C,g__C66,s__C66ar
s__C66as,g__C66,rank_2,s__C66as,Root,f__C,g__C66,s__C66as
s__C66at,g__C66,rank_2,s__C66at,Root,f__C,g__C66,s__C66at
s__C66au,g__C66,rank_2,s__C66au,Root,f__C,g__C66,s__C66au
s__C66av,g__C66,rank_2,s__C66av,Root,f__C,g__C66,s__C66av
s__C66aw,g__C66,rank_2,s__C66aw,Root,f__C,g__C66,s__C66aw
s__C66ax,g__C66,rank_2,s__C66ax,Root,f__C,g__C66,s__C66ax
s__C66ay,g__C66,rank_2,s__C66ay,Root,f__C,g__C66,s__C66ay
s__C66az,g__C66,rank_2,s__C66az,Root,f__C,g__C66,s__C66az
s__C66b,g__C66,rank_2,s__C66b,Root,f__C,g__C66,s__C66b
s__C66ba,g__C66,rank_2,s__C66ba,Root,f__C,g__C66,s__C66ba
s__C66bc,g__C66,rank_2,s__C66bc,Root,f__C,g__C66,s__C66bc
s__C66bd,g__C66,rank_2,s__C66bd,Root,f__C,g__C66,s__C66bd
s__C66be,g__C66,rank_2,s__C66be,Root,f__C,g__C66,s__C66be
s__C66bf,g__C66,rank_2,s__C66bf,Root,f__C,g__C66,s__C66bf
s__C66bg,g__C66,rank_2,s__C66bg,Root,f__C,g__C66,s__C66bg
s__C66bh,g__C66,rank_2,s__C66bh,Root,f__C,g__C66,s__C66bh
s__C66bk,g__C66,rank_2,s__C66bk,Root,f__C,g__C66,s__C66bk
s__C66bl,g__C66,rank_2,s__C66bl,Root,f__C,g__C66,s__C66bl
s__C66bm,g__C66,rank_2,s__C66bm,Root,f__C,g__C66,s__C66bm
s__C66bn,g__C66,rank_2,s__C66bn,Root,f__C,g__C66,s__C66bn
s__C66bo,g__C66,rank_2,s__C66bo,Root,f__C,g__C66,s__C66bo
s__C66bp,g__C66,rank_2,s__C66bp,Root,f__C,g__C66,s__C66bp
s__C66bq,g__C66,rank_2,s__C66bq,Root,f__C,g__C66,s__C66bq
s__C66br,g__C66,rank_2,s__C66br,Root,f__C,g__C66,s__C66br
s__C66c,g__C66,rank_2,s__C66c,Root,f__C,g__C66,s__C66c
s__C66d,g__C66,rank_2,s__C66d,Root,f__C,g__C66,s__C66d
s__C66e,g__C66,rank_2,s__C66e,Root,f__C,g__C66,s__C66e
s__C66f,g__C66,rank_2,s__C66f,Root,f__C,g__C66,s__C66f
s__C66g,g__C66,rank_2,s__C66g,Root,f__C,g__C66,s__C66g
s__C66h,g__C66,rank_2,s__C66h,Root,f__C,g__C66,s__C66h
s__C66i,g__C66,rank_2,s__C66i,Root,f__C,g__C66,s__C66i
s__C66j,g__C66,rank_2,s__C66j,Root,f__C,g__C66,s__C66j
s__C66k,g__C66,rank_2,s__C66k,Root,f__C,g__C66,s__C66k
s__C66l,g__C66,rank_2,s__C66l,Root,f__C,g__C66,s__C66l
s__C66m,g__C66,rank_2,s__C66m,Root,f__C,g__C66,s__C66m
s__C66n,g__C66,rank_2,s__C66n,Root,f__C,g__C66,s__C66n
s__C66o,g__C66,rank_2,s__C66o,Root,f__C,g__C66,s__C66o
s__C66p,g__C66,rank_2,s__C66p,Root,f__C,g__C66,s__C66p
s__C66q,g__C66,rank_2,s__C66q,Root,f__C,g__C66,s__C66q
s__C66r,g__C66,rank_2,s__C66r,Root,f__C,g__C66,s__C66r
s__C66s,g__C66,rank_2,s__C66s,Root,f__C,g__C66,s__C66s
s__C66t,g__C66,rank_2,s__C66t,Root,f__C,g__C66,s__C66t
s__C66u,g__C66,rank_2,s__C66u,Root,f__C,g__C66,s__C66u
s__C66v,g__C66,rank_2,s__C66v,Root,f__C,g__C66,s__C66v
s__C66w,g__C66,rank_2,s__C66w,Root,f__C,g__C66,s__C66w
s__C66x,g__C66,rank_2,s__C66x,Root,f__C,g__C66,s__C66x
s__C66y,g__C66,rank_2,s__C66y,Root,f__C,g__C66,s__C66y
s__C66z,g__C66,rank_2,s__C66z,Root,f__C,g__C66,s__C66z
g__C67,f__C,rank_1,g__C67,Root,f__C,g__C67,
s__C67a,g__C67,rank_2,s__C67a,Root,f__C,g__C67,s__C67a
s__C67/C67b,g__C67,rank_2,s__C67/C67b,Root,f__C,g__C67,s__C67/C67b
g__C69,f__C,rank_1,g__C69,Root,f__C,g__C69,
s__C69,g__C69,rank_2,s__C69,Root,f__C,g__C69,s__C69
s__C6a,g__C6,rank_2,s__C6a,Root,f__C,g__C6,s__C6a
s__C6b,g__C6,rank_2,s__C6b,Root,f__C,g__C6,s__C6b
s__C6c,g__C6,rank_2,s__C6c,Root,f__C,g__C6,s__C6c
s__C6d,g__C6,rank_2,s__C6d,Root,f__C,g__C6,s__C6d
s__C6e,g__C6,rank_2,s__C6e,Root,f__C,g__C6,s__C6e
s__C6f,g__C6,rank_2,s__C6f,Root,f__C,g__C6,s__C6f
s__C6g,g__C6,rank_2,s__C6g,Root,f__C,g__C6,s__C6g
g__C70,f__C,rank_1,g__C70,Root,f__C,g__C70,
s__C70,g__C70,rank_2,s__C70,Root,f__C,g__C70,s__C70
g__C71,f__C,rank_1,g__C71,Root,f__C,g__C71,
s__C71,g__C71,rank_2,s__C71,Root,f__C,g__C71,s__C71
s__C71a,g__C71,rank_2,s__C71a,Root,f__C,g__C71,s__C71a
g__C72,f__C,rank_1,g__C72,Root,f__C,g__C72,
s__C72,g__C72,rank_2,s__C72,Root,f__C,g__C72,s__C72
s__C72a,g__C72,rank_2,s__C72a,Root,f__C,g__C72,s__C72a
s__C72b,g__C72,rank_2,s__C72b,Root,f__C,g__C72,s__C72b
s__C72c,g__C72,rank_2,s__C72c,Root,f__C,g__C72,s__C72c
s__C72d,g__C72,rank_2,s__C72d,Root,f__C,g__C72,s__C72d
s__C72e,g__C72,rank_2,s__C72e,Root,f__C,g__C72,s__C72e
s__C72f,g__C72,rank_2,s__C72f,Root,f__C,g__C72,s__C72f
s__C72g,g__C72,rank_2,s__C72g,Root,f__C,g__C72,s__C72g
s__C72h,g__C72,rank_2,s__C72h,Root,f__C,g__C72,s__C72h
s__C72i,g__C72,rank_2,s__C72i,Root,f__C,g__C72,s__C72i
s__C72j,g__C72,rank_2,s__C72j,Root,f__C,g__C72,s__C72j
s__C72k,g__C72,rank_2,s__C72k,Root,f__C,g__C72,s__C72k
s__C72l,g__C72,rank_2,s__C72l,Root,f__C,g__C72,s__C72l
s__C72m,g__C72,rank_2,s__C72m,Root,f__C,g__C72,s__C72m
s__C72n,g__C72,rank_2,s__C72n,Root,f__C,g__C72,s__C72n
s__C72o,g__C72,rank_2,s__C72o,Root,f__C,g__C72,s__C72o
s__C72p,g__C72,rank_2,s__C72p,Root,f__C,g__C72,s__C72p
s__C72q,g__C72,rank_2,s__C72q,Root,f__C,g__C72,s__C72q
s__C72r,g__C72,rank_2,s__C72r,Root,f__C,g__C72,s__C72r
s__C72s,g__C72,rank_2,s__C72s,Root,f__C,g__C72,s__C72s
s__C72t,g__C72,rank_2,s__C72t,Root,f__C,g__C72,s__C72t
s__C72u,g__C72,rank_2,s__C72u,Root,f__C,g__C72,s__C72u
s__C72v,g__C72,rank_2,s__C72v,Root,f__C,g__C72,s__C72v
s__C72w,g__C72,rank_2,s__C72w,Root,f__C,g__C72,s__C72w
s__C72x,g__C72,rank_2,s__C72x,Root,f__C,g__C72,s__C72x
s__C72y,g__C72,rank_2,s__C72y,Root,f__C,g__C72,s__C72y
g__C73,f__C,rank_1,g__C73,Root,f__C,g__C73,
s__C73,g__C73,rank_2,s__C73,Root,f__C,g__C73,s__C73
s__C73a,g__C73,rank_2,s__C73a,Root,f__C,g__C73,s__C73a
g__C74,f__C,rank_1,g__C74,Root,f__C,g__C74,
s__C74,g__C74,rank_2,s__C74,Root,f__C,g__C74,s__C74
g__C75,f__C,rank_1,g__C75,Root,f__C,g__C75,
s__C75,g__C75,rank_2,s__C75,Root,f__C,g__C75,s__C75
s__C75a,g__C75,rank_2,s__C75a,Root,f__C,g__C75,s__C75a
s__C75c,g__C75,rank_2,s__C75c,Root,f__C,g__C75,s__C75c
s__C75d,g__C75,rank_2,s__C75d,Root,f__C,g__C75,s__C75d
s__C75e,g__C75,rank_2,s__C75e,Root,f__C,g__C75,s__C75e
s__C75f,g__C75,rank_2,s__C75f,Root,f__C,g__C75,s__C75f
s__C75g,g__C75,rank_2,s__C75g,Root,f__C,g__C75,s__C75g
s__C75h,g__C75,rank_2,s__C75h,Root,f__C,g__C75,s__C75h
s__C75i,g__C75,rank_2,s__C75i,Root,f__C,g__C75,s__C75i
s__C75j,g__C75,rank_2,s__C75j,Root,f__C,g__C75,s__C75j
s__C75k,g__C75,rank_2,s__C75k,Root,f__C,g__C75,s__C75k
s__C75l,g__C75,rank_2,s__C75l,Root,f__C,g__C75,s__C75l
s__C75m,g__C75,rank_2,s__C75m,Root,f__C,g__C75,s__C75m
s__C75n,g__C75,rank_2,s__C75n,Root,f__C,g__C75,s__C75n
s__C75o,g__C75,rank_2,s__C75o,Root,f__C,g__C75,s__C75o
s__C75p,g__C75,rank_2,s__C75p,Root,f__C,g__C75,s__C75p
s__C75q,g__C75,rank_2,s__C75q,Root,f__C,g__C75,s__C75q
s__C75r,g__C75,rank_2,s__C75r,Root,f__C,g__C75,s__C75r
s__C75s,g__C75,rank_2,s__C75s,Root,f__C,g__C75,s__C75s
s__C75t,g__C75,rank_2,s__C75t,Root,f__C,g__C75,s__C75t
s__C75u,g__C75,rank_2,s__C75u,Root,f__C,g__C75,s__C75u
s__C75v,g__C75,rank_2,s__C75v,Root,f__C,g__C75,s__C75v
s__C75w,g__C75,rank_2,s__C75w,Root,f__C,g__C75,s__C75w
s__C75x,g__C75,rank_2,s__C75x,Root,f__C,g__C75,s__C75x
g__C76,f__C,rank_1,g__C76,Root,f__C,g__C76,
s__C76,g__C76,rank_2,s__C76,Root,f__C,g__C76,s__C76
g__C77,f__C,rank_1,g__C77,Root,f__C,g__C77,
s__C77,g__C77,rank_2,s__C77,Root,f__C,g__C77,s__C77
g__C78,f__C,rank_1,g__C78,Root,f__C,g__C78,
s__C78,g__C78,rank_2,s__C78,Root,f__C,g__C78,s__C78
s__C78a,g__C78,rank_2,s__C78a,Root,f__C,g__C78,s__C78a
s__C78b,g__C78,rank_2,s__C78b,Root,f__C,g__C78,s__C78b
s__C78c,g__C78,rank_2,s__C78c,Root,f__C,g__C78,s__C78c
g__C79,f__C,rank_1,g__C79,Root,f__C,g__C79,
s__C79,g__C79,rank_2,s__C79,Root,f__C,g__C79,s__C79
s__C79a,g__C79,rank_2,s__C79a,Root,f__C,g__C79,s__C79a
s__C79b,g__C79,rank_2,s__C79b,Root,f__C,g__C79,s__C79b
g__C7,f__C,rank_1,g__C7,Root,f__C,g__C7,
s__C7a,g__C7,rank_2,s__C7a,Root,f__C,g__C7,s__C7a
s__C7b,g__C7,rank_2,s__C7b,Root,f__C,g__C7,s__C7b
s__C7d,g__C7,rank_2,s__C7d,Root,f__C,g__C7,s__C7d
s__C7e,g__C7,rank_2,s__C7e,Root,f__C,g__C7,s__C7e
s__C7f,g__C7,rank_2,s__C7f,Root,f__C,g__C7,s__C7f
s__C7g,g__C7,rank_2,s__C7g,Root,f__C,g__C7,s__C7g
s__C7j,g__C7,rank_2,s__C7j,Root,f__C,g__C7,s__C7j
s__C7l,g__C7,rank_2,s__C7l,Root,f__C,g__C7,s__C7l
s__C7m,g__C7,rank_2,s__C7m,Root,f__C,g__C7,s__C7m
s__C7n,g__C7,rank_2,s__C7n,Root,f__C,g__C7,s__C7n
s__C7o,g__C7,rank_2,s__C7o,Root,f__C,g__C7,s__C7o
s__C7p,g__C7,rank_2,s__C7p,Root,f__C,g__C7,s__C7p
s__C7q,g__C7,rank_2,s__C7q,Root,f__C,g__C7,s__C7q
s__C7r,g__C7,rank_2,s__C7r,Root,f__C,g__C7,s__C7r
s__C7t,g__C7,rank_2,s__C7t,Root,f__C,g__C7,s__C7t
s__C7u,g__C7,rank_2,s__C7u,Root,f__C,g__C7,s__C7u
s__C7v,g__C7,rank_2,s__C7v,Root,f__C,g__C7,s__C7v
s__C7w,g__C7,rank_2,s__C7w,Root,f__C,g__C7,s__C7w
s__C7y,g__C7,rank_2,s__C7y,Root,f__C,g__C7,s__C7y
s__C7z,g__C7,rank_2,s__C7z,Root,f__C,g__C7,s__C7z
g__C80,f__C,rank_1,g__C80,Root,f__C,g__C80,
s__C80,g__C80,rank_2,s__C80,Root,f__C,g__C80,s__C80
s__C80a,g__C80,rank_2,s__C80a,Root,f__C,g__C80,s__C80a
g__C81,f__C,rank_1,g__C81,Root,f__C,g__C81,
s__C81,g__C81,rank_2,s__C81,Root,f__C,g__C81,s__C81
g__C82,f__C,rank_1,g__C82,Root,f__C,g__C82,
s__C82,g__C82,rank_2,s__C82,Root,f__C,g__C82,s__C82
g__C83,f__C,rank_1,g__C83,Root,f__C,g__C83,
s__C83,g__C83,rank_2,s__C83,Root,f__C,g__C83,s__C83
s__C83a,g__C83,rank_2,s__C83a,Root,f__C,g__C83,s__C83a
s__C83b,g__C83,rank_2,s__C83b,Root,f__C,g__C83,s__C83b
g__C84,f__C,rank_1,g__C84,Root,f__C,g__C84,
s__C84,g__C84,rank_2,s__C84,Root,f__C,g__C84,s__C84
s__C84a,g__C84,rank_2,s__C84a,Root,f__C,g__C84,s__C84a
g__C86,f__C,rank_1,g__C86,Root,f__C,g__C86,
s__C86,g__C86,rank_2,s__C86,Root,f__C,g__C86,s__C86
g__C87,f__C,rank_1,g__C87,Root,f__C,g__C87,
s__C87,g__C87,rank_2,s__C87,Root,f__C,g__C87,s__C87
s__C87b,g__C87,rank_2,s__C87b,Root,f__C,g__C87,s__C87b
g__C89,f__C,rank_1,g__C89,Root,f__C,g__C89,
s__C89,g__C89,rank_2,s__C89,Root,f__C,g__C89,s__C89
s__C89a,g__C89,rank_2,s__C89a,Root,f__C,g__C89,s__C89a
s__C89c,g__C89,rank_2,s__C89c,Root,f__C,g__C89,s__C89c
s__C89d,g__C89,rank_2,s__C89d,Root,f__C,g__C89,s__C89d
s__C89e,g__C89,rank_2,s__C89e,Root,f__C,g__C89,s__C89e
s__C89f,g__C89,rank_2,s__C89f,Root,f__C,g__C89,s__C89f
s__C89g,g__C89,rank_2,s__C89g,Root,f__C,g__C89,s__C89g
g__C8,f__C,rank_1,g__C8,Root,f__C,g__C8,
s__C8a,g__C8,rank_2,s__C8a,Root,f__C,g__C8,s__C8a
s__C8b,g__C8,rank_2,s__C8b,Root,f__C,g__C8,s__C8b
s__C8c,g__C8,rank_2,s__C8c,Root,f__C,g__C8,s__C8c
s__C8d,g__C8,rank_2,s__C8d,Root,f__C,g__C8,s__C8d
s__C8e,g__C8,rank_2,s__C8e,Root,f__C,g__C8,s__C8e
s__C8f,g__C8,rank_2,s__C8f,Root,f__C,g__C8,s__C8f
s__C8g,g__C8,rank_2,s__C8g,Root,f__C,g__C8,s__C8g
s__C8h,g__C8,rank_2,s__C8h,Root,f__C,g__C8,s__C8h
s__C8i,g__C8,rank_2,s__C8i,Root,f__C,g__C8,s__C8i
s__C8j,g__C8,rank_2,s__C8j,Root,f__C,g__C8,s__C8j
s__C8k,g__C8,rank_2,s__C8k,Root,f__C,g__C8,s__C8k
s__C8l,g__C8,rank_2,s__C8l,Root,f__C,g__C8,s__C8l
s__C8m,g__C8,rank_2,s__C8m,Root,f__C,g__C8,s__C8m
s__C8n,g__C8,rank_2,s__C8n,Root,f__C,g__C8,s__C8n
s__C8o,g__C8,rank_2,s__C8o,Root,f__C,g__C8,s__C8o
s__C8p,g__C8,rank_2,s__C8p,Root,f__C,g__C8,s__C8p
s__C8q,g__C8,rank_2,s__C8q,Root,f__C,g__C8,s__C8q
s__C8r,g__C8,rank_2,s__C8r,Root,f__C,g__C8,s__C8r
s__C8s,g__C8,rank_2,s__C8s,Root,f__C,g__C8,s__C8s
s__C8t,g__C8,rank_2,s__C8t,Root,f__C,g__C8,s__C8t
g__C9,f__C,rank_1,g__C9,Root,f__C,g__C9,
s__C9,g__C9,rank_2,s__C9,Root,f__C,g__C9,s__C9
g__C91,f__C,rank_1,g__C91,Root,f__C,g__C91,
s__C91a,g__C91,rank_2,s__C91a,Root,f__C,g__C91,s__C91a
s__C91b,g__C91,rank_2,s__C91b,Root,f__C,g__C91,s__C91b
s__C91c,g__C91,rank_2,s__C91c,Root,f__C,g__C91,s__C91c
s__C91d,g__C91,rank_2,s__C91d,Root,f__C,g__C91,s__C91d
s__C91e,g__C91,rank_2,s__C91e,Root,f__C,g__C91,s__C91e
s__C91f,g__C91,rank_2,s__C91f,Root,f__C,g__C91,s__C91f
s__C91g,g__C91,rank_2,s__C91g,Root,f__C,g__C91,s__C91g
s__C91h,g__C91,rank_2,s__C91h,Root,f__C,g__C91,s__C91h
s__C91i,g__C91,rank_2,s__C91i,Root,f__C,g__C91,s__C91i
s__C91j,g__C91,rank_2,s__C91j,Root,f__C,g__C91,s__C91j
s__C91k,g__C91,rank_2,s__C91k,Root,f__C,g__C91,s__C91k
s__C91l,g__C91,rank_2,s__C91l,Root,f__C,g__C91,s__C91l
s__C91m,g__C91,rank_2,s__C91m,Root,f__C,g__C91,s__C91m
s__C91n,g__C91,rank_2,s__C91n,Root,f__C,g__C91,s__C91n
s__C91o,g__C91,rank_2,s__C91o,Root,f__C,g__C91,s__C91o
s__C91p,g__C91,rank_2,s__C91p,Root,f__C,g__C91,s__C91p
s__C91q,g__C91,rank_2,s__C91q,Root,f__C,g__C91,s__C91q
s__C91r,g__C91,rank_2,s__C91r,Root,f__C,g__C91,s__C91r
s__C91s,g__C91,rank_2,s__C91s,Root,f__C,g__C91,s__C91s
g__C92,f__C,rank_1,g__C92,Root,f__C,g__C92,
s__C92,g__C92,rank_2,s__C92,Root,f__C,g__C92,s__C92
s__C92a,g__C92,rank_2,s__C92a,Root,f__C,g__C92,s__C92a
s__C92b,g__C92,rank_2,s__C92b,Root,f__C,g__C92,s__C92b
s__C92c,g__C92,rank_2,s__C92c,Root,f__C,g__C92,s__C92c
s__C92d,g__C92,rank_2,s__C92d,Root,f__C,g__C92,s__C92d
g__C93,f__C,rank_1,g__C93,Root,f__C,g__C93,
s__C93.1,g__C93,rank_2,s__C93.1,Root,f__C,g__C93,s__C93.1
s__C93a,g__C93,rank_2,s__C93a,Root,f__C,g__C93,s__C93a
s__C93aa,g__C93,rank_2,s__C93aa,Root,f__C,g__C93,s__C93aa
s__C93ab,g__C93,rank_2,s__C93ab,Root,f__C,g__C93,s__C93ab
s__C93ac,g__C93,rank_2,s__C93ac,Root,f__C,g__C93,s__C93ac
s__C93ad,g__C93,rank_2,s__C93ad,Root,f__C,g__C93,s__C93ad
s__C93ae,g__C93,rank_2,s__C93ae,Root,f__C,g__C93,s__C93ae
s__C93b,g__C93,rank_2,s__C93b,Root,f__C,g__C93,s__C93b
s__C93c,g__C93,rank_2,s__C93c,Root,f__C,g__C93,s__C93c
s__C93d,g__C93,rank_2,s__C93d,Root,f__C,g__C93,s__C93d
s__C93e,g__C93,rank_2,s__C93e,Root,f__C,g__C93,s__C93e
s__C93f,g__C93,rank_2,s__C93f,Root,f__C,g__C93,s__C93f
s__C93g,g__C93,rank_2,s__C93g,Root,f__C,g__C93,s__C93g
s__C93h,g__C93,rank_2,s__C93h,Root,f__C,g__C93,s__C93h
s__C93i,g__C93,rank_2,s__C93i,Root,f__C,g__C93,s__C93i
s__C93j,g__C93,rank_2,s__C93j,Root,f__C,g__C93,s__C93j
s__C93k,g__C93,rank_2,s__C93k,Root,f__C,g__C93,s__C93k
s__C93m,g__C93,rank_2,s__C93m,Root,f__C,g__C93,s__C93m
s__C93n,g__C93,rank_2,s__C93n,Root,f__C,g__C93,s__C93n
s__C93p,g__C93,rank_2,s__C93p,Root,f__C,g__C93,s__C93p
s__C93q,g__C93,rank_2,s__C93q,Root,f__C,g__C93,s__C93q
s__C93r,g__C93,rank_2,s__C93r,Root,f__C,g__C93,s__C93r
s__C93s,g__C93,rank_2,s__C93s,Root,f__C,g__C93,s__C93s
s__C93t,g__C93,rank_2,s__C93t,Root,f__C,g__C93,s__C93t
s__C93u,g__C93,rank_2,s__C93u,Root,f__C,g__C93,s__C93u
s__C93v,g__C93,rank_2,s__C93v,Root,f__C,g__C93,s__C93v
s__C93w,g__C93,rank_2,s__C93w,Root,f__C,g__C93,s__C93w
s__C93x,g__C93,rank_2,s__C93x,Root,f__C,g__C93,s__C93x
s__C93y,g__C93,rank_2,s__C93y,Root,f__C,g__C93,s__C93y
s__C93z,g__C93,rank_2,s__C93z,Root,f__C,g__C93,s__C93z
g__C94,f__C,rank_1,g__C94,Root,f__C,g__C94,
s__C94,g__C94,rank_2,s__C94,Root,f__C,g__C94,s__C94
s__C94a,g__C94,rank_2,s__C94a,Root,f__C,g__C94,s__C94a
g__C96,f__C,rank_1,g__C96,Root,f__C,g__C96,
s__C96,g__C96,rank_2,s__C96,Root,f__C,g__C96,s__C96
s__C9a,g__C9,rank_2,s__C9a,Root,f__C,g__C9,s__C9a
s__C9b,g__C9,rank_2,s__C9b,Root,f__C,g__C9,s__C9b
s__C9c,g__C9,rank_2,s__C9c,Root,f__C,g__C9,s__C9c
f__D,Root,rank_0,f__D,Root,f__D,,
g__D10,f__D,rank_1,g__D10,Root,f__D,g__D10,
s__D10,g__D10,rank_2,s__D10,Root,f__D,g__D10,s__D10
s__D10a,g__D10,rank_2,s__D10a,Root,f__D,g__D10,s__D10a
s__D10b,g__D10,rank_2,s__D10b,Root,f__D,g__D10,s__D10b
s__D10c,g__D10,rank_2,s__D10c,Root,f__D,g__D10,s__D10c
s__D10d,g__D10,rank_2,s__D10d,Root,f__D,g__D10,s__D10d
s__D10e,g__D10,rank_2,s__D10e,Root,f__D,g__D10,s__D10e
s__D10f,g__D10,rank_2,s__D10f,Root,f__D,g__D10,s__D10f
g__D12,f__D,rank_1,g__D12,Root,f__D,g__D12,
s__D12,g__D12,rank_2,s__D12,Root,f__D,g__D12,s__D12
s__D12a,g__D12,rank_2,s__D12a,Root,f__D,g__D12,s__D12a
g__D13,f__D,rank_1,g__D13,Root,f__D,g__D13,
s__D13,g__D13,rank_2,s__D13,Root,f__D,g__D13,s__D13
s__D13a,g__D13,rank_2,s__D13a,Root,f__D,g__D13,s__D13a
g__D15,f__D,rank_1,g__D15,Root,f__D,g__D15,
s__D15,g__D15,rank_2,s__D15,Root,f__D,g__D15,s__D15
s__D15a,g__D15,rank_2,s__D15a,Root,f__D,g__D15,s__D15a
g__D17,f__D,rank_1,g__D17,Root,f__D,g__D17,
s__D17,g__D17,rank_2,s__D17,Root,f__D,g__D17,s__D17
s__D17a,g__D17,rank_2,s__D17a,Root,f__D,g__D17,s__D17a
s__D17aa,g__D17,rank_2,s__D17aa,Root,f__D,g__D17,s__D17aa
s__D17ab,g__D17,rank_2,s__D17ab,Root,f__D,g__D17,s__D17ab
s__D17ac,g__D17,rank_2,s__D17ac,Root,f__D,g__D17,s__D17ac
s__D17ad,g__D17,rank_2,s__D17ad,Root,f__D,g__D17,s__D17ad
s__D17af,g__D17,rank_2,s__D17af,Root,f__D,g__D17,s__D17af
s__D17ag,g__D17,rank_2,s__D17ag,Root,f__D,g__D17,s__D17ag
s__D17ah,g__D17,rank_2,s__D17ah,Root,f__D,g__D17,s__D17ah
s__D17aj,g__D17,rank_2,s__D17aj,Root,f__D,g__D17,s__D17aj
s__D17ak,g__D17,rank_2,s__D17ak,Root,f__D,g__D17,s__D17ak
s__D17an,g__D17,rank_2,s__D17an,Root,f__D,g__D17,s__D17an
s__D17aq,g__D17,rank_2,s__D17aq,Root,f__D,g__D17,s__D17aq
s__D17ar,g__D17,rank_2,s__D17ar,Root,f__D,g__D17,s__D17ar
s__D17as,g__D17,rank_2,s__D17as,Root,f__D,g__D17,s__D17as
s__D17at,g__D17,rank_2,s__D17at,Root,f__D,g__D17,s__D17at
s__D17au,g__D17,rank_2,s__D17au,Root,f__D,g__D17,s__D17au
s__D17av,g__D17,rank_2,s__D17av,Root,f__D,g__D17,s__D17av
s__D17aw,g__D17,rank_2,s__D17aw,Root,f__D,g__D17,s__D17aw
s__D17ax,g__D17,rank_2,s__D17ax,Root,f__D,g__D17,s__D17ax
s__D17ay,g__D17,rank_2,s__D17ay,Root,f__D,g__D17,s__D17ay
s__D17az,g__D17,rank_2,s__D17az,Root,f__D,g__D17,s__D17az
s__D17b,g__D17,rank_2,s__D17b,Root,f__D,g__D17,s__D17b
s__D17ba,g__D17,rank_2,s__D17ba,Root,f__D,g__D17,s__D17ba
s__D17c,g__D17,rank_2,s__D17c,Root,f__D,g__D17,s__D17c
s__D17d,g__D17,rank_2,s__D17d,Root,f__D,g__D17,s__D17d
s__D17e,g__D17,rank_2,s__D17e,Root,f__D,g__D17,s__D17e
s__D17f,g__D17,rank_2,s__D17f,Root,f__D,g__D17,s__D17f
s__D17g,g__D17,rank_2,s__D17g,Root,f__D,g__D17,s__D17g
s__D17h,g__D17,rank_2,s__D17h,Root,f__D,g__D17,s__D17h
s__D17i,g__D17,rank_2,s__D17i,Root,f__D,g__D17,s__D17i
s__D17m,g__D17,rank_2,s__D17m,Root,f__D,g__D17,s__D17m
s__D17n,g__D17,rank_2,s__D17n,Root,f__D,g__D17,s__D17n
s__D17p,g__D17,rank_2,s__D17p,Root,f__D,g__D17,s__D17p
s__D17q,g__D17,rank_2,s__D17q,Root,f__D,g__D17,s__D17q
s__D17r,g__D17,rank_2,s__D17r,Root,f__D,g__D17,s__D17r
s__D17s,g__D17,rank_2,s__D17s,Root,f__D,g__D17,s__D17s
s__D17t,g__D17,rank_2,s__D17t,Root,f__D,g__D17,s__D17t
s__D17u,g__D17,rank_2,s__D17u,Root,f__D,g__D17,s__D17u
s__D17v,g__D17,rank_2,s__D17v,Root,f__D,g__D17,s__D17v
s__D17w,g__D17,rank_2,s__D17w,Root,f__D,g__D17,s__D17w
s__D17y,g__D17,rank_2,s__D17y,Root,f__D,g__D17,s__D17y
s__D17z,g__D17,rank_2,s__D17z,Root,f__D,g__D17,s__D17z
g__D1,f__D,rank_1,g__D1,Root,f__D,g__D1,
s__D1aa,g__D1,rank_2,s__D1aa,Root,f__D,g__D1,s__D1aa
s__D1ac,g__D1,rank_2,s__D1ac,Root,f__D,g__D1,s__D1ac
s__D1ad,g__D1,rank_2,s__D1ad,Root,f__D,g__D1,s__D1ad
s__D1ae,g__D1,rank_2,s__D1ae,Root,f__D,g__D1,s__D1ae
s__D1aj,g__D1,rank_2,s__D1aj,Root,f__D,g__D1,s__D1aj
s__D1ak,g__D1,rank_2,s__D1ak,Root,f__D,g__D1,s__D1ak
s__D1am,g__D1,rank_2,s__D1am,Root,f__D,g__D1,s__D1am
s__D1an,g__D1,rank_2,s__D1an,Root,f__D,g__D1,s__D1an
s__D1ao,g__D1,rank_2,s__D1ao,Root,f__D,g__D1,s__D1ao
s__D1ap,g__D1,rank_2,s__D1ap,Root,f__D,g__D1,s__D1ap
s__D1aq,g__D1,rank_2,s__D1aq,Root,f__D,g__D1,s__D1aq
s__D1at,g__D1,rank_2,s__D1at,Root,f__D,g__D1,s__D1at
s__D1au,g__D1,rank_2,s__D1au,Root,f__D,g__D1,s__D1au
s__D1av,g__D1,rank_2,s__D1av,Root,f__D,g__D1,s__D1av
s__D1aw,g__D1,rank_2,s__D1aw,Root,f__D,g__D1,s__D1aw
s__D1ax,g__D1,rank_2,s__D1ax,Root,f__D,g__D1,s__D1ax
s__D1ay,g__D1,rank_2,s__D1ay,Root,f__D,g__D1,s__D1ay
s__D1az,g__D1,rank_2,s__D1az,Root,f__D,g__D1,s__D1az
s__D1b,g__D1,rank_2,s__D1b,Root,f__D,g__D1,s__D1b
s__D1ba,g__D1,rank_2,s__D1ba,Root,f__D,g__D1,s__D1ba
s__D1bb,g__D1,rank_2,s__D1bb,Root,f__D,g__D1,s__D1bb
s__D1bc,g__D1,rank_2,s__D1bc,Root,f__D,g__D1,s__D1bc
s__D1bd,g__D1,rank_2,s__D1bd,Root,f__D,g__D1,s__D1bd
s__D1be,g__D1,rank_2,s__D1be,Root,f__D,g__D1,s__D1be
s__D1bf,g__D1,rank_2,s__D1bf,Root,f__D,g__D1,s__D1bf
s__D1bg,g__D1,rank_2,s__D1bg,Root,f__D,g__D1,s__D1bg
s__D1bh,g__D1,rank_2,s__D1bh,Root,f__D,g__D1,s__D1bh
s__D1bi,g__D1,rank_2,s__D1bi,Root,f__D,g__D1,s__D1bi
s__D1bj,g__D1,rank_2,s__D1bj,Root,f__D,g__D1,s__D1bj
s__D1bl,g__D1,rank_2,s__D1bl,Root,f__D,g__D1,s__D1bl
s__D1bm,g__D1,rank_2,s__D1bm,Root,f__D,g__D1,s__D1bm
s__D1bn,g__D1,rank_2,s__D1bn,Root,f__D,g__D1,s__D1bn
s__D1br,g__D1,rank_2,s__D1br,Root,f__D,g__D1,s__D1br
s__D1bs,g__D1,rank_2,s__D1bs,Root,f__D,g__D1,s__D1bs
s__D1bt,g__D1,rank_2,s__D1bt,Root,f__D,g__D1,s__D1bt
s__D1bu,g__D1,rank_2,s__D1bu,Root,f__D,g__D1,s__D1bu
s__D1bw,g__D1,rank_2,s__D1bw,Root,f__D,g__D1,s__D1bw
s__D1bx,g__D1,rank_2,s__D1bx,Root,f__D,g__D1,s__D1bx
s__D1by,g__D1,rank_2,s__D1by,Root,f__D,g__D1,s__D1by
s__D1bz,g__D1,rank_2,s__D1bz,Root,f__D,g__D1,s__D1bz
s__D1ca,g__D1,rank_2,s__D1ca,Root,f__D,g__D1,s__D1ca
s__D1cb,g__D1,rank_2,s__D1cb,Root,f__D,g__D1,s__D1cb
s__D1cc,g__D1,rank_2,s__D1cc,Root,f__D,g__D1,s__D1cc
s__D1cd,g__D1,rank_2,s__D1cd,Root,f__D,g__D1,s__D1cd
s__D1ce,g__D1,rank_2,s__D1ce,Root,f__D,g__D1,s__D1ce
s__D1cf,g__D1,rank_2,s__D1cf,Root,f__D,g__D1,s__D1cf
s__D1cg,g__D1,rank_2,s__D1cg,Root,f__D,g__D1,s__D1cg
s__D1ch,g__D1,rank_2,s__D1ch,Root,f__D,g__D1,s__D1ch
s__D1ci,g__D1,rank_2,s__D1ci,Root,f__D,g__D1,s__D1ci
s__D1cm,g__D1,rank_2,s__D1cm,Root,f__D,g__D1,s__D1cm
s__D1cn,g__D1,rank_2,s__D1cn,Root,f__D,g__D1,s__D1cn
s__D1co,g__D1,rank_2,s__D1co,Root,f__D,g__D1,s__D1co
s__D1cp,g__D1,rank_2,s__D1cp,Root,f__D,g__D1,s__D1cp
s__D1cq,g__D1,rank_2,s__D1cq,Root,f__D,g__D1,s__D1cq
s__D1cs,g__D1,rank_2,s__D1cs,Root,f__D,g__D1,s__D1cs
s__D1ct,g__D1,rank_2,s__D1ct,Root,f__D,g__D1,s__D1ct
s__D1cu,g__D1,rank_2,s__D1cu,Root,f__D,g__D1,s__D1cu
s__D1cx,g__D1,rank_2,s__D1cx,Root,f__D,g__D1,s__D1cx
s__D1cy,g__D1,rank_2,s__D1cy,Root,f__D,g__D1,s__D1cy
s__D1cz,g__D1,rank_2,s__D1cz,Root,f__D,g__D1,s__D1cz
s__D1d,g__D1,rank_2,s__D1d,Root,f__D,g__D1,s__D1d
s__D1da,g__D1,rank_2,s__D1da,Root,f__D,g__D1,s__D1da
s__D1db,g__D1,rank_2,s__D1db,Root,f__D,g__D1,s__D1db
s__D1dc,g__D1,rank_2,s__D1dc,Root,f__D,g__D1,s__D1dc
s__D1dd,g__D1,rank_2,s__D1dd,Root,f__D,g__D1,s__D1dd
s__D1de,g__D1,rank_2,s__D1de,Root,f__D,g__D1,s__D1de
s__D1df,g__D1,rank_2,s__D1df,Root,f__D,g__D1,s__D1df
s__D1dk,g__D1,rank_2,s__D1dk,Root,f__D,g__D1,s__D1dk
s__D1dl,g__D1,rank_2,s__D1dl,Root,f__D,g__D1,s__D1dl
s__D1dn,g__D1,rank_2,s__D1dn,Root,f__D,g__D1,s__D1dn
s__D1do,g__D1,rank_2,s__D1do,Root,f__D,g__D1,s__D1do
s__D1dp,g__D1,rank_2,s__D1dp,Root,f__D,g__D1,s__D1dp
s__D1dq,g__D1,rank_2,s__D1dq,Root,f__D,g__D1,s__D1dq
s__D1dr,g__D1,rank_2,s__D1dr,Root,f__D,g__D1,s__D1dr
s__D1ds,g__D1,rank_2,s__D1ds,Root,f__D,g__D1,s__D1ds
s__D1dt,g__D1,rank_2,s__D1dt,Root,f__D,g__D1,s__D1dt
s__D1dv,g__D1,rank_2,s__D1dv,Root,f__D,g__D1,s__D1dv
s__D1dw,g__D1,rank_2,s__D1dw,Root,f__D,g__D1,s__D1dw
s__D1dy,g__D1,rank_2,s__D1dy,Root,f__D,g__D1,s__D1dy
s__D1dz,g__D1,rank_2,s__D1dz,Root,f__D,g__D1,s__D1dz
s__D1e,g__D1,rank_2,s__D1e,Root,f__D,g__D1,s__D1e
s__D1ea,g__D1,rank_2,s__D1ea,Root,f__D,g__D1,s__D1ea
s__D1eb,g__D1,rank_2,s__D1eb,Root,f__D,g__D1,s__D1eb
s__D1ed,g__D1,rank_2,s__D1ed,Root,f__D,g__D1,s__D1ed
s__D1ee,g__D1,rank_2,s__D1ee,Root,f__D,g__D1,s__D1ee
s__D1eg,g__D1,rank_2,s__D1eg,Root,f__D,g__D1,s__D1eg
s__D1eh,g__D1,rank_2,s__D1eh,Root,f__D,g__D1,s__D1eh
s__D1ei,g__D1,rank_2,s__D1ei,Root,f__D,g__D1,s__D1ei
s__D1ej,g__D1,rank_2,s__D1ej,Root,f__D,g__D1,s__D1ej
s__D1ek,g__D1,rank_2,s__D1ek,Root,f__D,g__D1,s__D1ek
s__D1el,g__D1,rank_2,s__D1el,Root,f__D,g__D1,s__D1el
s__D1en,g__D1,rank_2,s__D1en,Root,f__D,g__D1,s__D1en
s__D1eo,g__D1,rank_2,s__D1eo,Root,f__D,g__D1,s__D1eo
s__D1eq,g__D1,rank_2,s__D1eq,Root,f__D,g__D1,s__D1eq
s__D1er,g__D1,rank_2,s__D1er,Root,f__D,g__D1,s__D1er
s__D1et,g__D1,rank_2,s__D1et,Root,f__D,g__D1,s__D1et
s__D1eu,g__D1,rank_2,s__D1eu,Root,f__D,g__D1,s__D1eu
s__D1ev,g__D1,rank_2,s__D1ev,Root,f__D,g__D1,s__D1ev
s__D1ew,g__D1,rank_2,s__D1ew,Root,f__D,g__D1,s__D1ew
s__D1ex,g__D1,rank_2,s__D1ex,Root,f__D,g__D1,s__D1ex
s__D1ey,g__D1,rank_2,s__D1ey,Root,f__D,g__D1,s__D1ey
s__D1ez,g__D1,rank_2,s__D1ez,Root,f__D,g__D1,s__D1ez
s__D1f,g__D1,rank_2,s__D1f,Root,f__D,g__D1,s__D1f
s__D1fb,g__D1,rank_2,s__D1fb,Root,f__D,g__D1,s__D1fb
s__D1fc,g__D1,rank_2,s__D1fc,Root,f__D,g__D1,s__D1fc
s__D1fe,g__D1,rank_2,s__D1fe,Root,f__D,g__D1,s__D1fe
s__D1ff,g__D1,rank_2,s__D1ff,Root,f__D,g__D1,s__D1ff
s__D1fg,g__D1,rank_2,s__D1fg,Root,f__D,g__D1,s__D1fg
s__D1fh,g__D1,rank_2,s__D1fh,Root,f__D,g__D1,s__D1fh
s__D1fi,g__D1,rank_2,s__D1fi,Root,f__D,g__D1,s__D1fi
s__D1fj,g__D1,rank_2,s__D1fj,Root,f__D,g__D1,s__D1fj
s__D1fl,g__D1,rank_2,s__D1fl,Root,f__D,g__D1,s__D1fl
s__D1fm,g__D1,rank_2,s__D1fm,Root,f__D,g__D1,s__D1fm
s__D1fn,g__D1,rank_2,s__D1fn,Root,f__D,g__D1,s__D1fn
s__D1fo,g__D1,rank_2,s__D1fo,Root,f__D,g__D1,s__D1fo
s__D1fp,g__D1,rank_2,s__D1fp,Root,f__D,g__D1,s__D1fp
s__D1fr,g__D1,rank_2,s__D1fr,Root,f__D,g__D1,s__D1fr
s__D1fx,g__D1,rank_2,s__D1fx,Root,f__D,g__D1,s__D1fx
s__D1fz,g__D1,rank_2,s__D1fz,Root,f__D,g__D1,s__D1fz
s__D1g,g__D1,rank_2,s__D1g,Root,f__D,g__D1,s__D1g
s__D1ga,g__D1,rank_2,s__D1ga,Root,f__D,g__D1,s__D1ga
s__D1gb,g__D1,rank_2,s__D1gb,Root,f__D,g__D1,s__D1gb
s__D1gf,g__D1,rank_2,s__D1gf,Root,f__D,g__D1,s__D1gf
s__D1gg,g__D1,rank_2,s__D1gg,Root,f__D,g__D1,s__D1gg
s__D1gi,g__D1,rank_2,s__D1gi,Root,f__D,g__D1,s__D1gi
s__D1gj,g__D1,rank_2,s__D1gj,Root,f__D,g__D1,s__D1gj
s__D1gk,g__D1,rank_2,s__D1gk,Root,f__D,g__D1,s__D1gk
s__D1gl,g__D1,rank_2,s__D1gl,Root,f__D,g__D1,s__D1gl
s__D1gm,g__D1,rank_2,s__D1gm,Root,f__D,g__D1,s__D1gm
s__D1gn,g__D1,rank_2,s__D1gn,Root,f__D,g__D1,s__D1gn
s__D1go,g__D1,rank_2,s__D1go,Root,f__D,g__D1,s__D1go
s__D1gq,g__D1,rank_2,s__D1gq,Root,f__D,g__D1,s__D1gq
s__D1gu,g__D1,rank_2,s__D1gu,Root,f__D,g__D1,s__D1gu
s__D1gv,g__D1,rank_2,s__D1gv,Root,f__D,g__D1,s__D1gv
s__D1gw,g__D1,rank_2,s__D1gw,Root,f__D,g__D1,s__D1gw
s__D1gx,g__D1,rank_2,s__D1gx,Root,f__D,g__D1,s__D1gx
s__D1gy,g__D1,rank_2,s__D1gy,Root,f__D,g__D1,s__D1gy
s__D1gz,g__D1,rank_2,s__D1gz,Root,f__D,g__D1,s__D1gz
s__D1ha,g__D1,rank_2,s__D1ha,Root,f__D,g__D1,s__D1ha
s__D1hb,g__D1,rank_2,s__D1hb,Root,f__D,g__D1,s__D1hb
s__D1he,g__D1,rank_2,s__D1he,Root,f__D,g__D1,s__D1he
s__D1hf,g__D1,rank_2,s__D1hf,Root,f__D,g__D1,s__D1hf
s__D1hi,g__D1,rank_2,s__D1hi,Root,f__D,g__D1,s__D1hi
s__D1hk,g__D1,rank_2,s__D1hk,Root,f__D,g__D1,s__D1hk
s__D1hl,g__D1,rank_2,s__D1hl,Root,f__D,g__D1,s__D1hl
s__D1hm,g__D1,rank_2,s__D1hm,Root,f__D,g__D1,s__D1hm
s__D1hn,g__D1,rank_2,s__D1hn,Root,f__D,g__D1,s__D1hn
s__D1ho,g__D1,rank_2,s__D1ho,Root,f__D,g__D1,s__D1ho
s__D1hp,g__D1,rank_2,s__D1hp,Root,f__D,g__D1,s__D1hp
s__D1hu,g__D1,rank_2,s__D1hu,Root,f__D,g__D1,s__D1hu
s__D1hv,g__D1,rank_2,s__D1hv,Root,f__D,g__D1,s__D1hv
s__D1hx,g__D1,rank_2,s__D1hx,Root,f__D,g__D1,s__D1hx
s__D1hy,g__D1,rank_2,s__D1hy,Root,f__D,g__D1,s__D1hy
s__D1hz,g__D1,rank_2,s__D1hz,Root,f__D,g__D1,s__D1hz
s__D1i,g__D1,rank_2,s__D1i,Root,f__D,g__D1,s__D1i
s__D1ib,g__D1,rank_2,s__D1ib,Root,f__D,g__D1,s__D1ib
s__D1ic,g__D1,rank_2,s__D1ic,Root,f__D,g__D1,s__D1ic
s__D1ie,g__D1,rank_2,s__D1ie,Root,f__D,g__D1,s__D1ie
s__D1ig,g__D1,rank_2,s__D1ig,Root,f__D,g__D1,s__D1ig
s__D1ih,g__D1,rank_2,s__D1ih,Root,f__D,g__D1,s__D1ih
s__D1ii,g__D1,rank_2,s__D1ii,Root,f__D,g__D1,s__D1ii
s__D1ij,g__D1,rank_2,s__D1ij,Root,f__D,g__D1,s__D1ij
s__D1il,g__D1,rank_2,s__D1il,Root,f__D,g__D1,s__D1il
s__D1in,g__D1,rank_2,s__D1in,Root,f__D,g__D1,s__D1in
s__D1ip,g__D1,rank_2,s__D1ip,Root,f__D,g__D1,s__D1ip
s__D1iq,g__D1,rank_2,s__D1iq,Root,f__D,g__D1,s__D1iq
s__D1ir,g__D1,rank_2,s__D1ir,Root,f__D,g__D1,s__D1ir
s__D1iu,g__D1,rank_2,s__D1iu,Root,f__D,g__D1,s__D1iu
s__D1iv,g__D1,rank_2,s__D1iv,Root,f__D,g__D1,s__D1iv
s__D1iw,g__D1,rank_2,s__D1iw,Root,f__D,g__D1,s__D1iw
s__D1ix,g__D1,rank_2,s__D1ix,Root,f__D,g__D1,s__D1ix
s__D1iy,g__D1,rank_2,s__D1iy,Root,f__D,g__D1,s__D1iy
s__D1iz,g__D1,rank_2,s__D1iz,Root,f__D,g__D1,s__D1iz
s__D1j,g__D1,rank_2,s__D1j,Root,f__D,g__D1,s__D1j
s__D1ja,g__D1,rank_2,s__D1ja,Root,f__D,g__D1,s__D1ja
s__D1jb,g__D1,rank_2,s__D1jb,Root,f__D,g__D1,s__D1jb
s__D1jc,g__D1,rank_2,s__D1jc,Root,f__D,g__D1,s__D1jc
s__D1je,g__D1,rank_2,s__D1je,Root,f__D,g__D1,s__D1je
s__D1jf,g__D1,rank_2,s__D1jf,Root,f__D,g__D1,s__D1jf
s__D1jg,g__D1,rank_2,s__D1jg,Root,f__D,g__D1,s__D1jg
s__D1jh,g__D1,rank_2,s__D1jh,Root,f__D,g__D1,s__D1jh
s__D1jj,g__D1,rank_2,s__D1jj,Root,f__D,g__D1,s__D1jj
s__D1jl,g__D1,rank_2,s__D1jl,Root,f__D,g__D1,s__D1jl
s__D1jm,g__D1,rank_2,s__D1jm,Root,f__D,g__D1,s__D1jm
s__D1jo,g__D1,rank_2,s__D1jo,Root,f__D,g__D1,s__D1jo
s__D1jp,g__D1,rank_2,s__D1jp,Root,f__D,g__D1,s__D1jp
s__D1jq,g__D1,rank_2,s__D1jq,Root,f__D,g__D1,s__D1jq
s__D1jr,g__D1,rank_2,s__D1jr,Root,f__D,g__D1,s__D1jr
s__D1js,g__D1,rank_2,s__D1js,Root,f__D,g__D1,s__D1js
s__D1jt,g__D1,rank_2,s__D1jt,Root,f__D,g__D1,s__D1jt
s__D1ju,g__D1,rank_2,s__D1ju,Root,f__D,g__D1,s__D1ju
s__D1jw,g__D1,rank_2,s__D1jw,Root,f__D,g__D1,s__D1jw
s__D1jx,g__D1,rank_2,s__D1jx,Root,f__D,g__D1,s__D1jx
s__D1jy,g__D1,rank_2,s__D1jy,Root,f__D,g__D1,s__D1jy
s__D1jz,g__D1,rank_2,s__D1jz,Root,f__D,g__D1,s__D1jz
s__D1ka,g__D1,rank_2,s__D1ka,Root,f__D,g__D1,s__D1ka
s__D1kb,g__D1,rank_2,s__D1kb,Root,f__D,g__D1,s__D1kb
s__D1kc,g__D1,rank_2,s__D1kc,Root,f__D,g__D1,s__D1kc
s__D1kd,g__D1,rank_2,s__D1kd,Root,f__D,g__D1,s__D1kd
s__D1kf,g__D1,rank_2,s__D1kf,Root,f__D,g__D1,s__D1kf
s__D1kg,g__D1,rank_2,s__D1kg,Root,f__D,g__D1,s__D1kg
s__D1kh,g__D1,rank_2,s__D1kh,Root,f__D,g__D1,s__D1kh
s__D1ki,g__D1,rank_2,s__D1ki,Root,f__D,g__D1,s__D1ki
s__D1kk,g__D1,rank_2,s__D1kk,Root,f__D,g__D1,s__D1kk
s__D1kl,g__D1,rank_2,s__D1kl,Root,f__D,g__D1,s__D1kl
s__D1km,g__D1,rank_2,s__D1km,Root,f__D,g__D1,s__D1km
s__D1kp,g__D1,rank_2,s__D1kp,Root,f__D,g__D1,s__D1kp
s__D1kq,g__D1,rank_2,s__D1kq,Root,f__D,g__D1,s__D1kq
s__D1kr,g__D1,rank_2,s__D1kr,Root,f__D,g__D1,s__D1kr
s__D1kt,g__D1,rank_2,s__D1kt,Root,f__D,g__D1,s__D1kt
s__D1kv,g__D1,rank_2,s__D1kv,Root,f__D,g__D1,s__D1kv
s__D1kx,g__D1,rank_2,s__D1kx,Root,f__D,g__D1,s__D1kx
s__D1ky,g__D1,rank_2,s__D1ky,Root,f__D,g__D1,s__D1ky
s__D1kz,g__D1,rank_2,s__D1kz,Root,f__D,g__D1,s__D1kz
s__D1la,g__D1,rank_2,s__D1la,Root,f__D,g__D1,s__D1la
s__D1lb,g__D1,rank_2,s__D1lb,Root,f__D,g__D1,s__D1lb
s__D1lc,g__D1,rank_2,s__D1lc,Root,f__D,g__D1,s__D1lc
s__D1ld,g__D1,rank_2,s__D1ld,Root,f__D,g__D1,s__D1ld
s__D1le,g__D1,rank_2,s__D1le,Root,f__D,g__D1,s__D1le
s__D1lf,g__D1,rank_2,s__D1lf,Root,f__D,g__D1,s__D1lf
s__D1lg,g__D1,rank_2,s__D1lg,Root,f__D,g__D1,s__D1lg
s__D1lh,g__D1,rank_2,s__D1lh,Root,f__D,g__D1,s__D1lh
s__D1li,g__D1,rank_2,s__D1li,Root,f__D,g__D1,s__D1li
s__D1lj,g__D1,rank_2,s__D1lj,Root,f__D,g__D1,s__D1lj
s__D1lk,g__D1,rank_2,s__D1lk,Root,f__D,g__D1,s__D1lk
s__D1ll,g__D1,rank_2,s__D1ll,Root,f__D,g__D1,s__D1ll
s__D1lm,g__D1,rank_2,s__D1lm,Root,f__D,g__D1,s__D1lm
s__D1ln,g__D1,rank_2,s__D1ln,Root,f__D,g__D1,s__D1ln
s__D1lo,g__D1,rank_2,s__D1lo,Root,f__D,g__D1,s__D1lo
s__D1lp,g__D1,rank_2,s__D1lp,Root,f__D,g__D1,s__D1lp
s__D1lq,g__D1,rank_2,s__D1lq,Root,f__D,g__D1,s__D1lq
s__D1lr,g__D1,rank_2,s__D1lr,Root,f__D,g__D1,s__D1lr
s__D1ls,g__D1,rank_2,s__D1ls,Root,f__D,g__D1,s__D1ls
s__D1lt,g__D1,rank_2,s__D1lt,Root,f__D,g__D1,s__D1lt
s__D1lv,g__D1,rank_2,s__D1lv,Root,f__D,g__D1,s__D1lv
s__D1lw,g__D1,rank_2,s__D1lw,Root,f__D,g__D1,s__D1lw
s__D1lx,g__D1,rank_2,s__D1lx,Root,f__D,g__D1,s__D1lx
s__D1ly,g__D1,rank_2,s__D1ly,Root,f__D,g__D1,s__D1ly
s__D1lz,g__D1,rank_2,s__D1lz,Root,f__D,g__D1,s__D1lz
s__D1m,g__D1,rank_2,s__D1m,Root,f__D,g__D1,s__D1m
s__D1ma,g__D1,rank_2,s__D1ma,Root,f__D,g__D1,s__D1ma
s__D1mb,g__D1,rank_2,s__D1mb,Root,f__D,g__D1,s__D1mb
s__D1mc,g__D1,rank_2,s__D1mc,Root,f__D,g__D1,s__D1mc
s__D1md,g__D1,rank_2,s__D1md,Root,f__D,g__D1,s__D1md
s__D1mf,g__D1,rank_2,s__D1mf,Root,f__D,g__D1,s__D1mf
s__D1mg,g__D1,rank_2,s__D1mg,Root,f__D,g__D1,s__D1mg
s__D1mh,g__D1,rank_2,s__D1mh,Root,f__D,g__D1,s__D1mh
s__D1mi,g__D1,rank_2,s__D1mi,Root,f__D,g__D1,s__D1mi
s__D1mj,g__D1,rank_2,s__D1mj,Root,f__D,g__D1,s__D1mj
s__D1mk,g__D1,rank_2,s__D1mk,Root,f__D,g__D1,s__D1mk
s__D1ml,g__D1,rank_2,s__D1ml,Root,f__D,g__D1,s__D1ml
s__D1mm,g__D1,rank_2,s__D1mm,Root,f__D,g__D1,s__D1mm
s__D1mo,g__D1,rank_2,s__D1mo,Root,f__D,g__D1,s__D1mo
s__D1ms,g__D1,rank_2,s__D1ms,Root,f__D,g__D1,s__D1ms
s__D1mt,g__D1,rank_2,s__D1mt,Root,f__D,g__D1,s__D1mt
s__D1mu,g__D1,rank_2,s__D1mu,Root,f__D,g__D1,s__D1mu
s__D1mv,g__D1,rank_2,s__D1mv,Root,f__D,g__D1,s__D1mv
s__D1mw,g__D1,rank_2,s__D1mw,Root,f__D,g__D1,s__D1mw
s__D1mx,g__D1,rank_2,s__D1mx,Root,f__D,g__D1,s__D1mx
s__D1my,g__D1,rank_2,s__D1my,Root,f__D,g__D1,s__D1my
s__D1mz,g__D1,rank_2,s__D1mz,Root,f__D,g__D1,s__D1mz
s__D1na,g__D1,rank_2,s__D1na,Root,f__D,g__D1,s__D1na
s__D1nb,g__D1,rank_2,s__D1nb,Root,f__D,g__D1,s__D1nb
s__D1nc,g__D1,rank_2,s__D1nc,Root,f__D,g__D1,s__D1nc
s__D1nd,g__D1,rank_2,s__D1nd,Root,f__D,g__D1,s__D1nd
s__D1ne,g__D1,rank_2,s__D1ne,Root,f__D,g__D1,s__D1ne
s__D1nf,g__D1,rank_2,s__D1nf,Root,f__D,g__D1,s__D1nf
s__D1ng,g__D1,rank_2,s__D1ng,Root,f__D,g__D1,s__D1ng
s__D1nh,g__D1,rank_2,s__D1nh,Root,f__D,g__D1,s__D1nh
s__D1ni,g__D1,rank_2,s__D1ni,Root,f__D,g__D1,s__D1ni
s__D1nj,g__D1,rank_2,s__D1nj,Root,f__D,g__D1,s__D1nj
s__D1nk,g__D1,rank_2,s__D1nk,Root,f__D,g__D1,s__D1nk
s__D1nl,g__D1,rank_2,s__D1nl,Root,f__D,g__D1,s__D1nl
s__D1nm,g__D1,rank_2,s__D1nm,Root,f__D,g__D1,s__D1nm
s__D1nn,g__D1,rank_2,s__D1nn,Root,f__D,g__D1,s__D1nn
s__D1no,g__D1,rank_2,s__D1no,Root,f__D,g__D1,s__D1no
s__D1np,g__D1,rank_2,s__D1np,Root,f__D,g__D1,s__D1np
s__D1nq,g__D1,rank_2,s__D1nq,Root,f__D,g__D1,s__D1nq
s__D1nr,g__D1,rank_2,s__D1nr,Root,f__D,g__D1,s__D1nr
s__D1ns,g__D1,rank_2,s__D1ns,Root,f__D,g__D1,s__D1ns
s__D1nt,g__D1,rank_2,s__D1nt,Root,f__D,g__D1,s__D1nt
s__D1nu,g__D1,rank_2,s__D1nu,Root,f__D,g__D1,s__D1nu
s__D1nv,g__D1,rank_2,s__D1nv,Root,f__D,g__D1,s__D1nv
s__D1nw,g__D1,rank_2,s__D1nw,Root,f__D,g__D1,s__D1nw
s__D1nx,g__D1,rank_2,s__D1nx,Root,f__D,g__D1,s__D1nx
s__D1p,g__D1,rank_2,s__D1p,Root,f__D,g__D1,s__D1p
s__D1r,g__D1,rank_2,s__D1r,Root,f__D,g__D1,s__D1r
s__D1s,g__D1,rank_2,s__D1s,Root,f__D,g__D1,s__D1s
s__D1t,g__D1,rank_2,s__D1t,Root,f__D,g__D1,s__D1t
s__D1u,g__D1,rank_2,s__D1u,Root,f__D,g__D1,s__D1u
s__D1v,g__D1,rank_2,s__D1v,Root,f__D,g__D1,s__D1v
s__D1w,g__D1,rank_2,s__D1w,Root,f__D,g__D1,s__D1w
s__D1x,g__D1,rank_2,s__D1x,Root,f__D,g__D1,s__D1x
s__D1y,g__D1,rank_2,s__D1y,Root,f__D,g__D1,s__D1y
s__D1z,g__D1,rank_2,s__D1z,Root,f__D,g__D1,s__D1z
g__D2,f__D,rank_1,g__D2,Root,f__D,g__D2,
s__D2,g__D2,rank_2,s__D2,Root,f__D,g__D2,s__D2
s__D2.2,g__D2,rank_2,s__D2.2,Root,f__D,g__D2,s__D2.2
s__D2a,g__D2,rank_2,s__D2a,Root,f__D,g__D2,s__D2a
s__D2ab,g__D2,rank_2,s__D2ab,Root,f__D,g__D2,s__D2ab
s__D2ac,g__D2,rank_2,s__D2ac,Root,f__D,g__D2,s__D2ac
s__D2ad,g__D2,rank_2,s__D2ad,Root,f__D,g__D2,s__D2ad
s__D2ae,g__D2,rank_2,s__D2ae,Root,f__D,g__D2,s__D2ae
s__D2af,g__D2,rank_2,s__D2af,Root,f__D,g__D2,s__D2af
s__D2ag,g__D2,rank_2,s__D2ag,Root,f__D,g__D2,s__D2ag
s__D2ah,g__D2,rank_2,s__D2ah,Root,f__D,g__D2,s__D2ah
s__D2ai,g__D2,rank_2,s__D2ai,Root,f__D,g__D2,s__D2ai
s__D2aj,g__D2,rank_2,s__D2aj,Root,f__D,g__D2,s__D2aj
s__D2b,g__D2,rank_2,s__D2b,Root,f__D,g__D2,s__D2b
s__D2d,g__D2,rank_2,s__D2d,Root,f__D,g__D2,s__D2d
s__D2e,g__D2,rank_2,s__D2e,Root,f__D,g__D2,s__D2e
s__D2f,g__D2,rank_2,s__D2f,Root,f__D,g__D2,s__D2f
s__D2g,g__D2,rank_2,s__D2g,Root,f__D,g__D2,s__D2g
s__D2i,g__D2,rank_2,s__D2i,Root,f__D,g__D2,s__D2i
s__D2k,g__D2,rank_2,s__D2k,Root,f__D,g__D2,s__D2k
s__D2l,g__D2,rank_2,s__D2l,Root,f__D,g__D2,s__D2l
s__D2m,g__D2,rank_2,s__D2m,Root,f__D,g__D2,s__D2m
s__D2n,g__D2,rank_2,s__D2n,Root,f__D,g__D2,s__D2n
s__D2o,g__D2,rank_2,s__D2o,Root,f__D,g__D2,s__D2o
s__D2p,g__D2,rank_2,s__D2p,Root,f__D,g__D2,s__D2p
s__D2q,g__D2,rank_2,s__D2q,Root,f__D,g__D2,s__D2q
s__D2s,g__D2,rank_2,s__D2s,Root,f__D,g__D2,s__D2s
s__D2t,g__D2,rank_2,s__D2t,Root,f__D,g__D2,s__D2t
s__D2u,g__D2,rank_2,s__D2u,Root,f__D,g__D2,s__D2u
s__D2v,g__D2,rank_2,s__D2v,Root,f__D,g__D2,s__D2v
s__D2w,g__D2,rank_2,s__D2w,Root,f__D,g__D2,s__D2w
s__D2x,g__D2,rank_2,s__D2x,Root,f__D,g__D2,s__D2x
s__D2y,g__D2,rank_2,s__D2y,Root,f__D,g__D2,s__D2y
s__D2z,g__D2,rank_2,s__D2z,Root,f__D,g__D2,s__D2z
g__D3,f__D,rank_1,g__D3,Root,f__D,g__D3,
s__D3c,g__D3,rank_2,s__D3c,Root,f__D,g__D3,s__D3c
s__D3d,g__D3,rank_2,s__D3d,Root,f__D,g__D3,s__D3d
s__D3e,g__D3,rank_2,s__D3e,Root,f__D,g__D3,s__D3e
s__D3f,g__D3,rank_2,s__D3f,Root,f__D,g__D3,s__D3f
s__D3g,g__D3,rank_2,s__D3g,Root,f__D,g__D3,s__D3g
s__D3h,g__D3,rank_2,s__D3h,Root,f__D,g__D3,s__D3h
g__D4,f__D,rank_1,g__D4,Root,f__D,g__D4,
s__D4a,g__D4,rank_2,s__D4a,Root,f__D,g__D4,s__D4a
s__D4aa,g__D4,rank_2,s__D4aa,Root,f__D,g__D4,s__D4aa
s__D4ac,g__D4,rank_2,s__D4ac,Root,f__D,g__D4,s__D4ac
s__D4ad,g__D4,rank_2,s__D4ad,Root,f__D,g__D4,s__D4ad
s__D4ag,g__D4,rank_2,s__D4ag,Root,f__D,g__D4,s__D4ag
s__D4ah,g__D4,rank_2,s__D4ah,Root,f__D,g__D4,s__D4ah
s__D4aj,g__D4,rank_2,s__D4aj,Root,f__D,g__D4,s__D4aj
s__D4ak,g__D4,rank_2,s__D4ak,Root,f__D,g__D4,s__D4ak
s__D4am,g__D4,rank_2,s__D4am,Root,f__D,g__D4,s__D4am
s__D4ao,g__D4,rank_2,s__D4ao,Root,f__D,g__D4,s__D4ao
s__D4ap,g__D4,rank_2,s__D4ap,Root,f__D,g__D4,s__D4ap
s__D4as,g__D4,rank_2,s__D4as,Root,f__D,g__D4,s__D4as
s__D4at,g__D4,rank_2,s__D4at,Root,f__D,g__D4,s__D4at
s__D4au,g__D4,rank_2,s__D4au,Root,f__D,g__D4,s__D4au
s__D4av,g__D4,rank_2,s__D4av,Root,f__D,g__D4,s__D4av
s__D4aw,g__D4,rank_2,s__D4aw,Root,f__D,g__D4,s__D4aw
s__D4ax,g__D4,rank_2,s__D4ax,Root,f__D,g__D4,s__D4ax
s__D4ay,g__D4,rank_2,s__D4ay,Root,f__D,g__D4,s__D4ay
s__D4b,g__D4,rank_2,s__D4b,Root,f__D,g__D4,s__D4b
s__D4bb,g__D4,rank_2,s__D4bb,Root,f__D,g__D4,s__D4bb
s__D4bd,g__D4,rank_2,s__D4bd,Root,f__D,g__D4,s__D4bd
s__D4bf,g__D4,rank_2,s__D4bf,Root,f__D,g__D4,s__D4bf
s__D4bg,g__D4,rank_2,s__D4bg,Root,f__D,g__D4,s__D4bg
s__D4bh,g__D4,rank_2,s__D4bh,Root,f__D,g__D4,s__D4bh
s__D4bk,g__D4,rank_2,s__D4bk,Root,f__D,g__D4,s__D4bk
s__D4bl,g__D4,rank_2,s__D4bl,Root,f__D,g__D4,s__D4bl
s__D4bm,g__D4,rank_2,s__D4bm,Root,f__D,g__D4,s__D4bm
s__D4bn,g__D4,rank_2,s__D4bn,Root,f__D,g__D4,s__D4bn
s__D4bo,g__D4,rank_2,s__D4bo,Root,f__D,g__D4,s__D4bo
s__D4bp,g__D4,rank_2,s__D4bp,Root,f__D,g__D4,s__D4bp
s__D4br,g__D4,rank_2,s__D4br,Root,f__D,g__D4,s__D4br
s__D4bs,g__D4,rank_2,s__D4bs,Root,f__D,g__D4,s__D4bs
s__D4bt,g__D4,rank_2,s__D4bt,Root,f__D,g__D4,s__D4bt
s__D4bu,g__D4,rank_2,s__D4bu,Root,f__D,g__D4,s__D4bu
s__D4bw,g__D4,rank_2,s__D4bw,Root,f__D,g__D4,s__D4bw
s__D4bx,g__D4,rank_2,s__D4bx,Root,f__D,g__D4,s__D4bx
s__D4by,g__D4,rank_2,s__D4by,Root,f__D,g__D4,s__D4by
s__D4bz,g__D4,rank_2,s__D4bz,Root,f__D,g__D4,s__D4bz
s__D4c,g__D4,rank_2,s__D4c,Root,f__D,g__D4,s__D4c
s__D4cb,g__D4,rank_2,s__D4cb,Root,f__D,g__D4,s__D4cb
s__D4cc,g__D4,rank_2,s__D4cc,Root,f__D,g__D4,s__D4cc
s__D4cd,g__D4,rank_2,s__D4cd,Root,f__D,g__D4,s__D4cd
s__D4ce,g__D4,rank_2,s__D4ce,Root,f__D,g__D4,s__D4ce
s__D4cf,g__D4,rank_2,s__D4cf,Root,f__D,g__D4,s__D4cf
s__D4cg,g__D4,rank_2,s__D4cg,Root,f__D,g__D4,s__D4cg
s__D4ch,g__D4,rank_2,s__D4ch,Root,f__D,g__D4,s__D4ch
s__D4ci,g__D4,rank_2,s__D4ci,Root,f__D,g__D4,s__D4ci
s__D4cj,g__D4,rank_2,s__D4cj,Root,f__D,g__D4,s__D4cj
s__D4ck,g__D4,rank_2,s__D4ck,Root,f__D,g__D4,s__D4ck
s__D4cl,g__D4,rank_2,s__D4cl,Root,f__D,g__D4,s__D4cl
s__D4cm,g__D4,rank_2,s__D4cm,Root,f__D,g__D4,s__D4cm
s__D4cn,g__D4,rank_2,s__D4cn,Root,f__D,g__D4,s__D4cn
s__D4co,g__D4,rank_2,s__D4co,Root,f__D,g__D4,s__D4co
s__D4e,g__D4,rank_2,s__D4e,Root,f__D,g__D4,s__D4e
s__D4g,g__D4,rank_2,s__D4g,Root,f__D,g__D4,s__D4g
s__D4h,g__D4,rank_2,s__D4h,Root,f__D,g__D4,s__D4h
s__D4i,g__D4,rank_2,s__D4i,Root,f__D,g__D4,s__D4i
s__D4j,g__D4,rank_2,s__D4j,Root,f__D,g__D4,s__D4j
s__D4l,g__D4,rank_2,s__D4l,Root,f__D,g__D4,s__D4l
s__D4m,g__D4,rank_2,s__D4m,Root,f__D,g__D4,s__D4m
s__D4o,g__D4,rank_2,s__D4o,Root,f__D,g__D4,s__D4o
s__D4q,g__D4,rank_2,s__D4q,Root,f__D,g__D4,s__D4q
s__D4u,g__D4,rank_2,s__D4u,Root,f__D,g__D4,s__D4u
s__D4v,g__D4,rank_2,s__D4v,Root,f__D,g__D4,s__D4v
s__D4x,g__D4,rank_2,s__D4x,Root,f__D,g__D4,s__D4x
s__D4y,g__D4,rank_2,s__D4y,Root,f__D,g__D4,s__D4y
g__D5,f__D,rank_1,g__D5,Root,f__D,g__D5,
s__D5aa,g__D5,rank_2,s__D5aa,Root,f__D,g__D5,s__D5aa
s__D5ab,g__D5,rank_2,s__D5ab,Root,f__D,g__D5,s__D5ab
s__D5ac,g__D5,rank_2,s__D5ac,Root,f__D,g__D5,s__D5ac
s__D5ad,g__D5,rank_2,s__D5ad,Root,f__D,g__D5,s__D5ad
s__D5ae,g__D5,rank_2,s__D5ae,Root,f__D,g__D5,s__D5ae
s__D5ag,g__D5,rank_2,s__D5ag,Root,f__D,g__D5,s__D5ag
s__D5ah,g__D5,rank_2,s__D5ah,Root,f__D,g__D5,s__D5ah
s__D5aj,g__D5,rank_2,s__D5aj,Root,f__D,g__D5,s__D5aj
s__D5b,g__D5,rank_2,s__D5b,Root,f__D,g__D5,s__D5b
s__D5c,g__D5,rank_2,s__D5c,Root,f__D,g__D5,s__D5c
s__D5e,g__D5,rank_2,s__D5e,Root,f__D,g__D5,s__D5e
s__D5f,g__D5,rank_2,s__D5f,Root,f__D,g__D5,s__D5f
s__D5g,g__D5,rank_2,s__D5g,Root,f__D,g__D5,s__D5g
s__D5i,g__D5,rank_2,s__D5i,Root,f__D,g__D5,s__D5i
s__D5j,g__D5,rank_2,s__D5j,Root,f__D,g__D5,s__D5j
s__D5k,g__D5,rank_2,s__D5k,Root,f__D,g__D5,s__D5k
s__D5l,g__D5,rank_2,s__D5l,Root,f__D,g__D5,s__D5l
s__D5n,g__D5,rank_2,s__D5n,Root,f__D,g__D5,s__D5n
s__D5o,g__D5,rank_2,s__D5o,Root,f__D,g__D5,s__D5o
s__D5p,g__D5,rank_2,s__D5p,Root,f__D,g__D5,s__D5p
s__D5q,g__D5,rank_2,s__D5q,Root,f__D,g__D5,s__D5q
s__D5r,g__D5,rank_2,s__D5r,Root,f__D,g__D5,s__D5r
s__D5s,g__D5,rank_2,s__D5s,Root,f__D,g__D5,s__D5s
s__D5t,g__D5,rank_2,s__D5t,Root,f__D,g__D5,s__D5t
s__D5u,g__D5,rank_2,s__D5u,Root,f__D,g__D5,s__D5u
s__D5v,g__D5,rank_2,s__D5v,Root,f__D,g__D5,s__D5v
s__D5w,g__D5,rank_2,s__D5w,Root,f__D,g__D5,s__D5w
s__D5x,g__D5,rank_2,s__D5x,Root,f__D,g__D5,s__D5x
s__D5y,g__D5,rank_2,s__D5y,Root,f__D,g__D5,s__D5y
s__D5z,g__D5,rank_2,s__D5z,Root,f__D,g__D5,s__D5z
g__D6,f__D,rank_1,g__D6,Root,f__D,g__D6,
s__D6aa,g__D6,rank_2,s__D6aa,Root,f__D,g__D6,s__D6aa
s__D6ab,g__D6,rank_2,s__D6ab,Root,f__D,g__D6,s__D6ab
s__D6ac,g__D6,rank_2,s__D6ac,Root,f__D,g__D6,s__D6ac
s__D6ad,g__D6,rank_2,s__D6ad,Root,f__D,g__D6,s__D6ad
s__D6ae,g__D6,rank_2,s__D6ae,Root,f__D,g__D6,s__D6ae
s__D6c,g__D6,rank_2,s__D6c,Root,f__D,g__D6,s__D6c
s__D6d,g__D6,rank_2,s__D6d,Root,f__D,g__D6,s__D6d
s__D6e,g__D6,rank_2,s__D6e,Root,f__D,g__D6,s__D6e
s__D6f,g__D6,rank_2,s__D6f,Root,f__D,g__D6,s__D6f
s__D6h,g__D6,rank_2,s__D6h,Root,f__D,g__D6,s__D6h
s__D6i,g__D6,rank_2,s__D6i,Root,f__D,g__D6,s__D6i
s__D6j,g__D6,rank_2,s__D6j,Root,f__D,g__D6,s__D6j
s__D6l,g__D6,rank_2,s__D6l,Root,f__D,g__D6,s__D6l
s__D6m,g__D6,rank_2,s__D6m,Root,f__D,g__D6,s__D6m
s__D6p,g__D6,rank_2,s__D6p,Root,f__D,g__D6,s__D6p
s__D6q,g__D6,rank_2,s__D6q,Root,f__D,g__D6,s__D6q
s__D6r,g__D6,rank_2,s__D6r,Root,f__D,g__D6,s__D6r
s__D6v,g__D6,rank_2,s__D6v,Root,f__D,g__D6,s__D6v
s__D6x,g__D6,rank_2,s__D6x,Root,f__D,g__D6,s__D6x
s__D6y,g__D6,rank_2,s__D6y,Root,f__D,g__D6,s__D6y
g__D7,f__D,rank_1,g__D7,Root,f__D,g__D7,
s__D7,g__D7,rank_2,s__D7,Root,f__D,g__D7,s__D7
s__D7a,g__D7,rank_2,s__D7a,Root,f__D,g__D7,s__D7a
g__D8,f__D,rank_1,g__D8,Root,f__D,g__D8,
s__D8,g__D8,rank_2,s__D8,Root,f__D,g__D8,s__D8
g__D9,f__D,rank_1,g__D9,Root,f__D,g__D9,
s__D9a,g__D9,rank_2,s__D9a,Root,f__D,g__D9,s__D9a
s__D9b,g__D9,rank_2,s__D9b,Root,f__D,g__D9,s__D9b
s__D9c,g__D9,rank_2,s__D9c,Root,f__D,g__D9,s__D9c
s__D9e,g__D9,rank_2,s__D9e,Root,f__D,g__D9,s__D9e
s__D9f,g__D9,rank_2,s__D9f,Root,f__D,g__D9,s__D9f
f__E,Root,rank_0,f__E,Root,f__E,,
g__E1,f__E,rank_1,g__E1,Root,f__E,g__E1,
s__E1,g__E1,rank_2,s__E1,Root,f__E,g__E1,s__E1
s__E1a,g__E1,rank_2,s__E1a,Root,f__E,g__E1,s__E1a
s__E1b,g__E1,rank_2,s__E1b,Root,f__E,g__E1,s__E1b
s__E1c,g__E1,rank_2,s__E1c,Root,f__E,g__E1,s__E1c
s__E1d,g__E1,rank_2,s__E1d,Root,f__E,g__E1,s__E1d
s__E1e,g__E1,rank_2,s__E1e,Root,f__E,g__E1,s__E1e
s__E1f,g__E1,rank_2,s__E1f,Root,f__E,g__E1,s__E1f
s__E1g,g__E1,rank_2,s__E1g,Root,f__E,g__E1,s__E1g
s__E1h,g__E1,rank_2,s__E1h,Root,f__E,g__E1,s__E1h
s__E1i,g__E1,rank_2,s__E1i,Root,f__E,g__E1,s__E1i
f__F,Root,rank_0,f__F,Root,f__F,,
g__F1,f__F,rank_1,g__F1,Root,f__F,g__F1,
s__F1,g__F1,rank_2,s__F1,Root,f__F,g__F1,s__F1
s__F1a,g__F1,rank_2,s__F1a,Root,f__F,g__F1,s__F1a
s__F1b,g__F1,rank_2,s__F1b,Root,f__F,g__F1,s__F1b
s__F1c,g__F1,rank_2,s__F1c,Root,f__F,g__F1,s__F1c
s__F1d,g__F1,rank_2,s__F1d,Root,f__F,g__F1,s__F1d
s__F1e,g__F1,rank_2,s__F1e,Root,f__F,g__F1,s__F1e
g__F2,f__F,rank_1,g__F2,Root,f__F,g__F2,
s__F2,g__F2,rank_2,s__F2,Root,f__F,g__F2,s__F2
s__F2a,g__F2,rank_2,s__F2a,Root,f__F,g__F2,s__F2a
s__F2b,g__F2,rank_2,s__F2b,Root,f__F,g__F2,s__F2b
s__F2c,g__F2,rank_2,s__F2c,Root,f__F,g__F2,s__F2c
s__F2d,g__F2,rank_2,s__F2d,Root,f__F,g__F2,s__F2d
s__F2e,g__F2,rank_2,s__F2e,Root,f__F,g__F2,s__F2e
s__F2f,g__F2,rank_2,s__F2f,Root,f__F,g__F2,s__F2f
s__F2g,g__F2,rank_2,s__F2g,Root,f__F,g__F2,s__F2g
s__F2h,g__F2,rank_2,s__F2h,Root,f__F,g__F2,s__F2h
s__F2i,g__F2,rank_2,s__F2i,Root,f__F,g__F2,s__F2i
s__F2j,g__F2,rank_2,s__F2j,Root,f__F,g__F2,s__F2j
g__F3,f__F,rank_1,g__F3,Root,f__F,g__F3,
s__F3.1,g__F3,rank_2,s__F3.1,Root,f__F,g__F3,s__F3.1
s__F3.1a,g__F3,rank_2,s__F3.1a,Root,f__F,g__F3,s__F3.1a
s__F3.2,g__F3,rank_2,s__F3.2,Root,f__F,g__F3,s__F3.2
s__F3.2a,g__F3,rank_2,s__F3.2a,Root,f__F,g__F3,s__F3.2a
s__F3.3,g__F3,rank_2,s__F3.3,Root,f__F,g__F3,s__F3.3
s__F3.4,g__F3,rank_2,s__F3.4,Root,f__F,g__F3,s__F3.4
s__F3.4a,g__F3,rank_2,s__F3.4a,Root,f__F,g__F3,s__F3.4a
s__F3.4b,g__F3,rank_2,s__F3.4b,Root,f__F,g__F3,s__F3.4b
s__F3a,g__F3,rank_2,s__F3a,Root,f__F,g__F3,s__F3a
s__F3aa,g__F3,rank_2,s__F3aa,Root,f__F,g__F3,s__F3aa
s__F3b,g__F3,rank_2,s__F3b,Root,f__F,g__F3,s__F3b
s__F3c,g__F3,rank_2,s__F3c,Root,f__F,g__F3,s__F3c
s__F3d,g__F3,rank_2,s__F3d,Root,f__F,g__F3,s__F3d
s__F3e,g__F3,rank_2,s__F3e,Root,f__F,g__F3,s__F3e
s__F3h,g__F3,rank_2,s__F3h,Root,f__F,g__F3,s__F3h
s__F3i,g__F3,rank_2,s__F3i,Root,f__F,g__F3,s__F3i
s__F3j,g__F3,rank_2,s__F3j,Root,f__F,g__F3,s__F3j
s__F3k,g__F3,rank_2,s__F3k,Root,f__F,g__F3,s__F3k
s__F3l,g__F3,rank_2,s__F3l,Root,f__F,g__F3,s__F3l
s__F3m,g__F3,rank_2,s__F3m,Root,f__F,g__F3,s__F3m
s__F3n,g__F3,rank_2,s__F3n,Root,f__F,g__F3,s__F3n
s__F3o,g__F3,rank_2,s__F3o,Root,f__F,g__F3,s__F3o
s__F3p,g__F3,rank_2,s__F3p,Root,f__F,g__F3,s__F3p
s__F3q,g__F3,rank_2,s__F3q,Root,f__F,g__F3,s__F3q
s__F3r,g__F3,rank_2,s__F3r,Root,f__F,g__F3,s__F3r
s__F3s,g__F3,rank_2,s__F3s,Root,f__F,g__F3,s__F3s
s__F3t,g__F3,rank_2,s__F3t,Root,f__F,g__F3,s__F3t
s__F3u,g__F3,rank_2,s__F3u,Root,f__F,g__F3,s__F3u
s__F3v,g__F3,rank_2,s__F3v,Root,f__F,g__F3,s__F3v
s__F3x,g__F3,rank_2,s__F3x,Root,f__F,g__F3,s__F3x
s__F3y,g__F3,rank_2,s__F3y,Root,f__F,g__F3,s__F3y
s__F3z,g__F3,rank_2,s__F3z,Root,f__F,g__F3,s__F3z
g__F4,f__F,rank_1,g__F4,Root,f__F,g__F4,
s__F4.1,g__F4,rank_2,s__F4.1,Root,f__F,g__F4,s__F4.1
s__F4.1a,g__F4,rank_2,s__F4.1a,Root,f__F,g__F4,s__F4.1a
s__F4.2,g__F4,rank_2,s__F4.2,Root,f__F,g__F4,s__F4.2
s__F4.2a,g__F4,rank_2,s__F4.2a,Root,f__F,g__F4,s__F4.2a
s__F4.2b,g__F4,rank_2,s__F4.2b,Root,f__F,g__F4,s__F4.2b
s__F4.3,g__F4,rank_2,s__F4.3,Root,f__F,g__F4,s__F4.3
s__F4.3a,g__F4,rank_2,s__F4.3a,Root,f__F,g__F4,s__F4.3a
s__F4.3b,g__F4,rank_2,s__F4.3b,Root,f__F,g__F4,s__F4.3b
s__F4.3c,g__F4,rank_2,s__F4.3c,Root,f__F,g__F4,s__F4.3c
s__F4.4,g__F4,rank_2,s__F4.4,Root,f__F,g__F4,s__F4.4
s__F4.4a,g__F4,rank_2,s__F4.4a,Root,f__F,g__F4,s__F4.4a
s__F4.4b,g__F4,rank_2,s__F4.4b,Root,f__F,g__F4,s__F4.4b
s__F4.5,g__F4,rank_2,s__F4.5,Root,f__F,g__F4,s__F4.5
s__F4.6,g__F4,rank_2,s__F4.6,Root,f__F,g__F4,s__F4.6
s__F4.7,g__F4,rank_2,s__F4.7,Root,f__F,g__F4,s__F4.7
s__F4.8,g__F4,rank_2,s__F4.8,Root,f__F,g__F4,s__F4.8
s__F4.8b,g__F4,rank_2,s__F4.8b,Root,f__F,g__F4,s__F4.8b
s__F4.8c,g__F4,rank_2,s__F4.8c,Root,f__F,g__F4,s__F4.8c
s__F4a,g__F4,rank_2,s__F4a,Root,f__F,g__F4,s__F4a
s__F4b,g__F4,rank_2,s__F4b,Root,f__F,g__F4,s__F4b
s__F4c,g__F4,rank_2,s__F4c,Root,f__F,g__F4,s__F4c
s__F4d,g__F4,rank_2,s__F4d,Root,f__F,g__F4,s__F4d
s__F4e,g__F4,rank_2,s__F4e,Root,f__F,g__F4,s__F4e
s__F4f,g__F4,rank_2,s__F4f,Root,f__F,g__F4,s__F4f
s__F4g,g__F4,rank_2,s__F4g,Root,f__F,g__F4,s__F4g
s__F4h,g__F4,rank_2,s__F4h,Root,f__F,g__F4,s__F4h
s__F4i,g__F4,rank_2,s__F4i,Root,f__F,g__F4,s__F4i
s__F4j,g__F4,rank_2,s__F4j,Root,f__F,g__F4,s__F4j
g__F5,f__F,rank_1,g__F5,Root,f__F,g__F5,
s__F5.1,g__F5,rank_2,s__F5.1,Root,f__F,g__F5,s__F5.1
s__F5.1a/F5u,g__F5,rank_2,s__F5.1a/F5u,Root,f__F,g__F5,s__F5.1a/F5u
s__F5.1b,g__F5,rank_2,s__F5.1b,Root,f__F,g__F5,s__F5.1b
s__F5.1c,g__F5,rank_2,s__F5.1c,Root,f__F,g__F5,s__F5.1c
s__F5.2,g__F5,rank_2,s__F5.2,Root,f__F,g__F5,s__F5.2
s__F5.2b,g__F5,rank_2,s__F5.2b,Root,f__F,g__F5,s__F5.2b
s__F5.2c,g__F5,rank_2,s__F5.2c,Root,f__F,g__F5,s__F5.2c
s__F5.2e,g__F5,rank_2,s__F5.2e,Root,f__F,g__F5,s__F5.2e
s__F5.2f,g__F5,rank_2,s__F5.2f,Root,f__F,g__F5,s__F5.2f
s__F5a,g__F5,rank_2,s__F5a,Root,f__F,g__F5,s__F5a
s__F5aa,g__F5,rank_2,s__F5aa,Root,f__F,g__F5,s__F5aa
s__F5ab,g__F5,rank_2,s__F5ab,Root,f__F,g__F5,s__F5ab
s__F5ac,g__F5,rank_2,s__F5ac,Root,f__F,g__F5,s__F5ac
s__F5ad,g__F5,rank_2,s__F5ad,Root,f__F,g__F5,s__F5ad
s__F5af,g__F5,rank_2,s__F5af,Root,f__F,g__F5,s__F5af
s__F5ag,g__F5,rank_2,s__F5ag,Root,f__F,g__F5,s__F5ag
s__F5ah,g__F5,rank_2,s__F5ah,Root,f__F,g__F5,s__F5ah
s__F5ai,g__F5,rank_2,s__F5ai,Root,f__F,g__F5,s__F5ai
s__F5aj,g__F5,rank_2,s__F5aj,Root,f__F,g__F5,s__F5aj
s__F5ak,g__F5,rank_2,s__F5ak,Root,f__F,g__F5,s__F5ak
s__F5al,g__F5,rank_2,s__F5al,Root,f__F,g__F5,s__F5al
s__F5am,g__F5,rank_2,s__F5am,Root,f__F,g__F5,s__F5am
s__F5an,g__F5,rank_2,s__F5an,Root,f__F,g__F5,s__F5an
s__F5ao,g__F5,rank_2,s__F5ao,Root,f__F,g__F5,s__F5ao
s__F5ap,g__F5,rank_2,s__F5ap,Root,f__F,g__F5,s__F5ap
s__F5ar,g__F5,rank_2,s__F5ar,Root,f__F,g__F5,s__F5ar
s__F5as,g__F5,rank_2,s__F5as,Root,f__F,g__F5,s__F5as
s__F5at,g__F5,rank_2,s__F5at,Root,f__F,g__F5,s__F5at
s__F5au,g__F5,rank_2,s__F5au,Root,f__F,g__F5,s__F5au
s__F5av,g__F5,rank_2,s__F5av,Root,f__F,g__F5,s__F5av
s__F5aw,g__F5,rank_2,s__F5aw,Root,f__F,g__F5,s__F5aw
s__F5ax,g__F5,rank_2,s__F5ax,Root,f__F,g__F5,s__F5ax
s__F5ay,g__F5,rank_2,s__F5ay,Root,f__F,g__F5,s__F5ay
s__F5b,g__F5,rank_2,s__F5b,Root,f__F,g__F5,s__F5b
s__F5c,g__F5,rank_2,s__F5c,Root,f__F,g__F5,s__F5c
s__F5d,g__F5,rank_2,s__F5d,Root,f__F,g__F5,s__F5d
s__F5e,g__F5,rank_2,s__F5e,Root,f__F,g__F5,s__F5e
s__F5f,g__F5,rank_2,s__F5f,Root,f__F,g__F5,s__F5f
s__F5g/F5n,g__F5,rank_2,s__F5g/F5n,Root,f__F,g__F5,s__F5g/F5n
s__F5h,g__F5,rank_2,s__F5h,Root,f__F,g__F5,s__F5h
s__F5i,g__F5,rank_2,s__F5i,Root,f__F,g__F5,s__F5i
s__F5j,g__F5,rank_2,s__F5j,Root,f__F,g__F5,s__F5j
s__F5k,g__F5,rank_2,s__F5k,Root,f__F,g__F5,s__F5k
s__F5l,g__F5,rank_2,s__F5l,Root,f__F,g__F5,s__F5l
s__F5m,g__F5,rank_2,s__F5m,Root,f__F,g__F5,s__F5m
s__F5o,g__F5,rank_2,s__F5o,Root,f__F,g__F5,s__F5o
s__F5p,g__F5,rank_2,s__F5p,Root,f__F,g__F5,s__F5p
s__F5q,g__F5,rank_2,s__F5q,Root,f__F,g__F5,s__F5q
s__F5s,g__F5,rank_2,s__F5s,Root,f__F,g__F5,s__F5s
s__F5v,g__F5,rank_2,s__F5v,Root,f__F,g__F5,s__F5v
s__F5w,g__F5,rank_2,s__F5w,Root,f__F,g__F5,s__F5w
s__F5x,g__F5,rank_2,s__F5x,Root,f__F,g__F5,s__F5x
s__F5y,g__F5,rank_2,s__F5y,Root,f__F,g__F5,s__F5y
f__G,Root,rank_0,f__G,Root,f__G,,
g__G1,f__G,rank_1,g__G1,Root,f__G,g__G1,
s__G1,g__G1,rank_2,s__G1,Root,f__G,g__G1,s__G1
g__G2,f__G,rank_1,g__G2,Root,f__G,g__G2,
s__G2,g__G2,rank_2,s__G2,Root,f__G,g__G2,s__G2
s__G2a,g__G2,rank_2,s__G2a,Root,f__G,g__G2,s__G2a
g__G3,f__G,rank_1,g__G3,Root,f__G,g__G3,
s__G3,g__G3,rank_2,s__G3,Root,f__G,g__G3,s__G3
s__G3aa,g__G3,rank_2,s__G3aa,Root,f__G,g__G3,s__G3aa
s__G3ab,g__G3,rank_2,s__G3ab,Root,f__G,g__G3,s__G3ab
s__G3ac,g__G3,rank_2,s__G3ac,Root,f__G,g__G3,s__G3ac
s__G3ad,g__G3,rank_2,s__G3ad,Root,f__G,g__G3,s__G3ad
s__G3ae,g__G3,rank_2,s__G3ae,Root,f__G,g__G3,s__G3ae
s__G3ag,g__G3,rank_2,s__G3ag,Root,f__G,g__G3,s__G3ag
s__G3ah,g__G3,rank_2,s__G3ah,Root,f__G,g__G3,s__G3ah
s__G3ai,g__G3,rank_2,s__G3ai,Root,f__G,g__G3,s__G3ai
s__G3aj,g__G3,rank_2,s__G3aj,Root,f__G,g__G3,s__G3aj
s__G3al,g__G3,rank_2,s__G3al,Root,f__G,g__G3,s__G3al
s__G3am,g__G3,rank_2,s__G3am,Root,f__G,g__G3,s__G3am
s__G3an,g__G3,rank_2,s__G3an,Root,f__G,g__G3,s__G3an
s__G3ao,g__G3,rank_2,s__G3ao,Root,f__G,g__G3,s__G3ao
s__G3ap,g__G3,rank_2,s__G3ap,Root,f__G,g__G3,s__G3ap
s__G3aq,g__G3,rank_2,s__G3aq,Root,f__G,g__G3,s__G3aq
s__G3ar,g__G3,rank_2,s__G3ar,Root,f__G,g__G3,s__G3ar
s__G3as,g__G3,rank_2,s__G3as,Root,f__G,g__G3,s__G3as
s__G3at,g__G3,rank_2,s__G3at,Root,f__G,g__G3,s__G3at
s__G3au,g__G3,rank_2,s__G3au,Root,f__G,g__G3,s__G3au
s__G3av,g__G3,rank_2,s__G3av,Root,f__G,g__G3,s__G3av
s__G3aw,g__G3,rank_2,s__G3aw,Root,f__G,g__G3,s__G3aw
s__G3ax,g__G3,rank_2,s__G3ax,Root,f__G,g__G3,s__G3ax
s__G3ay,g__G3,rank_2,s__G3ay,Root,f__G,g__G3,s__G3ay
s__G3az,g__G3,rank_2,s__G3az,Root,f__G,g__G3,s__G3az
s__G3b,g__G3,rank_2,s__G3b,Root,f__G,g__G3,s__G3b
s__G3ba,g__G3,rank_2,s__G3ba,Root,f__G,g__G3,s__G3ba
s__G3bc,g__G3,rank_2,s__G3bc,Root,f__G,g__G3,s__G3bc
s__G3bd,g__G3,rank_2,s__G3bd,Root,f__G,g__G3,s__G3bd
s__G3be,g__G3,rank_2,s__G3be,Root,f__G,g__G3,s__G3be
s__G3bg,g__G3,rank_2,s__G3bg,Root,f__G,g__G3,s__G3bg
s__G3bi,g__G3,rank_2,s__G3bi,Root,f__G,g__G3,s__G3bi
s__G3bk,g__G3,rank_2,s__G3bk,Root,f__G,g__G3,s__G3bk
s__G3bl,g__G3,rank_2,s__G3bl,Root,f__G,g__G3,s__G3bl
s__G3bm,g__G3,rank_2,s__G3bm,Root,f__G,g__G3,s__G3bm
s__G3bn,g__G3,rank_2,s__G3bn,Root,f__G,g__G3,s__G3bn
s__G3bo,g__G3,rank_2,s__G3bo,Root,f__G,g__G3,s__G3bo
s__G3bq,g__G3,rank_2,s__G3bq,Root,f__G,g__G3,s__G3bq
s__G3br,g__G3,rank_2,s__G3br,Root,f__G,g__G3,s__G3br
s__G3bs,g__G3,rank_2,s__G3bs,Root,f__G,g__G3,s__G3bs
s__G3bt,g__G3,rank_2,s__G3bt,Root,f__G,g__G3,s__G3bt
s__G3bu,g__G3,rank_2,s__G3bu,Root,f__G,g__G3,s__G3bu
s__G3bv,g__G3,rank_2,s__G3bv,Root,f__G,g__G3,s__G3bv
s__G3bw,g__G3,rank_2,s__G3bw,Root,f__G,g__G3,s__G3bw
s__G3bx,g__G3,rank_2,s__G3bx,Root,f__G,g__G3,s__G3bx
s__G3bz,g__G3,rank_2,s__G3bz,Root,f__G,g__G3,s__G3bz
s__G3c,g__G3,rank_2,s__G3c,Root,f__G,g__G3,s__G3c
s__G3ca,g__G3,rank_2,s__G3ca,Root,f__G,g__G3,s__G3ca
s__G3cc,g__G3,rank_2,s__G3cc,Root,f__G,g__G3,s__G3cc
s__G3cd,g__G3,rank_2,s__G3cd,Root,f__G,g__G3,s__G3cd
s__G3ce,g__G3,rank_2,s__G3ce,Root,f__G,g__G3,s__G3ce
s__G3d,g__G3,rank_2,s__G3d,Root,f__G,g__G3,s__G3d
s__G3e,g__G3,rank_2,s__G3e,Root,f__G,g__G3,s__G3e
s__G3g,g__G3,rank_2,s__G3g,Root,f__G,g__G3,s__G3g
s__G3h,g__G3,rank_2,s__G3h,Root,f__G,g__G3,s__G3h
s__G3j,g__G3,rank_2,s__G3j,Root,f__G,g__G3,s__G3j
s__G3k,g__G3,rank_2,s__G3k,Root,f__G,g__G3,s__G3k
s__G3l,g__G3,rank_2,s__G3l,Root,f__G,g__G3,s__G3l
s__G3m,g__G3,rank_2,s__G3m,Root,f__G,g__G3,s__G3m
s__G3n,g__G3,rank_2,s__G3n,Root,f__G,g__G3,s__G3n
s__G3o,g__G3,rank_2,s__G3o,Root,f__G,g__G3,s__G3o
s__G3p,g__G3,rank_2,s__G3p,Root,f__G,g__G3,s__G3p
s__G3q,g__G3,rank_2,s__G3q,Root,f__G,g__G3,s__G3q
s__G3r,g__G3,rank_2,s__G3r,Root,f__G,g__G3,s__G3r
s__G3s,g__G3,rank_2,s__G3s,Root,f__G,g__G3,s__G3s
s__G3t,g__G3,rank_2,s__G3t,Root,f__G,g__G3,s__G3t
s__G3u,g__G3,rank_2,s__G3u,Root,f__G,g__G3,s__G3u
s__G3v,g__G3,rank_2,s__G3v,Root,f__G,g__G3,s__G3v
s__G3w,g__G3,rank_2,s__G3w,Root,f__G,g__G3,s__G3w
s__G3y,g__G3,rank_2,s__G3y,Root,f__G,g__G3,s__G3y
s__G3z,g__G3,rank_2,s__G3z,Root,f__G,g__G3,s__G3z
g__G4,f__G,rank_1,g__G4,Root,f__G,g__G4,
s__G4,g__G4,rank_2,s__G4,Root,f__G,g__G4,s__G4
s__G4a,g__G4,rank_2,s__G4a,Root,f__G,g__G4,s__G4a
f__H,Root,rank_0,f__H,Root,f__H,,
g__H1,f__H,rank_1,g__H1,Root,f__H,g__H1,
s__H1,g__H1,rank_2,s__H1,Root,f__H,g__H1,s__H1
s__H1a,g__H1,rank_2,s__H1a,Root,f__H,g__H1,s__H1a
g__H2,f__H,rank_1,g__H2,Root,f__H,g__H2,
s__H2,g__H2,rank_2,s__H2,Root,f__H,g__H2,s__H2
s__H2a,g__H2,rank_2,s__H2a,Root,f__H,g__H2,s__H2a
g__H3,f__H,rank_1,g__H3,Root,f__H,g__H3,
s__H3,g__H3,rank_2,s__H3,Root,f__H,g__H3,s__H3
g__H4,f__H,rank_1,g__H4,Root,f__H,g__H4,
s__H4a,g__H4,rank_2,s__H4a,Root,f__H,g__H4,s__H4a
g__H5,f__H,rank_1,g__H5,Root,f__H,g__H5,
s__H5,g__H5,rank_2,s__H5,Root,f__H,g__H5,s__H5
s__H5a,g__H5,rank_2,s__H5a,Root,f__H,g__H5,s__H5a
s__H5b,g__H5,rank_2,s__H5b,Root,f__H,g__H5,s__H5b
f__I,Root,rank_0,f__I,Root,f__I,,
g__I1,f__I,rank_1,g__I1,Root,f__I,g__I1,
s__I1,g__I1,rank_2,s__I1,Root,f__I,g__I1,s__I1
g__I2,f__I,rank_1,g__I2,Root,f__I,g__I2,
s__I2,g__I2,rank_2,s__I2,Root,f__I,g__I2,s__I2
s__I2a,g__I2,rank_2,s__I2a,Root,f__I,g__I2,s__I2a
s__I2b,g__I2,rank_2,s__I2b,Root,f__I,g__I2,s__I2b
s__I2c,g__I2,rank_2,s__I2c,Root,f__I,g__I2,s__I2c
s__I2d,g__I2,rank_2,s__I2d,Root,f__I,g__I2,s__I2d
s__I2e,g__I2,rank_2,s__I2e,Root,f__I,g__I2,s__I2e
s__I2f,g__I2,rank_2,s__I2f,Root,f__I,g__I2,s__I2f
s__I2g,g__I2,rank_2,s__I2g,Root,f__I,g__I2,s__I2g
s__I2h,g__I2,rank_2,s__I2h,Root,f__I,g__I2,s__I2h
s__I2i,g__I2,rank_2,s__I2i,Root,f__I,g__I2,s__I2i
s__I2j,g__I2,rank_2,s__I2j,Root,f__I,g__I2,s__I2j
s__I2k,g__I2,rank_2,s__I2k,Root,f__I,g__I2,s__I2k
s__I2l,g__I2,rank_2,s__I2l,Root,f__I,g__I2,s__I2l
s__I2m,g__I2,rank_2,s__I2m,Root,f__I,g__I2,s__I2m
s__I2n,g__I2,rank_2,s__I2n,Root,f__I,g__I2,s__I2n
g__I3,f__I,rank_1,g__I3,Root,f__I,g__I3,
s__I3,g__I3,rank_2,s__I3,Root,f__I,g__I3,s__I3
g__I4,f__I,rank_1,g__I4,Root,f__I,g__I4,
s__I4,g__I4,rank_2,s__I4,Root,f__I,g__I4,s__I4
s__I4a,g__I4,rank_2,s__I4a,Root,f__I,g__I4,s__I4a
s__I4b,g__I4,rank_2,s__I4b,Root,f__I,g__I4,s__I4b
s__I4c,g__I4,rank_2,s__I4c,Root,f__I,g__I4,s__I4c
s__I4d,g__I4,rank_2,s__I4d,Root,f__I,g__I4,s__I4d
s__I4e,g__I4,rank_2,s__I4e,Root,f__I,g__I4,s__I4e
s__I4f,g__I4,rank_2,s__I4f,Root,f__I,g__I4,s__I4f
s__I4g,g__I4,rank_2,s__I4g,Root,f__I,g__I4,s__I4g
s__I4h,g__I4,rank_2,s__I4h,Root,f__I,g__I4,s__I4h
s__I4j,g__I4,rank_2,s__I4j,Root,f__I,g__I4,s__I4j
